vt_symbol,tq_symbol,bar_datetime,bar_id,open,high,low,close,volume,open_oi,close_oi
au2510.SHFE,SHFE.au2510,2025-08-29 14:59:00,125667,785.12,785.22,785.02,785.12,610.0,136852.0,136691.0
au2510.SHFE,SHFE.au2510,2025-08-29 21:00:00,125668,786.1,786.58,786.08,786.4,1789.0,136691.0,137073.0
au2510.SHFE,SHFE.au2510,2025-08-29 21:01:00,125669,786.4,786.42,786.2,786.3,1115.0,137073.0,137289.0
au2510.SHFE,SHFE.au2510,2025-08-29 21:02:00,125670,786.3,786.38,786.24,786.36,499.0,137289.0,137380.0
au2510.SHFE,SHFE.au2510,2025-08-29 21:03:00,125671,786.36,786.5,786.32,786.42,521.0,137380.0,137491.0
au2510.SHFE,SHFE.au2510,2025-08-29 21:04:00,125672,786.42,786.46,786.3,786.4,490.0,137491.0,137567.0
au2510.SHFE,SHFE.au2510,2025-08-29 21:05:00,125673,786.4,786.4,786.2,786.3,662.0,137567.0,137777.0
au2510.SHFE,SHFE.au2510,2025-08-29 21:06:00,125674,786.3,786.3,785.92,785.92,552.0,137777.0,137778.0
au2510.SHFE,SHFE.au2510,2025-08-29 21:07:00,125675,785.92,786.02,785.88,785.9,549.0,137778.0,137801.0
au2510.SHFE,SHFE.au2510,2025-08-29 21:08:00,125676,785.9,785.94,785.7,785.82,598.0,137801.0,137818.0
au2510.SHFE,SHFE.au2510,2025-08-29 21:09:00,125677,785.82,785.96,785.8,785.92,508.0,137818.0,137936.0
au2510.SHFE,SHFE.au2510,2025-08-29 21:10:00,125678,785.92,786.02,785.8,786.02,429.0,137936.0,138046.0
au2510.SHFE,SHFE.au2510,2025-08-29 21:11:00,125679,786.02,786.28,786.02,786.2,495.0,138046.0,138125.0
au2510.SHFE,SHFE.au2510,2025-08-29 21:12:00,125680,786.2,786.38,786.2,786.38,385.0,138125.0,138168.0
au2510.SHFE,SHFE.au2510,2025-08-29 21:13:00,125681,786.38,786.48,786.24,786.46,627.0,138168.0,138320.0
au2510.SHFE,SHFE.au2510,2025-08-29 21:14:00,125682,786.46,786.46,786.36,786.46,295.0,138320.0,138405.0
au2510.SHFE,SHFE.au2510,2025-08-29 21:15:00,125683,786.46,786.5,786.38,786.38,288.0,138405.0,138455.0
au2510.SHFE,SHFE.au2510,2025-08-29 21:16:00,125684,786.38,786.68,786.38,786.64,519.0,138455.0,138499.0
au2510.SHFE,SHFE.au2510,2025-08-29 21:17:00,125685,786.64,786.78,786.58,786.76,579.0,138499.0,138640.0
au2510.SHFE,SHFE.au2510,2025-08-29 21:18:00,125686,786.76,786.88,786.66,786.74,597.0,138640.0,138738.0
au2510.SHFE,SHFE.au2510,2025-08-29 21:19:00,125687,786.74,786.8,786.52,786.52,634.0,138738.0,138659.0
au2510.SHFE,SHFE.au2510,2025-08-29 21:20:00,125688,786.52,786.68,786.5,786.68,585.0,138659.0,138619.0
au2510.SHFE,SHFE.au2510,2025-08-29 21:21:00,125689,786.68,786.68,786.54,786.6,299.0,138619.0,138653.0
au2510.SHFE,SHFE.au2510,2025-08-29 21:22:00,125690,786.6,786.7,786.52,786.62,342.0,138653.0,138686.0
au2510.SHFE,SHFE.au2510,2025-08-29 21:23:00,125691,786.62,786.62,786.52,786.54,304.0,138686.0,138673.0
au2510.SHFE,SHFE.au2510,2025-08-29 21:24:00,125692,786.54,786.56,786.48,786.5,192.0,138673.0,138698.0
au2510.SHFE,SHFE.au2510,2025-08-29 21:25:00,125693,786.5,786.52,786.32,786.32,429.0,138698.0,138657.0
au2510.SHFE,SHFE.au2510,2025-08-29 21:26:00,125694,786.32,786.36,786.24,786.3,614.0,138657.0,138592.0
au2510.SHFE,SHFE.au2510,2025-08-29 21:27:00,125695,786.3,786.5,786.28,786.5,303.0,138592.0,138540.0
au2510.SHFE,SHFE.au2510,2025-08-29 21:28:00,125696,786.5,786.58,786.44,786.48,275.0,138540.0,138541.0
au2510.SHFE,SHFE.au2510,2025-08-29 21:29:00,125697,786.48,786.52,786.38,786.42,235.0,138541.0,138532.0
au2510.SHFE,SHFE.au2510,2025-08-29 21:30:00,125698,786.42,786.64,786.42,786.62,359.0,138532.0,138505.0
au2510.SHFE,SHFE.au2510,2025-08-29 21:31:00,125699,786.62,786.74,786.58,786.68,519.0,138505.0,138518.0
au2510.SHFE,SHFE.au2510,2025-08-29 21:32:00,125700,786.68,786.72,786.64,786.68,233.0,138518.0,138514.0
au2510.SHFE,SHFE.au2510,2025-08-29 21:33:00,125701,786.68,786.92,786.68,786.86,458.0,138514.0,138501.0
au2510.SHFE,SHFE.au2510,2025-08-29 21:34:00,125702,786.86,787.04,786.86,787.02,594.0,138501.0,138513.0
au2510.SHFE,SHFE.au2510,2025-08-29 21:35:00,125703,787.02,787.2,786.98,787.18,521.0,138513.0,138577.0
au2510.SHFE,SHFE.au2510,2025-08-29 21:36:00,125704,787.18,787.3,787.12,787.16,587.0,138577.0,138682.0
au2510.SHFE,SHFE.au2510,2025-08-29 21:37:00,125705,787.16,787.16,787.02,787.14,567.0,138682.0,138766.0
au2510.SHFE,SHFE.au2510,2025-08-29 21:38:00,125706,787.14,787.44,787.06,787.3,847.0,138766.0,138942.0
au2510.SHFE,SHFE.au2510,2025-08-29 21:39:00,125707,787.3,787.44,787.22,787.44,469.0,138942.0,138986.0
au2510.SHFE,SHFE.au2510,2025-08-29 21:40:00,125708,787.44,787.56,787.42,787.56,622.0,138986.0,139094.0
au2510.SHFE,SHFE.au2510,2025-08-29 21:41:00,125709,787.56,787.74,787.5,787.56,719.0,139094.0,139303.0
au2510.SHFE,SHFE.au2510,2025-08-29 21:42:00,125710,787.56,787.88,787.56,787.78,775.0,139303.0,139482.0
au2510.SHFE,SHFE.au2510,2025-08-29 21:43:00,125711,787.78,787.88,787.72,787.74,486.0,139482.0,139636.0
au2510.SHFE,SHFE.au2510,2025-08-29 21:44:00,125712,787.74,787.74,787.56,787.64,658.0,139636.0,139702.0
au2510.SHFE,SHFE.au2510,2025-08-29 21:45:00,125713,787.64,787.74,787.52,787.56,684.0,139702.0,139767.0
au2510.SHFE,SHFE.au2510,2025-08-29 21:46:00,125714,787.56,787.88,787.52,787.86,689.0,139767.0,139761.0
au2510.SHFE,SHFE.au2510,2025-08-29 21:47:00,125715,787.86,787.96,787.8,787.82,486.0,139761.0,139751.0
au2510.SHFE,SHFE.au2510,2025-08-29 21:48:00,125716,787.82,787.92,787.82,787.84,631.0,139751.0,139808.0
au2510.SHFE,SHFE.au2510,2025-08-29 21:49:00,125717,787.84,787.9,787.72,787.84,548.0,139808.0,139919.0
au2510.SHFE,SHFE.au2510,2025-08-29 21:50:00,125718,787.84,788.14,787.84,788.12,758.0,139919.0,139958.0
au2510.SHFE,SHFE.au2510,2025-08-29 21:51:00,125719,788.12,788.24,787.96,788.22,868.0,139958.0,139999.0
au2510.SHFE,SHFE.au2510,2025-08-29 21:52:00,125720,788.22,788.24,788.06,788.18,495.0,139999.0,140070.0
au2510.SHFE,SHFE.au2510,2025-08-29 21:53:00,125721,788.18,788.2,788.02,788.16,317.0,140070.0,140074.0
au2510.SHFE,SHFE.au2510,2025-08-29 21:54:00,125722,788.16,788.2,788.08,788.12,326.0,140074.0,140124.0
au2510.SHFE,SHFE.au2510,2025-08-29 21:55:00,125723,788.12,788.28,788.12,788.24,542.0,140124.0,140110.0
au2510.SHFE,SHFE.au2510,2025-08-29 21:56:00,125724,788.24,788.24,787.96,788.02,638.0,140110.0,140173.0
au2510.SHFE,SHFE.au2510,2025-08-29 21:57:00,125725,788.02,788.24,787.98,788.14,535.0,140173.0,140216.0
au2510.SHFE,SHFE.au2510,2025-08-29 21:58:00,125726,788.14,788.3,788.1,788.28,400.0,140216.0,140226.0
au2510.SHFE,SHFE.au2510,2025-08-29 21:59:00,125727,788.28,788.54,788.28,788.46,838.0,140226.0,140437.0
au2510.SHFE,SHFE.au2510,2025-08-29 22:00:00,125728,788.46,789.1,788.46,789.02,2353.0,140437.0,140810.0
au2510.SHFE,SHFE.au2510,2025-08-29 22:01:00,125729,789.02,789.22,788.98,789.1,1391.0,140810.0,140949.0
au2510.SHFE,SHFE.au2510,2025-08-29 22:02:00,125730,789.1,789.24,789.06,789.14,759.0,140949.0,141032.0
au2510.SHFE,SHFE.au2510,2025-08-29 22:03:00,125731,789.14,789.18,788.96,789.06,828.0,141032.0,141047.0
au2510.SHFE,SHFE.au2510,2025-08-29 22:04:00,125732,789.06,789.12,788.86,789.1,1008.0,141047.0,141121.0
au2510.SHFE,SHFE.au2510,2025-08-29 22:05:00,125733,789.1,789.48,789.1,789.14,1460.0,141121.0,141208.0
au2510.SHFE,SHFE.au2510,2025-08-29 22:06:00,125734,789.14,789.2,788.92,788.92,928.0,141208.0,141341.0
au2510.SHFE,SHFE.au2510,2025-08-29 22:07:00,125735,788.92,789.26,788.7,789.2,974.0,141341.0,141348.0
au2510.SHFE,SHFE.au2510,2025-08-29 22:08:00,125736,789.2,789.3,788.98,789.16,798.0,141348.0,141364.0
au2510.SHFE,SHFE.au2510,2025-08-29 22:09:00,125737,789.16,789.56,789.16,789.44,951.0,141364.0,141429.0
au2510.SHFE,SHFE.au2510,2025-08-29 22:10:00,125738,789.44,789.8,789.44,789.6,1187.0,141429.0,141750.0
au2510.SHFE,SHFE.au2510,2025-08-29 22:11:00,125739,789.6,789.8,789.52,789.68,847.0,141750.0,141886.0
au2510.SHFE,SHFE.au2510,2025-08-29 22:12:00,125740,789.68,789.84,789.6,789.8,613.0,141886.0,142012.0
au2510.SHFE,SHFE.au2510,2025-08-29 22:13:00,125741,789.8,790.2,789.76,790.16,1084.0,142012.0,142208.0
au2510.SHFE,SHFE.au2510,2025-08-29 22:14:00,125742,790.16,790.4,790.0,790.0,1434.0,142208.0,142558.0
au2510.SHFE,SHFE.au2510,2025-08-29 22:15:00,125743,790.0,790.14,789.76,790.08,1024.0,142558.0,142682.0
au2510.SHFE,SHFE.au2510,2025-08-29 22:16:00,125744,790.08,790.22,790.04,790.1,664.0,142682.0,142716.0
au2510.SHFE,SHFE.au2510,2025-08-29 22:17:00,125745,790.1,790.1,789.84,789.96,537.0,142716.0,142771.0
au2510.SHFE,SHFE.au2510,2025-08-29 22:18:00,125746,789.96,790.0,789.5,789.58,1085.0,142771.0,142693.0
au2510.SHFE,SHFE.au2510,2025-08-29 22:19:00,125747,789.58,789.62,789.42,789.56,1052.0,142693.0,142657.0
au2510.SHFE,SHFE.au2510,2025-08-29 22:20:00,125748,789.56,789.92,789.54,789.7,923.0,142657.0,142768.0
au2510.SHFE,SHFE.au2510,2025-08-29 22:21:00,125749,789.7,789.8,789.5,789.72,684.0,142768.0,142707.0
au2510.SHFE,SHFE.au2510,2025-08-29 22:22:00,125750,789.72,789.76,789.56,789.6,554.0,142707.0,142771.0
au2510.SHFE,SHFE.au2510,2025-08-29 22:23:00,125751,789.6,789.76,789.54,789.56,613.0,142771.0,142778.0
au2510.SHFE,SHFE.au2510,2025-08-29 22:24:00,125752,789.56,789.72,789.54,789.66,432.0,142778.0,142848.0
au2510.SHFE,SHFE.au2510,2025-08-29 22:25:00,125753,789.66,789.8,789.66,789.78,328.0,142848.0,142878.0
au2510.SHFE,SHFE.au2510,2025-08-29 22:26:00,125754,789.78,789.86,789.66,789.8,439.0,142878.0,142937.0
au2510.SHFE,SHFE.au2510,2025-08-29 22:27:00,125755,789.8,789.92,789.74,789.86,356.0,142937.0,142975.0
au2510.SHFE,SHFE.au2510,2025-08-29 22:28:00,125756,789.86,790.1,789.86,790.02,569.0,142975.0,143023.0
au2510.SHFE,SHFE.au2510,2025-08-29 22:29:00,125757,790.02,790.04,789.68,789.88,661.0,143023.0,143102.0
au2510.SHFE,SHFE.au2510,2025-08-29 22:30:00,125758,789.88,790.2,789.88,790.2,729.0,143102.0,143116.0
au2510.SHFE,SHFE.au2510,2025-08-29 22:31:00,125759,790.2,790.26,790.08,790.2,1004.0,143116.0,143101.0
au2510.SHFE,SHFE.au2510,2025-08-29 22:32:00,125760,790.2,790.32,790.1,790.24,727.0,143101.0,143103.0
au2510.SHFE,SHFE.au2510,2025-08-29 22:33:00,125761,790.24,790.3,790.02,790.06,551.0,143103.0,143206.0
au2510.SHFE,SHFE.au2510,2025-08-29 22:34:00,125762,790.06,790.14,789.98,790.02,507.0,143206.0,143248.0
au2510.SHFE,SHFE.au2510,2025-08-29 22:35:00,125763,790.02,790.22,789.94,790.1,509.0,143248.0,143242.0
au2510.SHFE,SHFE.au2510,2025-08-29 22:36:00,125764,790.1,790.26,790.08,790.2,369.0,143242.0,143315.0
au2510.SHFE,SHFE.au2510,2025-08-29 22:37:00,125765,790.2,790.28,790.12,790.16,462.0,143315.0,143336.0
au2510.SHFE,SHFE.au2510,2025-08-29 22:38:00,125766,790.16,790.46,790.1,790.42,681.0,143336.0,143367.0
au2510.SHFE,SHFE.au2510,2025-08-29 22:39:00,125767,790.42,790.5,790.12,790.18,826.0,143367.0,143316.0
au2510.SHFE,SHFE.au2510,2025-08-29 22:40:00,125768,790.18,790.2,790.04,790.18,625.0,143316.0,143386.0
au2510.SHFE,SHFE.au2510,2025-08-29 22:41:00,125769,790.18,790.24,790.04,790.08,237.0,143386.0,143417.0
au2510.SHFE,SHFE.au2510,2025-08-29 22:42:00,125770,790.08,790.2,790.02,790.12,351.0,143417.0,143463.0
au2510.SHFE,SHFE.au2510,2025-08-29 22:43:00,125771,790.12,790.28,789.98,790.08,672.0,143463.0,143510.0
au2510.SHFE,SHFE.au2510,2025-08-29 22:44:00,125772,790.08,790.08,789.66,789.68,758.0,143510.0,143514.0
au2510.SHFE,SHFE.au2510,2025-08-29 22:45:00,125773,789.68,789.7,789.3,789.42,1391.0,143514.0,143301.0
au2510.SHFE,SHFE.au2510,2025-08-29 22:46:00,125774,789.42,789.66,789.4,789.58,932.0,143301.0,143243.0
au2510.SHFE,SHFE.au2510,2025-08-29 22:47:00,125775,789.58,789.64,789.48,789.64,355.0,143243.0,143216.0
au2510.SHFE,SHFE.au2510,2025-08-29 22:48:00,125776,789.64,789.78,789.62,789.76,431.0,143216.0,143205.0
au2510.SHFE,SHFE.au2510,2025-08-29 22:49:00,125777,789.76,789.98,789.74,789.92,620.0,143205.0,143318.0
au2510.SHFE,SHFE.au2510,2025-08-29 22:50:00,125778,789.92,790.06,789.86,790.04,602.0,143318.0,143315.0
au2510.SHFE,SHFE.au2510,2025-08-29 22:51:00,125779,790.04,790.16,789.98,789.98,469.0,143315.0,143297.0
au2510.SHFE,SHFE.au2510,2025-08-29 22:52:00,125780,789.98,790.02,789.7,789.84,593.0,143297.0,143278.0
au2510.SHFE,SHFE.au2510,2025-08-29 22:53:00,125781,789.84,790.0,789.82,789.9,264.0,143278.0,143298.0
au2510.SHFE,SHFE.au2510,2025-08-29 22:54:00,125782,789.9,789.96,789.76,789.9,318.0,143298.0,143298.0
au2510.SHFE,SHFE.au2510,2025-08-29 22:55:00,125783,789.9,790.1,789.86,790.04,450.0,143298.0,143357.0
au2510.SHFE,SHFE.au2510,2025-08-29 22:56:00,125784,790.04,790.06,789.88,789.96,493.0,143357.0,143365.0
au2510.SHFE,SHFE.au2510,2025-08-29 22:57:00,125785,789.96,790.08,789.8,790.04,420.0,143365.0,143367.0
au2510.SHFE,SHFE.au2510,2025-08-29 22:58:00,125786,790.04,790.28,790.0,790.2,587.0,143367.0,143368.0
au2510.SHFE,SHFE.au2510,2025-08-29 22:59:00,125787,790.2,790.46,790.2,790.46,814.0,143368.0,143491.0
au2510.SHFE,SHFE.au2510,2025-08-29 23:00:00,125788,790.46,790.58,790.3,790.56,1220.0,143491.0,143641.0
au2510.SHFE,SHFE.au2510,2025-08-29 23:01:00,125789,790.56,790.6,790.32,790.38,585.0,143641.0,143620.0
au2510.SHFE,SHFE.au2510,2025-08-29 23:02:00,125790,790.38,790.46,790.3,790.44,332.0,143620.0,143678.0
au2510.SHFE,SHFE.au2510,2025-08-29 23:03:00,125791,790.44,790.54,790.3,790.3,370.0,143678.0,143762.0
au2510.SHFE,SHFE.au2510,2025-08-29 23:04:00,125792,790.3,790.42,790.24,790.38,423.0,143762.0,143754.0
au2510.SHFE,SHFE.au2510,2025-08-29 23:05:00,125793,790.38,790.54,790.36,790.54,469.0,143754.0,143780.0
au2510.SHFE,SHFE.au2510,2025-08-29 23:06:00,125794,790.54,790.56,790.32,790.52,398.0,143780.0,143821.0
au2510.SHFE,SHFE.au2510,2025-08-29 23:07:00,125795,790.52,790.54,790.36,790.36,232.0,143821.0,143852.0
au2510.SHFE,SHFE.au2510,2025-08-29 23:08:00,125796,790.36,790.4,790.2,790.3,439.0,143852.0,143761.0
au2510.SHFE,SHFE.au2510,2025-08-29 23:09:00,125797,790.3,790.46,790.3,790.42,208.0,143761.0,143752.0
au2510.SHFE,SHFE.au2510,2025-08-29 23:10:00,125798,790.42,790.5,790.38,790.44,274.0,143752.0,143811.0
au2510.SHFE,SHFE.au2510,2025-08-29 23:11:00,125799,790.44,790.44,790.34,790.4,179.0,143811.0,143832.0
au2510.SHFE,SHFE.au2510,2025-08-29 23:12:00,125800,790.4,790.56,790.4,790.56,332.0,143832.0,143869.0
au2510.SHFE,SHFE.au2510,2025-08-29 23:13:00,125801,790.56,790.78,790.56,790.78,508.0,143869.0,143798.0
au2510.SHFE,SHFE.au2510,2025-08-29 23:14:00,125802,790.78,791.02,790.78,790.96,599.0,143798.0,143831.0
au2510.SHFE,SHFE.au2510,2025-08-29 23:15:00,125803,790.96,791.3,790.96,791.26,832.0,143831.0,143901.0
au2510.SHFE,SHFE.au2510,2025-08-29 23:16:00,125804,791.26,791.48,791.2,791.36,818.0,143901.0,144208.0
au2510.SHFE,SHFE.au2510,2025-08-29 23:17:00,125805,791.36,791.5,791.34,791.48,687.0,144208.0,144294.0
au2510.SHFE,SHFE.au2510,2025-08-29 23:18:00,125806,791.48,791.58,791.3,791.48,571.0,144294.0,144362.0
au2510.SHFE,SHFE.au2510,2025-08-29 23:19:00,125807,791.48,791.54,791.42,791.46,468.0,144362.0,144410.0
au2510.SHFE,SHFE.au2510,2025-08-29 23:20:00,125808,791.46,791.7,791.46,791.56,508.0,144410.0,144456.0
au2510.SHFE,SHFE.au2510,2025-08-29 23:21:00,125809,791.56,791.62,791.48,791.6,254.0,144456.0,144490.0
au2510.SHFE,SHFE.au2510,2025-08-29 23:22:00,125810,791.6,791.8,791.58,791.7,598.0,144490.0,144542.0
au2510.SHFE,SHFE.au2510,2025-08-29 23:23:00,125811,791.7,791.7,791.44,791.54,372.0,144542.0,144547.0
au2510.SHFE,SHFE.au2510,2025-08-29 23:24:00,125812,791.54,791.64,791.52,791.6,355.0,144547.0,144487.0
au2510.SHFE,SHFE.au2510,2025-08-29 23:25:00,125813,791.6,791.62,791.4,791.46,321.0,144487.0,144503.0
au2510.SHFE,SHFE.au2510,2025-08-29 23:26:00,125814,791.46,791.46,791.24,791.3,758.0,144503.0,144505.0
au2510.SHFE,SHFE.au2510,2025-08-29 23:27:00,125815,791.3,791.48,791.24,791.44,454.0,144505.0,144390.0
au2510.SHFE,SHFE.au2510,2025-08-29 23:28:00,125816,791.44,791.52,791.4,791.44,291.0,144390.0,144448.0
au2510.SHFE,SHFE.au2510,2025-08-29 23:29:00,125817,791.44,791.52,791.44,791.46,198.0,144448.0,144495.0
au2510.SHFE,SHFE.au2510,2025-08-29 23:30:00,125818,791.46,791.68,791.46,791.64,341.0,144495.0,144504.0
au2510.SHFE,SHFE.au2510,2025-08-29 23:31:00,125819,791.64,791.78,791.62,791.68,431.0,144504.0,144486.0
au2510.SHFE,SHFE.au2510,2025-08-29 23:32:00,125820,791.68,791.68,791.54,791.6,277.0,144486.0,144538.0
au2510.SHFE,SHFE.au2510,2025-08-29 23:33:00,125821,791.6,791.6,791.46,791.48,258.0,144538.0,144532.0
au2510.SHFE,SHFE.au2510,2025-08-29 23:34:00,125822,791.48,791.62,791.46,791.54,199.0,144532.0,144541.0
au2510.SHFE,SHFE.au2510,2025-08-29 23:35:00,125823,791.54,791.72,791.54,791.7,220.0,144541.0,144589.0
au2510.SHFE,SHFE.au2510,2025-08-29 23:36:00,125824,791.7,791.7,791.58,791.58,191.0,144589.0,144573.0
au2510.SHFE,SHFE.au2510,2025-08-29 23:37:00,125825,791.58,791.64,791.52,791.56,158.0,144573.0,144586.0
au2510.SHFE,SHFE.au2510,2025-08-29 23:38:00,125826,791.56,791.66,791.54,791.64,146.0,144586.0,144600.0
au2510.SHFE,SHFE.au2510,2025-08-29 23:39:00,125827,791.64,791.72,791.62,791.72,257.0,144600.0,144630.0
au2510.SHFE,SHFE.au2510,2025-08-29 23:40:00,125828,791.72,791.74,791.6,791.64,178.0,144630.0,144656.0
au2510.SHFE,SHFE.au2510,2025-08-29 23:41:00,125829,791.64,791.7,791.58,791.62,190.0,144656.0,144665.0
au2510.SHFE,SHFE.au2510,2025-08-29 23:42:00,125830,791.62,791.74,791.62,791.72,237.0,144665.0,144729.0
au2510.SHFE,SHFE.au2510,2025-08-29 23:43:00,125831,791.72,792.12,791.72,792.04,962.0,144729.0,144711.0
au2510.SHFE,SHFE.au2510,2025-08-29 23:44:00,125832,792.04,792.04,791.9,791.94,459.0,144711.0,144725.0
au2510.SHFE,SHFE.au2510,2025-08-29 23:45:00,125833,791.94,791.94,791.82,791.88,447.0,144725.0,144777.0
au2510.SHFE,SHFE.au2510,2025-08-29 23:46:00,125834,791.88,791.98,791.84,791.9,286.0,144777.0,144840.0
au2510.SHFE,SHFE.au2510,2025-08-29 23:47:00,125835,791.9,791.92,791.78,791.86,296.0,144840.0,144858.0
au2510.SHFE,SHFE.au2510,2025-08-29 23:48:00,125836,791.86,791.9,791.78,791.82,261.0,144858.0,144894.0
au2510.SHFE,SHFE.au2510,2025-08-29 23:49:00,125837,791.82,791.86,791.72,791.78,241.0,144894.0,144947.0
au2510.SHFE,SHFE.au2510,2025-08-29 23:50:00,125838,791.78,792.04,791.76,791.92,436.0,144947.0,144976.0
au2510.SHFE,SHFE.au2510,2025-08-29 23:51:00,125839,791.92,791.98,791.84,791.94,197.0,144976.0,144993.0
au2510.SHFE,SHFE.au2510,2025-08-29 23:52:00,125840,791.94,792.04,791.92,792.0,352.0,144993.0,145031.0
au2510.SHFE,SHFE.au2510,2025-08-29 23:53:00,125841,792.0,792.04,791.9,791.9,454.0,145031.0,145157.0
au2510.SHFE,SHFE.au2510,2025-08-29 23:54:00,125842,791.9,791.98,791.76,791.82,410.0,145157.0,145183.0
au2510.SHFE,SHFE.au2510,2025-08-29 23:55:00,125843,791.82,791.88,791.52,791.64,519.0,145183.0,145178.0
au2510.SHFE,SHFE.au2510,2025-08-29 23:56:00,125844,791.64,791.76,791.58,791.58,212.0,145178.0,145152.0
au2510.SHFE,SHFE.au2510,2025-08-29 23:57:00,125845,791.58,791.88,791.56,791.88,301.0,145152.0,145147.0
au2510.SHFE,SHFE.au2510,2025-08-29 23:58:00,125846,791.88,791.92,791.74,791.74,350.0,145147.0,145177.0
au2510.SHFE,SHFE.au2510,2025-08-29 23:59:00,125847,791.74,791.78,791.5,791.54,368.0,145177.0,145300.0
au2510.SHFE,SHFE.au2510,2025-08-30 00:00:00,125848,791.54,791.7,791.48,791.68,355.0,145300.0,145269.0
au2510.SHFE,SHFE.au2510,2025-08-30 00:01:00,125849,791.68,791.9,791.66,791.86,419.0,145269.0,145260.0
au2510.SHFE,SHFE.au2510,2025-08-30 00:02:00,125850,791.86,791.86,791.68,791.7,364.0,145260.0,145243.0
au2510.SHFE,SHFE.au2510,2025-08-30 00:03:00,125851,791.7,791.7,791.34,791.38,536.0,145243.0,145276.0
au2510.SHFE,SHFE.au2510,2025-08-30 00:04:00,125852,791.38,791.66,791.38,791.62,334.0,145276.0,145256.0
au2510.SHFE,SHFE.au2510,2025-08-30 00:05:00,125853,791.62,791.64,791.52,791.54,251.0,145256.0,145288.0
au2510.SHFE,SHFE.au2510,2025-08-30 00:06:00,125854,791.54,791.9,791.54,791.8,443.0,145288.0,145269.0
au2510.SHFE,SHFE.au2510,2025-08-30 00:07:00,125855,791.8,791.82,791.7,791.8,225.0,145269.0,145308.0
au2510.SHFE,SHFE.au2510,2025-08-30 00:08:00,125856,791.8,791.94,791.76,791.76,404.0,145308.0,145346.0
au2510.SHFE,SHFE.au2510,2025-08-30 00:09:00,125857,791.76,791.78,791.56,791.64,218.0,145346.0,145319.0
au2510.SHFE,SHFE.au2510,2025-08-30 00:10:00,125858,791.64,791.7,791.5,791.64,375.0,145319.0,145332.0
au2510.SHFE,SHFE.au2510,2025-08-30 00:11:00,125859,791.64,791.64,791.52,791.56,110.0,145332.0,145334.0
au2510.SHFE,SHFE.au2510,2025-08-30 00:12:00,125860,791.56,791.56,791.42,791.5,275.0,145334.0,145338.0
au2510.SHFE,SHFE.au2510,2025-08-30 00:13:00,125861,791.5,791.56,791.46,791.5,122.0,145338.0,145340.0
au2510.SHFE,SHFE.au2510,2025-08-30 00:14:00,125862,791.5,791.5,791.18,791.24,339.0,145340.0,145327.0
au2510.SHFE,SHFE.au2510,2025-08-30 00:15:00,125863,791.24,791.24,790.94,791.12,806.0,145327.0,145092.0
au2510.SHFE,SHFE.au2510,2025-08-30 00:16:00,125864,791.12,791.32,791.08,791.16,544.0,145092.0,145129.0
au2510.SHFE,SHFE.au2510,2025-08-30 00:17:00,125865,791.16,791.34,791.0,791.0,394.0,145129.0,145237.0
au2510.SHFE,SHFE.au2510,2025-08-30 00:18:00,125866,791.0,791.18,790.98,791.08,347.0,145237.0,145180.0
au2510.SHFE,SHFE.au2510,2025-08-30 00:19:00,125867,791.08,791.08,790.76,790.9,463.0,145180.0,145097.0
au2510.SHFE,SHFE.au2510,2025-08-30 00:20:00,125868,790.9,791.22,790.84,791.18,399.0,145097.0,145067.0
au2510.SHFE,SHFE.au2510,2025-08-30 00:21:00,125869,791.18,791.26,791.12,791.14,327.0,145067.0,145058.0
au2510.SHFE,SHFE.au2510,2025-08-30 00:22:00,125870,791.14,791.46,791.14,791.42,352.0,145058.0,145076.0
au2510.SHFE,SHFE.au2510,2025-08-30 00:23:00,125871,791.42,791.48,791.34,791.44,215.0,145076.0,145110.0
au2510.SHFE,SHFE.au2510,2025-08-30 00:24:00,125872,791.44,791.5,791.36,791.42,268.0,145110.0,145109.0
au2510.SHFE,SHFE.au2510,2025-08-30 00:25:00,125873,791.42,791.48,791.34,791.44,193.0,145109.0,145110.0
au2510.SHFE,SHFE.au2510,2025-08-30 00:26:00,125874,791.44,791.54,791.44,791.52,190.0,145110.0,145090.0
au2510.SHFE,SHFE.au2510,2025-08-30 00:27:00,125875,791.52,791.52,791.36,791.42,162.0,145090.0,145095.0
au2510.SHFE,SHFE.au2510,2025-08-30 00:28:00,125876,791.42,791.46,791.36,791.4,93.0,145095.0,145086.0
au2510.SHFE,SHFE.au2510,2025-08-30 00:29:00,125877,791.4,791.46,791.36,791.4,148.0,145086.0,145087.0
au2510.SHFE,SHFE.au2510,2025-08-30 00:30:00,125878,791.4,791.66,791.38,791.66,262.0,145087.0,145075.0
au2510.SHFE,SHFE.au2510,2025-08-30 00:31:00,125879,791.66,791.66,791.54,791.6,143.0,145075.0,145098.0
au2510.SHFE,SHFE.au2510,2025-08-30 00:32:00,125880,791.6,791.76,791.6,791.64,240.0,145098.0,145104.0
au2510.SHFE,SHFE.au2510,2025-08-30 00:33:00,125881,791.64,791.68,791.58,791.68,91.0,145104.0,145109.0
au2510.SHFE,SHFE.au2510,2025-08-30 00:34:00,125882,791.68,791.8,791.62,791.8,140.0,145109.0,145109.0
au2510.SHFE,SHFE.au2510,2025-08-30 00:35:00,125883,791.8,791.82,791.74,791.76,193.0,145109.0,145144.0
au2510.SHFE,SHFE.au2510,2025-08-30 00:36:00,125884,791.76,791.82,791.66,791.7,146.0,145144.0,145144.0
au2510.SHFE,SHFE.au2510,2025-08-30 00:37:00,125885,791.7,791.82,791.7,791.82,124.0,145144.0,145158.0
au2510.SHFE,SHFE.au2510,2025-08-30 00:38:00,125886,791.82,791.9,791.78,791.86,136.0,145158.0,145151.0
au2510.SHFE,SHFE.au2510,2025-08-30 00:39:00,125887,791.86,791.88,791.7,791.74,139.0,145151.0,145173.0
au2510.SHFE,SHFE.au2510,2025-08-30 00:40:00,125888,791.74,791.82,791.64,791.7,127.0,145173.0,145146.0
au2510.SHFE,SHFE.au2510,2025-08-30 00:41:00,125889,791.7,791.74,791.6,791.66,141.0,145146.0,145160.0
au2510.SHFE,SHFE.au2510,2025-08-30 00:42:00,125890,791.66,791.82,791.64,791.8,119.0,145160.0,145167.0
au2510.SHFE,SHFE.au2510,2025-08-30 00:43:00,125891,791.8,791.9,791.78,791.9,85.0,145167.0,145168.0
au2510.SHFE,SHFE.au2510,2025-08-30 00:44:00,125892,791.9,791.94,791.86,791.86,159.0,145168.0,145162.0
au2510.SHFE,SHFE.au2510,2025-08-30 00:45:00,125893,791.86,791.9,791.82,791.86,138.0,145162.0,145154.0
au2510.SHFE,SHFE.au2510,2025-08-30 00:46:00,125894,791.86,791.88,791.74,791.78,120.0,145154.0,145165.0
au2510.SHFE,SHFE.au2510,2025-08-30 00:47:00,125895,791.78,791.92,791.78,791.88,148.0,145165.0,145124.0
au2510.SHFE,SHFE.au2510,2025-08-30 00:48:00,125896,791.88,791.96,791.84,791.84,196.0,145124.0,145133.0
au2510.SHFE,SHFE.au2510,2025-08-30 00:49:00,125897,791.84,791.9,791.76,791.8,114.0,145133.0,145148.0
au2510.SHFE,SHFE.au2510,2025-08-30 00:50:00,125898,791.8,792.0,791.8,791.96,204.0,145148.0,145140.0
au2510.SHFE,SHFE.au2510,2025-08-30 00:51:00,125899,791.96,792.08,791.92,792.06,179.0,145140.0,145115.0
au2510.SHFE,SHFE.au2510,2025-08-30 00:52:00,125900,792.06,792.08,791.88,791.92,118.0,145115.0,145129.0
au2510.SHFE,SHFE.au2510,2025-08-30 00:53:00,125901,791.92,791.94,791.84,791.88,130.0,145129.0,145124.0
au2510.SHFE,SHFE.au2510,2025-08-30 00:54:00,125902,791.88,791.96,791.88,791.9,118.0,145124.0,145119.0
au2510.SHFE,SHFE.au2510,2025-08-30 00:55:00,125903,791.9,792.06,791.9,792.02,218.0,145119.0,145163.0
au2510.SHFE,SHFE.au2510,2025-08-30 00:56:00,125904,792.02,792.2,791.98,792.1,317.0,145163.0,145154.0
au2510.SHFE,SHFE.au2510,2025-08-30 00:57:00,125905,792.1,792.14,792.0,792.14,159.0,145154.0,145127.0
au2510.SHFE,SHFE.au2510,2025-08-30 00:58:00,125906,792.14,792.28,792.12,792.18,435.0,145127.0,145129.0
au2510.SHFE,SHFE.au2510,2025-08-30 00:59:00,125907,792.18,792.22,792.12,792.14,217.0,145129.0,145211.0
au2510.SHFE,SHFE.au2510,2025-08-30 01:00:00,125908,792.14,792.18,792.0,792.06,252.0,145211.0,145303.0
au2510.SHFE,SHFE.au2510,2025-08-30 01:01:00,125909,792.06,792.1,792.0,792.1,158.0,145303.0,145355.0
au2510.SHFE,SHFE.au2510,2025-08-30 01:02:00,125910,792.1,792.4,792.1,792.34,476.0,145355.0,145446.0
au2510.SHFE,SHFE.au2510,2025-08-30 01:03:00,125911,792.34,792.34,792.2,792.26,185.0,145446.0,145483.0
au2510.SHFE,SHFE.au2510,2025-08-30 01:04:00,125912,792.26,792.34,792.18,792.18,203.0,145483.0,145528.0
au2510.SHFE,SHFE.au2510,2025-08-30 01:05:00,125913,792.18,792.2,792.08,792.12,148.0,145528.0,145580.0
au2510.SHFE,SHFE.au2510,2025-08-30 01:06:00,125914,792.12,792.32,792.06,792.26,214.0,145580.0,145629.0
au2510.SHFE,SHFE.au2510,2025-08-30 01:07:00,125915,792.26,792.28,792.2,792.22,80.0,145629.0,145648.0
au2510.SHFE,SHFE.au2510,2025-08-30 01:08:00,125916,792.22,792.22,792.04,792.08,187.0,145648.0,145647.0
au2510.SHFE,SHFE.au2510,2025-08-30 01:09:00,125917,792.08,792.14,791.98,792.0,183.0,145647.0,145648.0
au2510.SHFE,SHFE.au2510,2025-08-30 01:10:00,125918,792.0,792.02,791.96,791.98,122.0,145648.0,145648.0
au2510.SHFE,SHFE.au2510,2025-08-30 01:11:00,125919,791.98,792.1,791.9,792.1,213.0,145648.0,145633.0
au2510.SHFE,SHFE.au2510,2025-08-30 01:12:00,125920,792.1,792.1,792.0,792.0,147.0,145633.0,145649.0
au2510.SHFE,SHFE.au2510,2025-08-30 01:13:00,125921,792.0,792.0,791.9,791.9,97.0,145649.0,145660.0
au2510.SHFE,SHFE.au2510,2025-08-30 01:14:00,125922,791.9,791.94,791.8,791.8,147.0,145660.0,145665.0
au2510.SHFE,SHFE.au2510,2025-08-30 01:15:00,125923,791.8,791.98,791.76,791.92,139.0,145665.0,145660.0
au2510.SHFE,SHFE.au2510,2025-08-30 01:16:00,125924,791.92,791.96,791.84,791.94,72.0,145660.0,145663.0
au2510.SHFE,SHFE.au2510,2025-08-30 01:17:00,125925,791.94,792.04,791.9,791.9,139.0,145663.0,145640.0
au2510.SHFE,SHFE.au2510,2025-08-30 01:18:00,125926,791.9,792.18,791.9,792.12,247.0,145640.0,145619.0
au2510.SHFE,SHFE.au2510,2025-08-30 01:19:00,125927,792.12,792.22,792.1,792.14,245.0,145619.0,145704.0
au2510.SHFE,SHFE.au2510,2025-08-30 01:20:00,125928,792.14,792.2,791.94,792.12,322.0,145704.0,145776.0
au2510.SHFE,SHFE.au2510,2025-08-30 01:21:00,125929,792.12,792.2,792.1,792.12,196.0,145776.0,145825.0
au2510.SHFE,SHFE.au2510,2025-08-30 01:22:00,125930,792.12,792.18,792.06,792.1,174.0,145825.0,145884.0
au2510.SHFE,SHFE.au2510,2025-08-30 01:23:00,125931,792.1,792.12,792.0,792.06,115.0,145884.0,145884.0
au2510.SHFE,SHFE.au2510,2025-08-30 01:24:00,125932,792.06,792.06,791.98,792.0,98.0,145884.0,145883.0
au2510.SHFE,SHFE.au2510,2025-08-30 01:25:00,125933,792.0,792.04,791.96,791.96,69.0,145883.0,145886.0
au2510.SHFE,SHFE.au2510,2025-08-30 01:26:00,125934,791.96,792.1,791.96,792.1,45.0,145886.0,145888.0
au2510.SHFE,SHFE.au2510,2025-08-30 01:27:00,125935,792.1,792.1,792.0,792.06,57.0,145888.0,145876.0
au2510.SHFE,SHFE.au2510,2025-08-30 01:28:00,125936,792.06,792.12,792.02,792.04,131.0,145876.0,145888.0
au2510.SHFE,SHFE.au2510,2025-08-30 01:29:00,125937,792.04,792.04,791.9,791.94,157.0,145888.0,145896.0
au2510.SHFE,SHFE.au2510,2025-08-30 01:30:00,125938,791.94,792.02,791.9,791.96,111.0,145896.0,145873.0
au2510.SHFE,SHFE.au2510,2025-08-30 01:31:00,125939,791.96,792.0,791.94,791.94,47.0,145873.0,145874.0
au2510.SHFE,SHFE.au2510,2025-08-30 01:32:00,125940,791.94,791.96,791.86,791.88,90.0,145874.0,145885.0
au2510.SHFE,SHFE.au2510,2025-08-30 01:33:00,125941,791.88,791.92,791.82,791.84,58.0,145885.0,145876.0
au2510.SHFE,SHFE.au2510,2025-08-30 01:34:00,125942,791.84,791.86,791.76,791.8,90.0,145876.0,145869.0
au2510.SHFE,SHFE.au2510,2025-08-30 01:35:00,125943,791.8,791.82,791.7,791.82,104.0,145869.0,145862.0
au2510.SHFE,SHFE.au2510,2025-08-30 01:36:00,125944,791.82,791.86,791.72,791.72,122.0,145862.0,145850.0
au2510.SHFE,SHFE.au2510,2025-08-30 01:37:00,125945,791.72,791.76,791.68,791.68,72.0,145850.0,145835.0
au2510.SHFE,SHFE.au2510,2025-08-30 01:38:00,125946,791.68,791.74,791.68,791.68,34.0,145835.0,145832.0
au2510.SHFE,SHFE.au2510,2025-08-30 01:39:00,125947,791.68,791.68,791.6,791.62,97.0,145832.0,145823.0
au2510.SHFE,SHFE.au2510,2025-08-30 01:40:00,125948,791.62,791.64,791.26,791.34,731.0,145823.0,145685.0
au2510.SHFE,SHFE.au2510,2025-08-30 01:41:00,125949,791.34,791.38,791.3,791.32,281.0,145685.0,145612.0
au2510.SHFE,SHFE.au2510,2025-08-30 01:42:00,125950,791.32,791.38,791.24,791.34,120.0,145612.0,145595.0
au2510.SHFE,SHFE.au2510,2025-08-30 01:43:00,125951,791.34,791.54,791.34,791.4,290.0,145595.0,145564.0
au2510.SHFE,SHFE.au2510,2025-08-30 01:44:00,125952,791.4,791.46,791.34,791.4,134.0,145564.0,145593.0
au2510.SHFE,SHFE.au2510,2025-08-30 01:45:00,125953,791.4,791.44,791.32,791.34,210.0,145593.0,145543.0
au2510.SHFE,SHFE.au2510,2025-08-30 01:46:00,125954,791.34,791.36,791.28,791.32,117.0,145543.0,145523.0
au2510.SHFE,SHFE.au2510,2025-08-30 01:47:00,125955,791.32,791.44,791.26,791.38,186.0,145523.0,145522.0
au2510.SHFE,SHFE.au2510,2025-08-30 01:48:00,125956,791.38,791.38,791.22,791.22,209.0,145522.0,145513.0
au2510.SHFE,SHFE.au2510,2025-08-30 01:49:00,125957,791.22,791.24,790.86,790.86,545.0,145513.0,145456.0
au2510.SHFE,SHFE.au2510,2025-08-30 01:50:00,125958,790.86,791.12,790.86,791.1,220.0,145456.0,145407.0
au2510.SHFE,SHFE.au2510,2025-08-30 01:51:00,125959,791.1,791.16,791.04,791.1,140.0,145407.0,145424.0
au2510.SHFE,SHFE.au2510,2025-08-30 01:52:00,125960,791.1,791.12,791.04,791.06,99.0,145424.0,145399.0
au2510.SHFE,SHFE.au2510,2025-08-30 01:53:00,125961,791.06,791.3,791.06,791.24,173.0,145399.0,145344.0
au2510.SHFE,SHFE.au2510,2025-08-30 01:54:00,125962,791.24,791.34,791.2,791.34,217.0,145344.0,145357.0
au2510.SHFE,SHFE.au2510,2025-08-30 01:55:00,125963,791.34,791.5,791.34,791.46,206.0,145357.0,145318.0
au2510.SHFE,SHFE.au2510,2025-08-30 01:56:00,125964,791.46,791.48,791.38,791.44,93.0,145318.0,145308.0
au2510.SHFE,SHFE.au2510,2025-08-30 01:57:00,125965,791.44,791.44,791.26,791.26,141.0,145308.0,145317.0
au2510.SHFE,SHFE.au2510,2025-08-30 01:58:00,125966,791.26,791.42,791.26,791.36,65.0,145317.0,145293.0
au2510.SHFE,SHFE.au2510,2025-08-30 01:59:00,125967,791.36,791.4,791.32,791.36,110.0,145293.0,145263.0
au2510.SHFE,SHFE.au2510,2025-08-30 02:00:00,125968,791.36,791.42,791.28,791.32,118.0,145263.0,145233.0
au2510.SHFE,SHFE.au2510,2025-08-30 02:01:00,125969,791.32,791.38,791.22,791.22,112.0,145233.0,145240.0
au2510.SHFE,SHFE.au2510,2025-08-30 02:02:00,125970,791.22,791.28,791.14,791.2,127.0,145240.0,145216.0
au2510.SHFE,SHFE.au2510,2025-08-30 02:03:00,125971,791.2,791.2,790.94,790.96,220.0,145216.0,145195.0
au2510.SHFE,SHFE.au2510,2025-08-30 02:04:00,125972,790.96,791.12,790.96,790.96,164.0,145195.0,145145.0
au2510.SHFE,SHFE.au2510,2025-08-30 02:05:00,125973,790.96,791.08,790.86,791.04,181.0,145145.0,145103.0
au2510.SHFE,SHFE.au2510,2025-08-30 02:06:00,125974,791.04,791.14,791.0,791.02,122.0,145103.0,145125.0
au2510.SHFE,SHFE.au2510,2025-08-30 02:07:00,125975,791.02,791.04,790.96,791.0,47.0,145125.0,145119.0
au2510.SHFE,SHFE.au2510,2025-08-30 02:08:00,125976,791.0,791.08,790.96,790.98,88.0,145119.0,145083.0
au2510.SHFE,SHFE.au2510,2025-08-30 02:09:00,125977,790.98,791.04,790.92,790.96,129.0,145083.0,145028.0
au2510.SHFE,SHFE.au2510,2025-08-30 02:10:00,125978,790.96,791.0,790.68,790.68,403.0,145028.0,144962.0
au2510.SHFE,SHFE.au2510,2025-08-30 02:11:00,125979,790.68,790.8,790.64,790.72,118.0,144962.0,144944.0
au2510.SHFE,SHFE.au2510,2025-08-30 02:12:00,125980,790.72,790.98,790.68,790.96,171.0,144944.0,144941.0
au2510.SHFE,SHFE.au2510,2025-08-30 02:13:00,125981,790.96,790.96,790.82,790.88,105.0,144941.0,144944.0
au2510.SHFE,SHFE.au2510,2025-08-30 02:14:00,125982,790.88,791.0,790.86,791.0,82.0,144944.0,144954.0
au2510.SHFE,SHFE.au2510,2025-08-30 02:15:00,125983,791.0,791.22,790.96,791.16,244.0,144954.0,144932.0
au2510.SHFE,SHFE.au2510,2025-08-30 02:16:00,125984,791.16,791.18,791.1,791.14,95.0,144932.0,144962.0
au2510.SHFE,SHFE.au2510,2025-08-30 02:17:00,125985,791.14,791.18,791.06,791.06,102.0,144962.0,144977.0
au2510.SHFE,SHFE.au2510,2025-08-30 02:18:00,125986,791.06,791.16,791.04,791.04,53.0,144977.0,144977.0
au2510.SHFE,SHFE.au2510,2025-08-30 02:19:00,125987,791.04,791.12,790.94,791.12,120.0,144977.0,144964.0
au2510.SHFE,SHFE.au2510,2025-08-30 02:20:00,125988,791.12,791.12,791.02,791.06,103.0,144964.0,144988.0
au2510.SHFE,SHFE.au2510,2025-08-30 02:21:00,125989,791.06,791.08,790.98,791.06,128.0,144988.0,144987.0
au2510.SHFE,SHFE.au2510,2025-08-30 02:22:00,125990,791.06,791.06,790.98,791.06,53.0,144987.0,144972.0
au2510.SHFE,SHFE.au2510,2025-08-30 02:23:00,125991,791.06,791.08,791.04,791.04,50.0,144972.0,144975.0
au2510.SHFE,SHFE.au2510,2025-08-30 02:24:00,125992,791.04,791.24,791.04,791.16,219.0,144975.0,145006.0
au2510.SHFE,SHFE.au2510,2025-08-30 02:25:00,125993,791.16,791.34,791.14,791.3,200.0,145006.0,144984.0
au2510.SHFE,SHFE.au2510,2025-08-30 02:26:00,125994,791.3,791.34,791.28,791.34,101.0,144984.0,144962.0
au2510.SHFE,SHFE.au2510,2025-08-30 02:27:00,125995,791.34,791.66,791.32,791.44,245.0,144962.0,144930.0
au2510.SHFE,SHFE.au2510,2025-08-30 02:28:00,125996,791.44,791.52,791.44,791.46,141.0,144930.0,144913.0
au2510.SHFE,SHFE.au2510,2025-08-30 02:29:00,125997,791.46,791.46,791.22,791.28,513.0,144913.0,144734.0
au2510.SHFE,SHFE.au2510,2025-09-01 09:00:00,125998,791.28,791.74,791.12,791.7,1423.0,144734.0,144663.0
au2510.SHFE,SHFE.au2510,2025-09-01 09:01:00,125999,791.7,791.94,791.6,791.8,1150.0,144663.0,144597.0
au2510.SHFE,SHFE.au2510,2025-09-01 09:02:00,126000,791.8,792.08,791.7,791.7,1303.0,144597.0,144601.0
au2510.SHFE,SHFE.au2510,2025-09-01 09:03:00,126001,791.7,791.86,791.5,791.66,683.0,144601.0,144425.0
au2510.SHFE,SHFE.au2510,2025-09-01 09:04:00,126002,791.66,791.74,791.36,791.46,609.0,144425.0,144417.0
au2510.SHFE,SHFE.au2510,2025-09-01 09:05:00,126003,791.46,791.66,791.42,791.44,545.0,144417.0,144558.0
au2510.SHFE,SHFE.au2510,2025-09-01 09:06:00,126004,791.44,791.62,791.42,791.46,370.0,144558.0,144562.0
au2510.SHFE,SHFE.au2510,2025-09-01 09:07:00,126005,791.46,791.48,791.22,791.28,628.0,144562.0,144532.0
au2510.SHFE,SHFE.au2510,2025-09-01 09:08:00,126006,791.28,791.36,791.1,791.1,685.0,144532.0,144434.0
au2510.SHFE,SHFE.au2510,2025-09-01 09:09:00,126007,791.1,791.28,791.02,791.18,589.0,144434.0,144330.0
au2510.SHFE,SHFE.au2510,2025-09-01 09:10:00,126008,791.18,791.3,791.0,791.14,472.0,144330.0,144277.0
au2510.SHFE,SHFE.au2510,2025-09-01 09:11:00,126009,791.14,791.14,790.88,790.94,409.0,144277.0,144284.0
au2510.SHFE,SHFE.au2510,2025-09-01 09:12:00,126010,790.94,790.96,790.8,790.88,331.0,144284.0,144300.0
au2510.SHFE,SHFE.au2510,2025-09-01 09:13:00,126011,790.88,790.9,790.76,790.8,388.0,144300.0,144261.0
au2510.SHFE,SHFE.au2510,2025-09-01 09:14:00,126012,790.8,790.9,790.72,790.86,386.0,144261.0,144257.0
au2510.SHFE,SHFE.au2510,2025-09-01 09:15:00,126013,790.86,791.12,790.86,791.02,448.0,144257.0,144310.0
au2510.SHFE,SHFE.au2510,2025-09-01 09:16:00,126014,791.02,791.1,790.92,791.06,281.0,144310.0,144338.0
au2510.SHFE,SHFE.au2510,2025-09-01 09:17:00,126015,791.06,791.28,791.04,791.28,281.0,144338.0,144312.0
au2510.SHFE,SHFE.au2510,2025-09-01 09:18:00,126016,791.28,791.28,791.08,791.12,210.0,144312.0,144327.0
au2510.SHFE,SHFE.au2510,2025-09-01 09:19:00,126017,791.12,791.26,791.08,791.24,234.0,144327.0,144312.0
au2510.SHFE,SHFE.au2510,2025-09-01 09:20:00,126018,791.24,791.26,791.12,791.12,263.0,144312.0,144324.0
au2510.SHFE,SHFE.au2510,2025-09-01 09:21:00,126019,791.12,791.26,791.08,791.16,501.0,144324.0,144277.0
au2510.SHFE,SHFE.au2510,2025-09-01 09:22:00,126020,791.16,791.2,791.08,791.16,119.0,144277.0,144263.0
au2510.SHFE,SHFE.au2510,2025-09-01 09:23:00,126021,791.16,791.2,791.08,791.08,160.0,144263.0,144245.0
au2510.SHFE,SHFE.au2510,2025-09-01 09:24:00,126022,791.08,791.16,791.0,791.14,213.0,144245.0,144228.0
au2510.SHFE,SHFE.au2510,2025-09-01 09:25:00,126023,791.14,791.14,790.82,790.88,327.0,144228.0,144224.0
au2510.SHFE,SHFE.au2510,2025-09-01 09:26:00,126024,790.88,791.0,790.76,790.82,268.0,144224.0,144209.0
au2510.SHFE,SHFE.au2510,2025-09-01 09:27:00,126025,790.82,790.96,790.74,790.82,215.0,144209.0,144181.0
au2510.SHFE,SHFE.au2510,2025-09-01 09:28:00,126026,790.82,791.0,790.82,790.96,190.0,144181.0,144188.0
au2510.SHFE,SHFE.au2510,2025-09-01 09:29:00,126027,790.96,791.2,790.94,791.16,248.0,144188.0,144141.0
au2510.SHFE,SHFE.au2510,2025-09-01 09:30:00,126028,791.16,791.36,791.02,791.3,422.0,144141.0,144122.0
au2510.SHFE,SHFE.au2510,2025-09-01 09:31:00,126029,791.3,791.4,791.24,791.36,337.0,144122.0,144107.0
au2510.SHFE,SHFE.au2510,2025-09-01 09:32:00,126030,791.36,791.5,791.36,791.5,265.0,144107.0,144129.0
au2510.SHFE,SHFE.au2510,2025-09-01 09:33:00,126031,791.5,791.6,791.46,791.52,448.0,144129.0,144082.0
au2510.SHFE,SHFE.au2510,2025-09-01 09:34:00,126032,791.52,791.72,791.48,791.58,453.0,144082.0,144120.0
au2510.SHFE,SHFE.au2510,2025-09-01 09:35:00,126033,791.58,791.64,791.48,791.52,251.0,144120.0,144125.0
au2510.SHFE,SHFE.au2510,2025-09-01 09:36:00,126034,791.52,791.52,791.38,791.42,346.0,144125.0,144121.0
au2510.SHFE,SHFE.au2510,2025-09-01 09:37:00,126035,791.42,791.54,791.4,791.48,208.0,144121.0,144124.0
au2510.SHFE,SHFE.au2510,2025-09-01 09:38:00,126036,791.48,791.5,791.38,791.46,141.0,144124.0,144122.0
au2510.SHFE,SHFE.au2510,2025-09-01 09:39:00,126037,791.46,791.66,791.46,791.66,198.0,144122.0,144124.0
au2510.SHFE,SHFE.au2510,2025-09-01 09:40:00,126038,791.66,791.78,791.62,791.74,342.0,144124.0,144086.0
au2510.SHFE,SHFE.au2510,2025-09-01 09:41:00,126039,791.74,792.04,791.74,792.02,518.0,144086.0,144095.0
au2510.SHFE,SHFE.au2510,2025-09-01 09:42:00,126040,792.02,792.5,792.0,792.34,658.0,144095.0,144055.0
au2510.SHFE,SHFE.au2510,2025-09-01 09:43:00,126041,792.34,792.86,792.3,792.72,920.0,144055.0,144136.0
au2510.SHFE,SHFE.au2510,2025-09-01 09:44:00,126042,792.72,792.92,792.72,792.92,564.0,144136.0,144096.0
au2510.SHFE,SHFE.au2510,2025-09-01 09:45:00,126043,792.92,793.44,792.72,793.36,1186.0,144096.0,144077.0
au2510.SHFE,SHFE.au2510,2025-09-01 09:46:00,126044,793.36,793.56,793.1,793.42,1056.0,144077.0,144068.0
au2510.SHFE,SHFE.au2510,2025-09-01 09:47:00,126045,793.42,793.66,793.3,793.42,973.0,144068.0,144174.0
au2510.SHFE,SHFE.au2510,2025-09-01 09:48:00,126046,793.42,793.56,793.08,793.22,831.0,144174.0,144280.0
au2510.SHFE,SHFE.au2510,2025-09-01 09:49:00,126047,793.22,793.22,792.86,792.94,500.0,144280.0,144232.0
au2510.SHFE,SHFE.au2510,2025-09-01 09:50:00,126048,792.94,793.6,792.92,793.6,746.0,144232.0,144266.0
au2510.SHFE,SHFE.au2510,2025-09-01 09:51:00,126049,793.6,793.6,793.4,793.46,478.0,144266.0,144342.0
au2510.SHFE,SHFE.au2510,2025-09-01 09:52:00,126050,793.46,793.5,793.22,793.44,407.0,144342.0,144398.0
au2510.SHFE,SHFE.au2510,2025-09-01 09:53:00,126051,793.44,793.6,793.3,793.42,382.0,144398.0,144415.0
au2510.SHFE,SHFE.au2510,2025-09-01 09:54:00,126052,793.42,793.5,793.32,793.42,427.0,144415.0,144351.0
au2510.SHFE,SHFE.au2510,2025-09-01 09:55:00,126053,793.42,793.88,793.36,793.84,678.0,144351.0,144319.0
au2510.SHFE,SHFE.au2510,2025-09-01 09:56:00,126054,793.84,793.84,793.52,793.6,625.0,144319.0,144361.0
au2510.SHFE,SHFE.au2510,2025-09-01 09:57:00,126055,793.6,794.3,793.46,794.08,1042.0,144361.0,144337.0
au2510.SHFE,SHFE.au2510,2025-09-01 09:58:00,126056,794.08,795.14,794.08,795.14,2347.0,144337.0,144543.0
au2510.SHFE,SHFE.au2510,2025-09-01 09:59:00,126057,795.14,795.92,795.02,795.14,1876.0,144543.0,144616.0
au2510.SHFE,SHFE.au2510,2025-09-01 10:00:00,126058,795.14,795.38,794.6,795.14,1880.0,144616.0,144711.0
au2510.SHFE,SHFE.au2510,2025-09-01 10:01:00,126059,795.14,795.68,795.0,795.36,1337.0,144711.0,144764.0
au2510.SHFE,SHFE.au2510,2025-09-01 10:02:00,126060,795.36,795.6,795.2,795.22,911.0,144764.0,144926.0
au2510.SHFE,SHFE.au2510,2025-09-01 10:03:00,126061,795.22,795.56,795.18,795.5,605.0,144926.0,144924.0
au2510.SHFE,SHFE.au2510,2025-09-01 10:04:00,126062,795.5,795.68,795.14,795.6,687.0,144924.0,144852.0
au2510.SHFE,SHFE.au2510,2025-09-01 10:05:00,126063,795.6,796.06,795.58,795.92,1765.0,144852.0,144985.0
au2510.SHFE,SHFE.au2510,2025-09-01 10:06:00,126064,795.92,796.2,795.74,796.08,1252.0,144985.0,145116.0
au2510.SHFE,SHFE.au2510,2025-09-01 10:07:00,126065,796.08,797.72,796.04,797.6,2365.0,145116.0,145151.0
au2510.SHFE,SHFE.au2510,2025-09-01 10:08:00,126066,797.6,798.4,797.12,798.26,2540.0,145151.0,145447.0
au2510.SHFE,SHFE.au2510,2025-09-01 10:09:00,126067,798.26,798.58,797.32,797.34,2344.0,145447.0,145542.0
au2510.SHFE,SHFE.au2510,2025-09-01 10:10:00,126068,797.34,797.58,796.26,796.52,2112.0,145542.0,145182.0
au2510.SHFE,SHFE.au2510,2025-09-01 10:11:00,126069,796.52,796.66,795.74,795.8,1652.0,145182.0,145111.0
au2510.SHFE,SHFE.au2510,2025-09-01 10:12:00,126070,795.8,795.96,795.48,795.88,1777.0,145111.0,144952.0
au2510.SHFE,SHFE.au2510,2025-09-01 10:13:00,126071,795.88,795.98,795.66,795.82,1209.0,144952.0,144946.0
au2510.SHFE,SHFE.au2510,2025-09-01 10:14:00,126072,795.82,795.94,795.6,795.68,1239.0,144946.0,144763.0
au2510.SHFE,SHFE.au2510,2025-09-01 10:30:00,126073,796.98,797.94,796.58,797.76,2881.0,144763.0,144835.0
au2510.SHFE,SHFE.au2510,2025-09-01 10:31:00,126074,797.76,797.98,797.06,797.16,1656.0,144835.0,144972.0
au2510.SHFE,SHFE.au2510,2025-09-01 10:32:00,126075,797.16,797.48,797.06,797.48,1199.0,144972.0,145197.0
au2510.SHFE,SHFE.au2510,2025-09-01 10:33:00,126076,797.48,798.08,797.48,797.92,1392.0,145197.0,145302.0
au2510.SHFE,SHFE.au2510,2025-09-01 10:34:00,126077,797.92,798.26,797.66,798.26,1097.0,145302.0,145147.0
au2510.SHFE,SHFE.au2510,2025-09-01 10:35:00,126078,798.26,798.64,798.0,798.44,1886.0,145147.0,144988.0
au2510.SHFE,SHFE.au2510,2025-09-01 10:36:00,126079,798.44,799.26,798.24,798.52,1843.0,144988.0,144837.0
au2510.SHFE,SHFE.au2510,2025-09-01 10:37:00,126080,798.52,800.42,798.34,798.72,2504.0,144837.0,144726.0
au2510.SHFE,SHFE.au2510,2025-09-01 10:38:00,126081,798.72,799.18,798.72,798.76,1175.0,144726.0,144636.0
au2510.SHFE,SHFE.au2510,2025-09-01 10:39:00,126082,798.76,800.0,798.36,799.14,2590.0,144636.0,144406.0
au2510.SHFE,SHFE.au2510,2025-09-01 10:40:00,126083,799.14,800.0,799.04,799.38,2569.0,144406.0,144234.0
au2510.SHFE,SHFE.au2510,2025-09-01 10:41:00,126084,799.38,800.02,799.2,799.78,3332.0,144234.0,143836.0
au2510.SHFE,SHFE.au2510,2025-09-01 10:42:00,126085,799.78,799.98,799.58,799.9,1726.0,143836.0,143714.0
au2510.SHFE,SHFE.au2510,2025-09-01 10:43:00,126086,799.9,800.82,799.86,800.16,1881.0,143714.0,143907.0
au2510.SHFE,SHFE.au2510,2025-09-01 10:44:00,126087,800.16,800.36,800.02,800.34,1685.0,143907.0,143869.0
au2510.SHFE,SHFE.au2510,2025-09-01 10:45:00,126088,800.34,800.42,800.08,800.12,1542.0,143869.0,143958.0
au2510.SHFE,SHFE.au2510,2025-09-01 10:46:00,126089,800.12,800.28,799.8,800.04,1515.0,143958.0,143467.0
au2510.SHFE,SHFE.au2510,2025-09-01 10:47:00,126090,800.04,801.04,800.0,800.74,2609.0,143467.0,143084.0
au2510.SHFE,SHFE.au2510,2025-09-01 10:48:00,126091,800.74,801.24,800.58,801.14,2355.0,143084.0,142768.0
au2510.SHFE,SHFE.au2510,2025-09-01 10:49:00,126092,801.14,801.2,800.32,800.46,2765.0,142768.0,142538.0
au2510.SHFE,SHFE.au2510,2025-09-01 10:50:00,126093,800.46,800.8,799.9,800.56,2676.0,142538.0,142187.0
au2510.SHFE,SHFE.au2510,2025-09-01 10:51:00,126094,800.56,800.8,800.14,800.48,2835.0,142187.0,142059.0
au2510.SHFE,SHFE.au2510,2025-09-01 10:52:00,126095,800.48,800.7,800.22,800.28,1491.0,142059.0,142121.0
au2510.SHFE,SHFE.au2510,2025-09-01 10:53:00,126096,800.28,800.48,800.02,800.3,902.0,142121.0,142017.0
au2510.SHFE,SHFE.au2510,2025-09-01 10:54:00,126097,800.3,800.42,799.98,799.98,731.0,142017.0,142036.0
au2510.SHFE,SHFE.au2510,2025-09-01 10:55:00,126098,799.98,800.84,799.9,800.68,2424.0,142036.0,141407.0
au2510.SHFE,SHFE.au2510,2025-09-01 10:56:00,126099,800.68,800.98,800.56,800.9,1317.0,141407.0,141158.0
au2510.SHFE,SHFE.au2510,2025-09-01 10:57:00,126100,800.9,801.86,800.9,801.82,2615.0,141158.0,140743.0
au2510.SHFE,SHFE.au2510,2025-09-01 10:58:00,126101,801.82,802.34,801.6,801.92,2030.0,140743.0,140811.0
au2510.SHFE,SHFE.au2510,2025-09-01 10:59:00,126102,801.92,802.18,801.74,801.94,1056.0,140811.0,140776.0
au2510.SHFE,SHFE.au2510,2025-09-01 11:00:00,126103,801.94,802.38,801.9,802.22,1015.0,140776.0,140818.0
au2510.SHFE,SHFE.au2510,2025-09-01 11:01:00,126104,802.22,802.32,802.14,802.28,967.0,140818.0,140869.0
au2510.SHFE,SHFE.au2510,2025-09-01 11:02:00,126105,802.28,802.32,801.34,801.34,1102.0,140869.0,140911.0
au2510.SHFE,SHFE.au2510,2025-09-01 11:03:00,126106,801.34,801.34,800.06,800.06,2861.0,140911.0,141082.0
au2510.SHFE,SHFE.au2510,2025-09-01 11:04:00,126107,800.06,800.3,799.64,799.64,2113.0,141082.0,141373.0
au2510.SHFE,SHFE.au2510,2025-09-01 11:05:00,126108,799.64,799.94,799.2,799.42,1924.0,141373.0,141650.0
au2510.SHFE,SHFE.au2510,2025-09-01 11:06:00,126109,799.42,800.0,799.24,799.84,955.0,141650.0,141705.0
au2510.SHFE,SHFE.au2510,2025-09-01 11:07:00,126110,799.84,800.26,799.82,800.26,990.0,141705.0,141887.0
au2510.SHFE,SHFE.au2510,2025-09-01 11:08:00,126111,800.26,800.26,799.4,799.44,731.0,141887.0,141926.0
au2510.SHFE,SHFE.au2510,2025-09-01 11:09:00,126112,799.44,799.66,798.5,798.76,2440.0,141926.0,141455.0
au2510.SHFE,SHFE.au2510,2025-09-01 11:10:00,126113,798.76,799.34,798.56,799.16,1898.0,141455.0,140891.0
au2510.SHFE,SHFE.au2510,2025-09-01 11:11:00,126114,799.16,799.22,798.26,798.42,1540.0,140891.0,140425.0
au2510.SHFE,SHFE.au2510,2025-09-01 11:12:00,126115,798.42,798.82,798.22,798.62,964.0,140425.0,140303.0
au2510.SHFE,SHFE.au2510,2025-09-01 11:13:00,126116,798.62,799.22,798.62,799.16,761.0,140303.0,140246.0
au2510.SHFE,SHFE.au2510,2025-09-01 11:14:00,126117,799.16,799.24,798.74,799.1,689.0,140246.0,140155.0
au2510.SHFE,SHFE.au2510,2025-09-01 11:15:00,126118,799.1,799.2,798.58,798.96,511.0,140155.0,140168.0
au2510.SHFE,SHFE.au2510,2025-09-01 11:16:00,126119,798.96,799.64,798.88,799.64,523.0,140168.0,140211.0
au2510.SHFE,SHFE.au2510,2025-09-01 11:17:00,126120,799.64,799.76,799.44,799.5,587.0,140211.0,140202.0
au2510.SHFE,SHFE.au2510,2025-09-01 11:18:00,126121,799.5,799.54,799.1,799.22,433.0,140202.0,140207.0
au2510.SHFE,SHFE.au2510,2025-09-01 11:19:00,126122,799.22,799.36,799.08,799.14,289.0,140207.0,140150.0
au2510.SHFE,SHFE.au2510,2025-09-01 11:20:00,126123,799.14,799.2,798.74,798.82,418.0,140150.0,140082.0
au2510.SHFE,SHFE.au2510,2025-09-01 11:21:00,126124,798.82,799.06,798.82,798.92,435.0,140082.0,140023.0
au2510.SHFE,SHFE.au2510,2025-09-01 11:22:00,126125,798.92,799.0,798.66,798.84,361.0,140023.0,139999.0
au2510.SHFE,SHFE.au2510,2025-09-01 11:23:00,126126,798.84,799.3,798.8,799.3,288.0,139999.0,139945.0
au2510.SHFE,SHFE.au2510,2025-09-01 11:24:00,126127,799.3,799.38,799.14,799.26,328.0,139945.0,139892.0
au2510.SHFE,SHFE.au2510,2025-09-01 11:25:00,126128,799.26,799.42,799.2,799.22,227.0,139892.0,139799.0
au2510.SHFE,SHFE.au2510,2025-09-01 11:26:00,126129,799.22,799.22,798.76,798.9,422.0,139799.0,139706.0
au2510.SHFE,SHFE.au2510,2025-09-01 11:27:00,126130,798.9,798.94,798.68,798.78,385.0,139706.0,139634.0
au2510.SHFE,SHFE.au2510,2025-09-01 11:28:00,126131,798.78,798.94,798.7,798.88,351.0,139634.0,139533.0
au2510.SHFE,SHFE.au2510,2025-09-01 11:29:00,126132,798.88,799.04,798.88,799.0,372.0,139533.0,139491.0
au2510.SHFE,SHFE.au2510,2025-09-01 13:30:00,126133,800.22,800.36,799.88,800.22,1286.0,139491.0,139599.0
au2510.SHFE,SHFE.au2510,2025-09-01 13:31:00,126134,800.22,800.62,800.18,800.58,505.0,139599.0,139647.0
au2510.SHFE,SHFE.au2510,2025-09-01 13:32:00,126135,800.58,800.94,800.58,800.82,852.0,139647.0,139850.0
au2510.SHFE,SHFE.au2510,2025-09-01 13:33:00,126136,800.82,800.82,800.32,800.36,880.0,139850.0,139858.0
au2510.SHFE,SHFE.au2510,2025-09-01 13:34:00,126137,800.36,800.84,800.3,800.78,553.0,139858.0,139911.0
au2510.SHFE,SHFE.au2510,2025-09-01 13:35:00,126138,800.78,801.32,800.74,801.32,651.0,139911.0,140008.0
au2510.SHFE,SHFE.au2510,2025-09-01 13:36:00,126139,801.32,801.46,801.1,801.24,538.0,140008.0,140140.0
au2510.SHFE,SHFE.au2510,2025-09-01 13:37:00,126140,801.24,801.26,800.98,800.98,527.0,140140.0,140279.0
au2510.SHFE,SHFE.au2510,2025-09-01 13:38:00,126141,800.98,800.98,800.2,800.3,974.0,140279.0,140504.0
au2510.SHFE,SHFE.au2510,2025-09-01 13:39:00,126142,800.3,800.32,799.9,800.02,880.0,140504.0,140668.0
au2510.SHFE,SHFE.au2510,2025-09-01 13:40:00,126143,800.02,800.02,799.52,799.56,843.0,140668.0,140664.0
au2510.SHFE,SHFE.au2510,2025-09-01 13:41:00,126144,799.56,799.98,799.54,799.98,440.0,140664.0,140739.0
au2510.SHFE,SHFE.au2510,2025-09-01 13:42:00,126145,799.98,799.98,799.64,799.64,513.0,140739.0,140878.0
au2510.SHFE,SHFE.au2510,2025-09-01 13:43:00,126146,799.64,799.84,799.62,799.72,281.0,140878.0,140834.0
au2510.SHFE,SHFE.au2510,2025-09-01 13:44:00,126147,799.72,799.94,799.5,799.94,359.0,140834.0,140840.0
au2510.SHFE,SHFE.au2510,2025-09-01 13:45:00,126148,799.94,800.34,799.84,800.26,651.0,140840.0,140963.0
au2510.SHFE,SHFE.au2510,2025-09-01 13:46:00,126149,800.26,800.3,799.94,800.22,492.0,140963.0,140941.0
au2510.SHFE,SHFE.au2510,2025-09-01 13:47:00,126150,800.22,800.7,800.18,800.66,622.0,140941.0,141015.0
au2510.SHFE,SHFE.au2510,2025-09-01 13:48:00,126151,800.66,800.88,800.54,800.88,378.0,141015.0,140987.0
au2510.SHFE,SHFE.au2510,2025-09-01 13:49:00,126152,800.88,800.94,800.68,800.76,528.0,140987.0,141090.0
au2510.SHFE,SHFE.au2510,2025-09-01 13:50:00,126153,800.76,800.94,800.52,800.72,453.0,141090.0,141070.0
au2510.SHFE,SHFE.au2510,2025-09-01 13:51:00,126154,800.72,800.8,800.56,800.58,220.0,141070.0,141062.0
au2510.SHFE,SHFE.au2510,2025-09-01 13:52:00,126155,800.58,800.82,800.54,800.76,395.0,141062.0,141018.0
au2510.SHFE,SHFE.au2510,2025-09-01 13:53:00,126156,800.76,800.94,800.72,800.86,460.0,141018.0,140902.0
au2510.SHFE,SHFE.au2510,2025-09-01 13:54:00,126157,800.86,801.2,800.78,800.9,651.0,140902.0,140781.0
au2510.SHFE,SHFE.au2510,2025-09-01 13:55:00,126158,800.9,801.0,800.78,800.9,368.0,140781.0,140729.0
au2510.SHFE,SHFE.au2510,2025-09-01 13:56:00,126159,800.9,801.02,800.9,800.98,239.0,140729.0,140699.0
au2510.SHFE,SHFE.au2510,2025-09-01 13:57:00,126160,800.98,801.0,800.8,800.86,258.0,140699.0,140722.0
au2510.SHFE,SHFE.au2510,2025-09-01 13:58:00,126161,800.86,800.88,800.7,800.74,475.0,140722.0,140701.0
au2510.SHFE,SHFE.au2510,2025-09-01 13:59:00,126162,800.74,800.92,800.34,800.34,704.0,140701.0,140725.0
au2510.SHFE,SHFE.au2510,2025-09-01 14:00:00,126163,800.34,800.74,800.32,800.6,568.0,140725.0,140724.0
au2510.SHFE,SHFE.au2510,2025-09-01 14:01:00,126164,800.6,800.92,800.54,800.92,379.0,140724.0,140694.0
au2510.SHFE,SHFE.au2510,2025-09-01 14:02:00,126165,800.92,800.92,800.7,800.7,240.0,140694.0,140710.0
au2510.SHFE,SHFE.au2510,2025-09-01 14:03:00,126166,800.7,800.78,800.6,800.74,293.0,140710.0,140676.0
au2510.SHFE,SHFE.au2510,2025-09-01 14:04:00,126167,800.74,800.74,800.6,800.68,292.0,140676.0,140677.0
au2510.SHFE,SHFE.au2510,2025-09-01 14:05:00,126168,800.68,800.76,800.62,800.7,263.0,140677.0,140708.0
au2510.SHFE,SHFE.au2510,2025-09-01 14:06:00,126169,800.7,800.82,800.64,800.74,250.0,140708.0,140723.0
au2510.SHFE,SHFE.au2510,2025-09-01 14:07:00,126170,800.74,800.78,800.68,800.76,154.0,140723.0,140752.0
au2510.SHFE,SHFE.au2510,2025-09-01 14:08:00,126171,800.76,800.76,800.64,800.7,177.0,140752.0,140774.0
au2510.SHFE,SHFE.au2510,2025-09-01 14:09:00,126172,800.7,800.86,800.7,800.7,390.0,140774.0,140721.0
au2510.SHFE,SHFE.au2510,2025-09-01 14:10:00,126173,800.7,800.78,800.68,800.74,244.0,140721.0,140712.0
au2510.SHFE,SHFE.au2510,2025-09-01 14:11:00,126174,800.74,800.86,800.6,800.78,627.0,140712.0,140481.0
au2510.SHFE,SHFE.au2510,2025-09-01 14:12:00,126175,800.78,800.84,800.7,800.74,160.0,140481.0,140474.0
au2510.SHFE,SHFE.au2510,2025-09-01 14:13:00,126176,800.74,801.0,800.72,800.96,404.0,140474.0,140467.0
au2510.SHFE,SHFE.au2510,2025-09-01 14:14:00,126177,800.96,801.2,800.92,801.0,439.0,140467.0,140538.0
au2510.SHFE,SHFE.au2510,2025-09-01 14:15:00,126178,801.0,801.12,800.92,801.0,303.0,140538.0,140581.0
au2510.SHFE,SHFE.au2510,2025-09-01 14:16:00,126179,801.0,801.26,800.72,801.2,396.0,140581.0,140639.0
au2510.SHFE,SHFE.au2510,2025-09-01 14:17:00,126180,801.2,801.22,801.06,801.06,360.0,140639.0,140679.0
au2510.SHFE,SHFE.au2510,2025-09-01 14:18:00,126181,801.06,801.24,800.92,801.22,383.0,140679.0,140735.0
au2510.SHFE,SHFE.au2510,2025-09-01 14:19:00,126182,801.22,801.36,801.12,801.12,444.0,140735.0,140871.0
au2510.SHFE,SHFE.au2510,2025-09-01 14:20:00,126183,801.12,801.14,801.06,801.08,234.0,140871.0,140911.0
au2510.SHFE,SHFE.au2510,2025-09-01 14:21:00,126184,801.08,801.36,801.04,801.26,332.0,140911.0,140960.0
au2510.SHFE,SHFE.au2510,2025-09-01 14:22:00,126185,801.26,801.5,801.22,801.4,381.0,140960.0,141066.0
au2510.SHFE,SHFE.au2510,2025-09-01 14:23:00,126186,801.4,801.7,801.4,801.66,665.0,141066.0,141196.0
au2510.SHFE,SHFE.au2510,2025-09-01 14:24:00,126187,801.66,801.84,801.58,801.8,495.0,141196.0,141318.0
au2510.SHFE,SHFE.au2510,2025-09-01 14:25:00,126188,801.8,801.86,801.46,801.52,437.0,141318.0,141329.0
au2510.SHFE,SHFE.au2510,2025-09-01 14:26:00,126189,801.52,801.58,801.34,801.56,490.0,141329.0,141361.0
au2510.SHFE,SHFE.au2510,2025-09-01 14:27:00,126190,801.56,801.62,801.4,801.42,311.0,141361.0,141371.0
au2510.SHFE,SHFE.au2510,2025-09-01 14:28:00,126191,801.42,801.58,801.4,801.48,341.0,141371.0,141305.0
au2510.SHFE,SHFE.au2510,2025-09-01 14:29:00,126192,801.48,801.58,801.44,801.52,204.0,141305.0,141330.0
au2510.SHFE,SHFE.au2510,2025-09-01 14:30:00,126193,801.52,801.58,801.3,801.44,386.0,141330.0,141292.0
au2510.SHFE,SHFE.au2510,2025-09-01 14:31:00,126194,801.44,801.44,800.94,801.1,520.0,141292.0,141320.0
au2510.SHFE,SHFE.au2510,2025-09-01 14:32:00,126195,801.1,801.74,801.1,801.7,467.0,141320.0,141350.0
au2510.SHFE,SHFE.au2510,2025-09-01 14:33:00,126196,801.7,801.82,801.6,801.66,345.0,141350.0,141372.0
au2510.SHFE,SHFE.au2510,2025-09-01 14:34:00,126197,801.66,801.82,801.6,801.78,388.0,141372.0,141435.0
au2510.SHFE,SHFE.au2510,2025-09-01 14:35:00,126198,801.78,801.88,801.74,801.78,352.0,141435.0,141471.0
au2510.SHFE,SHFE.au2510,2025-09-01 14:36:00,126199,801.78,802.04,801.78,802.02,693.0,141471.0,141563.0
au2510.SHFE,SHFE.au2510,2025-09-01 14:37:00,126200,802.02,802.04,801.82,801.96,429.0,141563.0,141567.0
au2510.SHFE,SHFE.au2510,2025-09-01 14:38:00,126201,801.96,802.18,801.84,801.92,551.0,141567.0,141566.0
au2510.SHFE,SHFE.au2510,2025-09-01 14:39:00,126202,801.92,802.18,801.92,802.12,434.0,141566.0,141646.0
au2510.SHFE,SHFE.au2510,2025-09-01 14:40:00,126203,802.12,802.36,802.06,802.26,514.0,141646.0,141657.0
au2510.SHFE,SHFE.au2510,2025-09-01 14:41:00,126204,802.26,802.28,801.86,801.9,521.0,141657.0,141604.0
au2510.SHFE,SHFE.au2510,2025-09-01 14:42:00,126205,801.9,802.2,801.88,802.1,386.0,141604.0,141609.0
au2510.SHFE,SHFE.au2510,2025-09-01 14:43:00,126206,802.1,802.14,802.04,802.04,306.0,141609.0,141598.0
au2510.SHFE,SHFE.au2510,2025-09-01 14:44:00,126207,802.04,802.18,802.02,802.08,233.0,141598.0,141645.0
au2510.SHFE,SHFE.au2510,2025-09-01 14:45:00,126208,802.08,802.14,801.8,801.84,497.0,141645.0,141591.0
au2510.SHFE,SHFE.au2510,2025-09-01 14:46:00,126209,801.84,801.86,801.6,801.68,448.0,141591.0,141511.0
au2510.SHFE,SHFE.au2510,2025-09-01 14:47:00,126210,801.68,801.86,801.66,801.8,343.0,141511.0,141565.0
au2510.SHFE,SHFE.au2510,2025-09-01 14:48:00,126211,801.8,801.86,801.74,801.8,323.0,141565.0,141548.0
au2510.SHFE,SHFE.au2510,2025-09-01 14:49:00,126212,801.8,801.9,801.76,801.88,322.0,141548.0,141585.0
au2510.SHFE,SHFE.au2510,2025-09-01 14:50:00,126213,801.88,801.98,801.68,801.84,366.0,141585.0,141542.0
au2510.SHFE,SHFE.au2510,2025-09-01 14:51:00,126214,801.84,801.86,801.6,801.64,341.0,141542.0,141562.0
au2510.SHFE,SHFE.au2510,2025-09-01 14:52:00,126215,801.64,801.7,801.36,801.4,448.0,141562.0,141434.0
au2510.SHFE,SHFE.au2510,2025-09-01 14:53:00,126216,801.4,801.5,801.38,801.5,282.0,141434.0,141403.0
au2510.SHFE,SHFE.au2510,2025-09-01 14:54:00,126217,801.5,801.68,801.5,801.62,292.0,141403.0,141480.0
au2510.SHFE,SHFE.au2510,2025-09-01 14:55:00,126218,801.62,801.62,801.38,801.42,505.0,141480.0,141488.0
au2510.SHFE,SHFE.au2510,2025-09-01 14:56:00,126219,801.42,801.48,801.32,801.32,442.0,141488.0,141509.0
au2510.SHFE,SHFE.au2510,2025-09-01 14:57:00,126220,801.32,801.34,801.12,801.12,412.0,141509.0,141416.0
au2510.SHFE,SHFE.au2510,2025-09-01 14:58:00,126221,801.12,801.12,800.72,800.76,908.0,141416.0,140949.0
au2510.SHFE,SHFE.au2510,2025-09-01 14:59:00,126222,800.76,800.76,800.42,800.56,1059.0,140949.0,140691.0
au2510.SHFE,SHFE.au2510,2025-09-01 21:00:00,126223,799.54,800.0,799.08,799.68,2691.0,140691.0,140613.0
au2510.SHFE,SHFE.au2510,2025-09-01 21:01:00,126224,799.68,799.86,799.52,799.56,1330.0,140613.0,140752.0
au2510.SHFE,SHFE.au2510,2025-09-01 21:02:00,126225,799.56,799.84,799.48,799.8,912.0,140752.0,140979.0
au2510.SHFE,SHFE.au2510,2025-09-01 21:03:00,126226,799.8,799.9,799.72,799.9,655.0,140979.0,141058.0
au2510.SHFE,SHFE.au2510,2025-09-01 21:04:00,126227,799.9,800.04,799.8,800.04,492.0,141058.0,141181.0
au2510.SHFE,SHFE.au2510,2025-09-01 21:05:00,126228,800.04,800.64,800.0,800.64,1247.0,141181.0,141488.0
au2510.SHFE,SHFE.au2510,2025-09-01 21:06:00,126229,800.64,801.18,800.6,801.1,1178.0,141488.0,141818.0
au2510.SHFE,SHFE.au2510,2025-09-01 21:07:00,126230,801.1,801.46,800.98,801.44,1313.0,141818.0,141936.0
au2510.SHFE,SHFE.au2510,2025-09-01 21:08:00,126231,801.44,801.58,801.28,801.54,941.0,141936.0,141870.0
au2510.SHFE,SHFE.au2510,2025-09-01 21:09:00,126232,801.54,801.8,801.5,801.68,867.0,141870.0,141881.0
au2510.SHFE,SHFE.au2510,2025-09-01 21:10:00,126233,801.68,801.84,801.56,801.74,935.0,141881.0,141911.0
au2510.SHFE,SHFE.au2510,2025-09-01 21:11:00,126234,801.74,801.74,801.3,801.42,745.0,141911.0,141845.0
au2510.SHFE,SHFE.au2510,2025-09-01 21:12:00,126235,801.42,801.54,801.22,801.24,730.0,141845.0,141836.0
au2510.SHFE,SHFE.au2510,2025-09-01 21:13:00,126236,801.24,801.42,801.18,801.3,472.0,141836.0,141817.0
au2510.SHFE,SHFE.au2510,2025-09-01 21:14:00,126237,801.3,801.58,801.3,801.48,530.0,141817.0,141864.0
au2510.SHFE,SHFE.au2510,2025-09-01 21:15:00,126238,801.48,801.58,801.36,801.52,632.0,141864.0,141844.0
au2510.SHFE,SHFE.au2510,2025-09-01 21:16:00,126239,801.52,801.56,801.38,801.38,372.0,141844.0,141771.0
au2510.SHFE,SHFE.au2510,2025-09-01 21:17:00,126240,801.38,801.58,801.12,801.12,593.0,141771.0,141729.0
au2510.SHFE,SHFE.au2510,2025-09-01 21:18:00,126241,801.12,801.3,800.92,801.3,588.0,141729.0,141742.0
au2510.SHFE,SHFE.au2510,2025-09-01 21:19:00,126242,801.3,801.36,801.22,801.24,277.0,141742.0,141749.0
au2510.SHFE,SHFE.au2510,2025-09-01 21:20:00,126243,801.24,801.24,800.86,800.86,530.0,141749.0,141712.0
au2510.SHFE,SHFE.au2510,2025-09-01 21:21:00,126244,800.86,801.1,800.86,801.06,371.0,141712.0,141674.0
au2510.SHFE,SHFE.au2510,2025-09-01 21:22:00,126245,801.06,801.16,801.06,801.1,174.0,141674.0,141707.0
au2510.SHFE,SHFE.au2510,2025-09-01 21:23:00,126246,801.1,801.16,800.9,800.92,229.0,141707.0,141753.0
au2510.SHFE,SHFE.au2510,2025-09-01 21:24:00,126247,800.92,801.12,800.9,801.02,190.0,141753.0,141729.0
au2510.SHFE,SHFE.au2510,2025-09-01 21:25:00,126248,801.02,801.42,800.9,801.32,488.0,141729.0,141703.0
au2510.SHFE,SHFE.au2510,2025-09-01 21:26:00,126249,801.32,801.4,801.24,801.26,242.0,141703.0,141657.0
au2510.SHFE,SHFE.au2510,2025-09-01 21:27:00,126250,801.26,801.4,801.22,801.34,239.0,141657.0,141658.0
au2510.SHFE,SHFE.au2510,2025-09-01 21:28:00,126251,801.34,801.4,801.22,801.36,187.0,141658.0,141658.0
au2510.SHFE,SHFE.au2510,2025-09-01 21:29:00,126252,801.36,801.58,801.36,801.54,469.0,141658.0,141680.0
au2510.SHFE,SHFE.au2510,2025-09-01 21:30:00,126253,801.54,801.72,801.5,801.62,439.0,141680.0,141727.0
au2510.SHFE,SHFE.au2510,2025-09-01 21:31:00,126254,801.62,801.66,801.44,801.48,290.0,141727.0,141725.0
au2510.SHFE,SHFE.au2510,2025-09-01 21:32:00,126255,801.48,801.64,801.3,801.64,393.0,141725.0,141684.0
au2510.SHFE,SHFE.au2510,2025-09-01 21:33:00,126256,801.64,801.72,801.56,801.72,316.0,141684.0,141735.0
au2510.SHFE,SHFE.au2510,2025-09-01 21:34:00,126257,801.72,801.76,801.54,801.56,274.0,141735.0,141774.0
au2510.SHFE,SHFE.au2510,2025-09-01 21:35:00,126258,801.56,801.58,801.32,801.4,293.0,141774.0,141766.0
au2510.SHFE,SHFE.au2510,2025-09-01 21:36:00,126259,801.4,801.44,801.26,801.26,286.0,141766.0,141773.0
au2510.SHFE,SHFE.au2510,2025-09-01 21:37:00,126260,801.26,801.34,801.12,801.32,703.0,141773.0,141726.0
au2510.SHFE,SHFE.au2510,2025-09-01 21:38:00,126261,801.32,801.34,801.16,801.16,314.0,141726.0,141723.0
au2510.SHFE,SHFE.au2510,2025-09-01 21:39:00,126262,801.16,801.26,801.1,801.1,219.0,141723.0,141761.0
au2510.SHFE,SHFE.au2510,2025-09-01 21:40:00,126263,801.1,801.3,801.02,801.28,500.0,141761.0,141817.0
au2510.SHFE,SHFE.au2510,2025-09-01 21:41:00,126264,801.28,801.48,801.24,801.34,356.0,141817.0,141834.0
au2510.SHFE,SHFE.au2510,2025-09-01 21:42:00,126265,801.34,801.44,801.3,801.3,246.0,141834.0,141801.0
au2510.SHFE,SHFE.au2510,2025-09-01 21:43:00,126266,801.3,801.34,801.0,801.04,299.0,141801.0,141795.0
au2510.SHFE,SHFE.au2510,2025-09-01 21:44:00,126267,801.04,801.34,801.04,801.32,196.0,141795.0,141793.0
au2510.SHFE,SHFE.au2510,2025-09-01 21:45:00,126268,801.32,801.32,801.12,801.18,184.0,141793.0,141831.0
au2510.SHFE,SHFE.au2510,2025-09-01 21:46:00,126269,801.18,801.3,801.18,801.28,343.0,141831.0,141877.0
au2510.SHFE,SHFE.au2510,2025-09-01 21:47:00,126270,801.28,801.34,801.2,801.32,169.0,141877.0,141847.0
au2510.SHFE,SHFE.au2510,2025-09-01 21:48:00,126271,801.32,801.38,801.28,801.32,251.0,141847.0,141884.0
au2510.SHFE,SHFE.au2510,2025-09-01 21:49:00,126272,801.32,801.36,801.28,801.36,219.0,141884.0,141815.0
au2510.SHFE,SHFE.au2510,2025-09-01 21:50:00,126273,801.36,801.56,801.32,801.56,302.0,141815.0,141804.0
au2510.SHFE,SHFE.au2510,2025-09-01 21:51:00,126274,801.56,801.6,801.42,801.52,318.0,141804.0,141786.0
au2510.SHFE,SHFE.au2510,2025-09-01 21:52:00,126275,801.52,801.66,801.52,801.58,326.0,141786.0,141733.0
au2510.SHFE,SHFE.au2510,2025-09-01 21:53:00,126276,801.58,801.7,801.52,801.62,406.0,141733.0,141732.0
au2510.SHFE,SHFE.au2510,2025-09-01 21:54:00,126277,801.62,801.66,801.5,801.54,169.0,141732.0,141711.0
au2510.SHFE,SHFE.au2510,2025-09-01 21:55:00,126278,801.54,801.56,801.34,801.4,277.0,141711.0,141721.0
au2510.SHFE,SHFE.au2510,2025-09-01 21:56:00,126279,801.4,801.46,801.1,801.12,289.0,141721.0,141690.0
au2510.SHFE,SHFE.au2510,2025-09-01 21:57:00,126280,801.12,801.18,801.04,801.06,455.0,141690.0,141799.0
au2510.SHFE,SHFE.au2510,2025-09-01 21:58:00,126281,801.06,801.22,801.02,801.2,578.0,141799.0,141910.0
au2510.SHFE,SHFE.au2510,2025-09-01 21:59:00,126282,801.2,801.2,801.04,801.08,251.0,141910.0,141911.0
au2510.SHFE,SHFE.au2510,2025-09-01 22:00:00,126283,801.08,801.1,800.9,800.9,549.0,141911.0,141988.0
au2510.SHFE,SHFE.au2510,2025-09-01 22:01:00,126284,800.9,801.12,800.9,801.0,280.0,141988.0,141964.0
au2510.SHFE,SHFE.au2510,2025-09-01 22:02:00,126285,801.0,801.14,800.96,801.02,301.0,141964.0,141999.0
au2510.SHFE,SHFE.au2510,2025-09-01 22:03:00,126286,801.02,801.04,800.8,801.02,301.0,141999.0,142000.0
au2510.SHFE,SHFE.au2510,2025-09-01 22:04:00,126287,801.02,801.28,801.0,801.12,293.0,142000.0,141977.0
au2510.SHFE,SHFE.au2510,2025-09-01 22:05:00,126288,801.12,801.24,801.08,801.08,223.0,141977.0,141975.0
au2510.SHFE,SHFE.au2510,2025-09-01 22:06:00,126289,801.08,801.14,801.04,801.06,128.0,141975.0,142007.0
au2510.SHFE,SHFE.au2510,2025-09-01 22:07:00,126290,801.06,801.12,801.0,801.08,138.0,142007.0,142021.0
au2510.SHFE,SHFE.au2510,2025-09-01 22:08:00,126291,801.08,801.12,800.96,801.04,200.0,142021.0,142032.0
au2510.SHFE,SHFE.au2510,2025-09-01 22:09:00,126292,801.04,801.18,801.02,801.08,208.0,142032.0,141997.0
au2510.SHFE,SHFE.au2510,2025-09-01 22:10:00,126293,801.08,801.16,800.96,801.12,235.0,141997.0,142008.0
au2510.SHFE,SHFE.au2510,2025-09-01 22:11:00,126294,801.12,801.26,801.1,801.22,197.0,142008.0,141998.0
au2510.SHFE,SHFE.au2510,2025-09-01 22:12:00,126295,801.22,801.3,801.14,801.28,384.0,141998.0,141917.0
au2510.SHFE,SHFE.au2510,2025-09-01 22:13:00,126296,801.28,801.5,801.24,801.48,388.0,141917.0,141819.0
au2510.SHFE,SHFE.au2510,2025-09-01 22:14:00,126297,801.48,801.52,801.32,801.4,469.0,141819.0,141765.0
au2510.SHFE,SHFE.au2510,2025-09-01 22:15:00,126298,801.4,801.44,801.3,801.36,192.0,141765.0,141786.0
au2510.SHFE,SHFE.au2510,2025-09-01 22:16:00,126299,801.36,801.42,801.34,801.36,174.0,141786.0,141790.0
au2510.SHFE,SHFE.au2510,2025-09-01 22:17:00,126300,801.36,801.46,801.34,801.4,163.0,141790.0,141786.0
au2510.SHFE,SHFE.au2510,2025-09-01 22:18:00,126301,801.4,801.46,801.34,801.44,149.0,141786.0,141741.0
au2510.SHFE,SHFE.au2510,2025-09-01 22:19:00,126302,801.44,801.6,801.44,801.58,391.0,141741.0,141755.0
au2510.SHFE,SHFE.au2510,2025-09-01 22:20:00,126303,801.58,801.74,801.58,801.68,431.0,141755.0,141693.0
au2510.SHFE,SHFE.au2510,2025-09-01 22:21:00,126304,801.68,802.06,801.68,802.02,712.0,141693.0,141728.0
au2510.SHFE,SHFE.au2510,2025-09-01 22:22:00,126305,802.02,802.22,802.02,802.12,525.0,141728.0,141719.0
au2510.SHFE,SHFE.au2510,2025-09-01 22:23:00,126306,802.12,802.18,801.62,801.82,614.0,141719.0,141676.0
au2510.SHFE,SHFE.au2510,2025-09-01 22:24:00,126307,801.82,801.82,801.58,801.82,375.0,141676.0,141656.0
au2510.SHFE,SHFE.au2510,2025-09-01 22:25:00,126308,801.82,801.82,801.54,801.6,331.0,141656.0,141568.0
au2510.SHFE,SHFE.au2510,2025-09-01 22:26:00,126309,801.6,801.6,801.28,801.28,418.0,141568.0,141567.0
au2510.SHFE,SHFE.au2510,2025-09-01 22:27:00,126310,801.28,801.46,801.22,801.42,473.0,141567.0,141520.0
au2510.SHFE,SHFE.au2510,2025-09-01 22:28:00,126311,801.42,801.52,801.4,801.5,182.0,141520.0,141521.0
au2510.SHFE,SHFE.au2510,2025-09-01 22:29:00,126312,801.5,801.52,801.44,801.46,87.0,141521.0,141548.0
au2510.SHFE,SHFE.au2510,2025-09-01 22:30:00,126313,801.46,801.5,801.3,801.34,253.0,141548.0,141554.0
au2510.SHFE,SHFE.au2510,2025-09-01 22:31:00,126314,801.34,801.38,801.22,801.22,212.0,141554.0,141567.0
au2510.SHFE,SHFE.au2510,2025-09-01 22:32:00,126315,801.22,801.24,801.06,801.14,517.0,141567.0,141653.0
au2510.SHFE,SHFE.au2510,2025-09-01 22:33:00,126316,801.14,801.3,801.08,801.28,229.0,141653.0,141684.0
au2510.SHFE,SHFE.au2510,2025-09-01 22:34:00,126317,801.28,801.4,801.28,801.38,169.0,141684.0,141708.0
au2510.SHFE,SHFE.au2510,2025-09-01 22:35:00,126318,801.38,801.7,801.38,801.66,495.0,141708.0,141591.0
au2510.SHFE,SHFE.au2510,2025-09-01 22:36:00,126319,801.66,801.66,801.52,801.52,289.0,141591.0,141554.0
au2510.SHFE,SHFE.au2510,2025-09-01 22:37:00,126320,801.52,801.66,801.48,801.56,272.0,141554.0,141631.0
au2510.SHFE,SHFE.au2510,2025-09-01 22:38:00,126321,801.56,801.56,801.3,801.32,284.0,141631.0,141635.0
au2510.SHFE,SHFE.au2510,2025-09-01 22:39:00,126322,801.32,801.32,801.2,801.26,248.0,141635.0,141639.0
au2510.SHFE,SHFE.au2510,2025-09-01 22:40:00,126323,801.26,801.3,801.2,801.24,124.0,141639.0,141664.0
au2510.SHFE,SHFE.au2510,2025-09-01 22:41:00,126324,801.24,801.24,801.16,801.18,175.0,141664.0,141708.0
au2510.SHFE,SHFE.au2510,2025-09-01 22:42:00,126325,801.18,801.2,800.9,800.94,858.0,141708.0,141914.0
au2510.SHFE,SHFE.au2510,2025-09-01 22:43:00,126326,800.94,800.94,800.58,800.6,545.0,141914.0,141999.0
au2510.SHFE,SHFE.au2510,2025-09-01 22:44:00,126327,800.6,800.86,800.6,800.84,314.0,141999.0,142002.0
au2510.SHFE,SHFE.au2510,2025-09-01 22:45:00,126328,800.84,800.98,800.82,800.94,222.0,142002.0,141987.0
au2510.SHFE,SHFE.au2510,2025-09-01 22:46:00,126329,800.94,800.96,800.74,800.94,250.0,141987.0,141988.0
au2510.SHFE,SHFE.au2510,2025-09-01 22:47:00,126330,800.94,800.96,800.84,800.86,182.0,141988.0,141990.0
au2510.SHFE,SHFE.au2510,2025-09-01 22:48:00,126331,800.86,801.0,800.84,800.96,145.0,141990.0,141999.0
au2510.SHFE,SHFE.au2510,2025-09-01 22:49:00,126332,800.96,801.12,800.88,801.08,164.0,141999.0,141966.0
au2510.SHFE,SHFE.au2510,2025-09-01 22:50:00,126333,801.08,801.18,801.06,801.14,159.0,141966.0,141963.0
au2510.SHFE,SHFE.au2510,2025-09-01 22:51:00,126334,801.14,801.2,801.12,801.14,128.0,141963.0,141955.0
au2510.SHFE,SHFE.au2510,2025-09-01 22:52:00,126335,801.14,801.26,801.1,801.12,230.0,141955.0,141943.0
au2510.SHFE,SHFE.au2510,2025-09-01 22:53:00,126336,801.12,801.32,801.08,801.3,211.0,141943.0,141923.0
au2510.SHFE,SHFE.au2510,2025-09-01 22:54:00,126337,801.3,801.34,801.22,801.26,146.0,141923.0,141905.0
au2510.SHFE,SHFE.au2510,2025-09-01 22:55:00,126338,801.26,801.36,801.24,801.32,312.0,141905.0,141871.0
au2510.SHFE,SHFE.au2510,2025-09-01 22:56:00,126339,801.32,801.34,801.06,801.1,265.0,141871.0,141848.0
au2510.SHFE,SHFE.au2510,2025-09-01 22:57:00,126340,801.1,801.18,801.0,801.04,193.0,141848.0,141839.0
au2510.SHFE,SHFE.au2510,2025-09-01 22:58:00,126341,801.04,801.12,801.02,801.04,70.0,141839.0,141846.0
au2510.SHFE,SHFE.au2510,2025-09-01 22:59:00,126342,801.04,801.06,800.82,800.88,234.0,141846.0,141863.0
au2510.SHFE,SHFE.au2510,2025-09-01 23:00:00,126343,800.88,801.0,800.86,801.0,153.0,141863.0,141872.0
au2510.SHFE,SHFE.au2510,2025-09-01 23:01:00,126344,801.0,801.2,801.0,801.16,135.0,141872.0,141854.0
au2510.SHFE,SHFE.au2510,2025-09-01 23:02:00,126345,801.16,801.22,801.08,801.14,149.0,141854.0,141875.0
au2510.SHFE,SHFE.au2510,2025-09-01 23:03:00,126346,801.14,801.16,801.04,801.12,89.0,141875.0,141888.0
au2510.SHFE,SHFE.au2510,2025-09-01 23:04:00,126347,801.12,801.18,801.12,801.16,76.0,141888.0,141883.0
au2510.SHFE,SHFE.au2510,2025-09-01 23:05:00,126348,801.16,801.26,801.1,801.2,153.0,141883.0,141888.0
au2510.SHFE,SHFE.au2510,2025-09-01 23:06:00,126349,801.2,801.22,801.06,801.14,83.0,141888.0,141880.0
au2510.SHFE,SHFE.au2510,2025-09-01 23:07:00,126350,801.14,801.24,801.12,801.16,175.0,141880.0,141873.0
au2510.SHFE,SHFE.au2510,2025-09-01 23:08:00,126351,801.16,801.24,801.06,801.16,139.0,141873.0,141867.0
au2510.SHFE,SHFE.au2510,2025-09-01 23:09:00,126352,801.16,801.26,801.16,801.2,94.0,141867.0,141850.0
au2510.SHFE,SHFE.au2510,2025-09-01 23:10:00,126353,801.2,801.22,801.08,801.18,75.0,141850.0,141843.0
au2510.SHFE,SHFE.au2510,2025-09-01 23:11:00,126354,801.18,801.38,801.18,801.34,258.0,141843.0,141829.0
au2510.SHFE,SHFE.au2510,2025-09-01 23:12:00,126355,801.34,801.38,801.28,801.32,169.0,141829.0,141835.0
au2510.SHFE,SHFE.au2510,2025-09-01 23:13:00,126356,801.32,801.44,801.32,801.4,180.0,141835.0,141827.0
au2510.SHFE,SHFE.au2510,2025-09-01 23:14:00,126357,801.4,801.46,801.38,801.44,137.0,141827.0,141811.0
au2510.SHFE,SHFE.au2510,2025-09-01 23:15:00,126358,801.44,801.44,801.28,801.32,406.0,141811.0,141817.0
au2510.SHFE,SHFE.au2510,2025-09-01 23:16:00,126359,801.32,801.54,801.32,801.5,435.0,141817.0,141793.0
au2510.SHFE,SHFE.au2510,2025-09-01 23:17:00,126360,801.5,801.56,801.44,801.44,242.0,141793.0,141779.0
au2510.SHFE,SHFE.au2510,2025-09-01 23:18:00,126361,801.44,801.52,801.42,801.44,144.0,141779.0,141754.0
au2510.SHFE,SHFE.au2510,2025-09-01 23:19:00,126362,801.44,801.46,801.4,801.44,147.0,141754.0,141731.0
au2510.SHFE,SHFE.au2510,2025-09-01 23:20:00,126363,801.44,801.44,801.24,801.24,171.0,141731.0,141751.0
au2510.SHFE,SHFE.au2510,2025-09-01 23:21:00,126364,801.24,801.42,801.22,801.4,176.0,141751.0,141718.0
au2510.SHFE,SHFE.au2510,2025-09-01 23:22:00,126365,801.4,801.44,801.26,801.34,125.0,141718.0,141700.0
au2510.SHFE,SHFE.au2510,2025-09-01 23:23:00,126366,801.34,801.34,801.16,801.22,162.0,141700.0,141695.0
au2510.SHFE,SHFE.au2510,2025-09-01 23:24:00,126367,801.22,801.26,801.12,801.2,212.0,141695.0,141671.0
au2510.SHFE,SHFE.au2510,2025-09-01 23:25:00,126368,801.2,801.2,801.08,801.12,165.0,141671.0,141696.0
au2510.SHFE,SHFE.au2510,2025-09-01 23:26:00,126369,801.12,801.24,801.12,801.22,137.0,141696.0,141673.0
au2510.SHFE,SHFE.au2510,2025-09-01 23:27:00,126370,801.22,801.3,801.18,801.2,104.0,141673.0,141673.0
au2510.SHFE,SHFE.au2510,2025-09-01 23:28:00,126371,801.2,801.2,801.02,801.06,273.0,141673.0,141719.0
au2510.SHFE,SHFE.au2510,2025-09-01 23:29:00,126372,801.06,801.06,800.94,801.0,517.0,141719.0,141744.0
au2510.SHFE,SHFE.au2510,2025-09-01 23:30:00,126373,801.0,801.16,800.96,801.14,161.0,141744.0,141738.0
au2510.SHFE,SHFE.au2510,2025-09-01 23:31:00,126374,801.14,801.3,801.12,801.28,147.0,141738.0,141729.0
au2510.SHFE,SHFE.au2510,2025-09-01 23:32:00,126375,801.28,801.3,801.1,801.14,144.0,141729.0,141731.0
au2510.SHFE,SHFE.au2510,2025-09-01 23:33:00,126376,801.14,801.26,801.14,801.22,78.0,141731.0,141713.0
au2510.SHFE,SHFE.au2510,2025-09-01 23:34:00,126377,801.22,801.26,801.14,801.14,89.0,141713.0,141671.0
au2510.SHFE,SHFE.au2510,2025-09-01 23:35:00,126378,801.14,801.26,801.12,801.14,181.0,141671.0,141570.0
au2510.SHFE,SHFE.au2510,2025-09-01 23:36:00,126379,801.14,801.28,801.14,801.24,250.0,141570.0,141571.0
au2510.SHFE,SHFE.au2510,2025-09-01 23:37:00,126380,801.24,801.24,801.02,801.04,208.0,141571.0,141536.0
au2510.SHFE,SHFE.au2510,2025-09-01 23:38:00,126381,801.04,801.1,801.04,801.1,121.0,141536.0,141558.0
au2510.SHFE,SHFE.au2510,2025-09-01 23:39:00,126382,801.1,801.1,800.96,800.98,352.0,141558.0,141728.0
au2510.SHFE,SHFE.au2510,2025-09-01 23:40:00,126383,800.98,801.06,800.9,801.04,165.0,141728.0,141733.0
au2510.SHFE,SHFE.au2510,2025-09-01 23:41:00,126384,801.04,801.14,801.02,801.1,98.0,141733.0,141745.0
au2510.SHFE,SHFE.au2510,2025-09-01 23:42:00,126385,801.1,801.2,801.1,801.16,84.0,141745.0,141755.0
au2510.SHFE,SHFE.au2510,2025-09-01 23:43:00,126386,801.16,801.2,801.02,801.1,83.0,141755.0,141752.0
au2510.SHFE,SHFE.au2510,2025-09-01 23:44:00,126387,801.1,801.12,801.04,801.06,44.0,141752.0,141757.0
au2510.SHFE,SHFE.au2510,2025-09-01 23:45:00,126388,801.06,801.12,801.04,801.04,81.0,141757.0,141762.0
au2510.SHFE,SHFE.au2510,2025-09-01 23:46:00,126389,801.04,801.12,801.0,801.04,99.0,141762.0,141780.0
au2510.SHFE,SHFE.au2510,2025-09-01 23:47:00,126390,801.04,801.04,800.94,800.98,139.0,141780.0,141807.0
au2510.SHFE,SHFE.au2510,2025-09-01 23:48:00,126391,800.98,801.0,800.92,800.96,123.0,141807.0,141847.0
au2510.SHFE,SHFE.au2510,2025-09-01 23:49:00,126392,800.96,800.98,800.84,800.98,186.0,141847.0,141865.0
au2510.SHFE,SHFE.au2510,2025-09-01 23:50:00,126393,800.98,800.98,800.82,800.84,119.0,141865.0,141881.0
au2510.SHFE,SHFE.au2510,2025-09-01 23:51:00,126394,800.84,800.9,800.8,800.86,123.0,141881.0,141886.0
au2510.SHFE,SHFE.au2510,2025-09-01 23:52:00,126395,800.86,800.96,800.78,800.92,128.0,141886.0,141904.0
au2510.SHFE,SHFE.au2510,2025-09-01 23:53:00,126396,800.92,801.04,800.9,801.04,84.0,141904.0,141914.0
au2510.SHFE,SHFE.au2510,2025-09-01 23:54:00,126397,801.04,801.04,800.98,801.04,89.0,141914.0,141936.0
au2510.SHFE,SHFE.au2510,2025-09-01 23:55:00,126398,801.04,801.04,800.98,801.0,35.0,141936.0,141936.0
au2510.SHFE,SHFE.au2510,2025-09-01 23:56:00,126399,801.0,801.04,800.98,801.0,51.0,141936.0,141929.0
au2510.SHFE,SHFE.au2510,2025-09-01 23:57:00,126400,801.0,801.04,800.88,800.88,85.0,141929.0,141944.0
au2510.SHFE,SHFE.au2510,2025-09-01 23:58:00,126401,800.88,800.94,800.88,800.92,51.0,141944.0,141940.0
au2510.SHFE,SHFE.au2510,2025-09-01 23:59:00,126402,800.92,800.94,800.9,800.92,26.0,141940.0,141933.0
au2510.SHFE,SHFE.au2510,2025-09-02 00:00:00,126403,800.92,800.94,800.84,800.86,93.0,141933.0,141939.0
au2510.SHFE,SHFE.au2510,2025-09-02 00:01:00,126404,800.86,800.9,800.68,800.7,196.0,141939.0,141922.0
au2510.SHFE,SHFE.au2510,2025-09-02 00:02:00,126405,800.7,800.7,800.54,800.58,199.0,141922.0,141902.0
au2510.SHFE,SHFE.au2510,2025-09-02 00:03:00,126406,800.58,800.8,800.58,800.68,159.0,141902.0,141903.0
au2510.SHFE,SHFE.au2510,2025-09-02 00:04:00,126407,800.68,800.82,800.68,800.76,113.0,141903.0,141874.0
au2510.SHFE,SHFE.au2510,2025-09-02 00:05:00,126408,800.76,800.78,800.66,800.7,95.0,141874.0,141882.0
au2510.SHFE,SHFE.au2510,2025-09-02 00:06:00,126409,800.7,800.8,800.68,800.68,61.0,141882.0,141882.0
au2510.SHFE,SHFE.au2510,2025-09-02 00:07:00,126410,800.68,800.7,800.58,800.66,77.0,141882.0,141897.0
au2510.SHFE,SHFE.au2510,2025-09-02 00:08:00,126411,800.66,800.66,800.58,800.64,119.0,141897.0,141889.0
au2510.SHFE,SHFE.au2510,2025-09-02 00:09:00,126412,800.64,800.76,800.64,800.74,102.0,141889.0,141866.0
au2510.SHFE,SHFE.au2510,2025-09-02 00:10:00,126413,800.74,800.74,800.58,800.62,57.0,141866.0,141879.0
au2510.SHFE,SHFE.au2510,2025-09-02 00:11:00,126414,800.62,800.92,800.6,800.88,137.0,141879.0,141852.0
au2510.SHFE,SHFE.au2510,2025-09-02 00:12:00,126415,800.88,800.9,800.78,800.88,122.0,141852.0,141866.0
au2510.SHFE,SHFE.au2510,2025-09-02 00:13:00,126416,800.88,800.94,800.82,800.92,127.0,141866.0,141863.0
au2510.SHFE,SHFE.au2510,2025-09-02 00:14:00,126417,800.92,800.94,800.86,800.94,95.0,141863.0,141872.0
au2510.SHFE,SHFE.au2510,2025-09-02 00:15:00,126418,800.94,800.98,800.82,800.84,126.0,141872.0,141913.0
au2510.SHFE,SHFE.au2510,2025-09-02 00:16:00,126419,800.84,800.92,800.84,800.9,26.0,141913.0,141911.0
au2510.SHFE,SHFE.au2510,2025-09-02 00:17:00,126420,800.9,800.9,800.84,800.9,36.0,141911.0,141913.0
au2510.SHFE,SHFE.au2510,2025-09-02 00:18:00,126421,800.9,800.94,800.88,800.88,47.0,141913.0,141901.0
au2510.SHFE,SHFE.au2510,2025-09-02 00:19:00,126422,800.88,800.94,800.86,800.9,107.0,141901.0,141855.0
au2510.SHFE,SHFE.au2510,2025-09-02 00:20:00,126423,800.9,801.02,800.88,800.96,139.0,141855.0,141855.0
au2510.SHFE,SHFE.au2510,2025-09-02 00:21:00,126424,800.96,801.0,800.96,801.0,57.0,141855.0,141866.0
au2510.SHFE,SHFE.au2510,2025-09-02 00:22:00,126425,801.0,801.06,800.96,801.04,67.0,141866.0,141872.0
au2510.SHFE,SHFE.au2510,2025-09-02 00:23:00,126426,801.04,801.06,800.98,800.98,88.0,141872.0,141853.0
au2510.SHFE,SHFE.au2510,2025-09-02 00:24:00,126427,800.98,801.06,800.98,801.06,159.0,141853.0,141738.0
au2510.SHFE,SHFE.au2510,2025-09-02 00:25:00,126428,801.06,801.08,800.92,800.94,98.0,141738.0,141741.0
au2510.SHFE,SHFE.au2510,2025-09-02 00:26:00,126429,800.94,801.02,800.86,801.0,105.0,141741.0,141714.0
au2510.SHFE,SHFE.au2510,2025-09-02 00:27:00,126430,801.0,801.1,800.98,801.06,177.0,141714.0,141712.0
au2510.SHFE,SHFE.au2510,2025-09-02 00:28:00,126431,801.06,801.06,801.0,801.04,23.0,141712.0,141713.0
au2510.SHFE,SHFE.au2510,2025-09-02 00:29:00,126432,801.04,801.06,801.0,801.0,44.0,141713.0,141709.0
au2510.SHFE,SHFE.au2510,2025-09-02 00:30:00,126433,801.0,801.0,800.94,801.0,72.0,141709.0,141710.0
au2510.SHFE,SHFE.au2510,2025-09-02 00:31:00,126434,801.0,801.1,800.98,801.06,68.0,141710.0,141704.0
au2510.SHFE,SHFE.au2510,2025-09-02 00:32:00,126435,801.06,801.1,801.04,801.08,52.0,141704.0,141686.0
au2510.SHFE,SHFE.au2510,2025-09-02 00:33:00,126436,801.08,801.08,801.04,801.04,53.0,141686.0,141680.0
au2510.SHFE,SHFE.au2510,2025-09-02 00:34:00,126437,801.04,801.1,801.04,801.08,36.0,141680.0,141681.0
au2510.SHFE,SHFE.au2510,2025-09-02 00:35:00,126438,801.08,801.14,801.08,801.14,67.0,141681.0,141649.0
au2510.SHFE,SHFE.au2510,2025-09-02 00:36:00,126439,801.14,801.26,801.14,801.18,107.0,141649.0,141605.0
au2510.SHFE,SHFE.au2510,2025-09-02 00:37:00,126440,801.18,801.2,801.16,801.2,31.0,141605.0,141604.0
au2510.SHFE,SHFE.au2510,2025-09-02 00:38:00,126441,801.2,801.2,801.14,801.14,59.0,141604.0,141606.0
au2510.SHFE,SHFE.au2510,2025-09-02 00:39:00,126442,801.14,801.2,801.12,801.2,59.0,141606.0,141581.0
au2510.SHFE,SHFE.au2510,2025-09-02 00:40:00,126443,801.2,801.24,801.16,801.22,51.0,141581.0,141585.0
au2510.SHFE,SHFE.au2510,2025-09-02 00:41:00,126444,801.22,801.24,801.14,801.22,56.0,141585.0,141578.0
au2510.SHFE,SHFE.au2510,2025-09-02 00:42:00,126445,801.22,801.28,801.22,801.28,45.0,141578.0,141565.0
au2510.SHFE,SHFE.au2510,2025-09-02 00:43:00,126446,801.28,801.28,801.24,801.24,66.0,141565.0,141569.0
au2510.SHFE,SHFE.au2510,2025-09-02 00:44:00,126447,801.24,801.26,801.2,801.24,105.0,141569.0,141517.0
au2510.SHFE,SHFE.au2510,2025-09-02 00:45:00,126448,801.24,801.28,801.22,801.22,38.0,141517.0,141498.0
au2510.SHFE,SHFE.au2510,2025-09-02 00:46:00,126449,801.22,801.46,801.2,801.36,184.0,141498.0,141389.0
au2510.SHFE,SHFE.au2510,2025-09-02 00:47:00,126450,801.36,801.42,801.32,801.38,64.0,141389.0,141389.0
au2510.SHFE,SHFE.au2510,2025-09-02 00:48:00,126451,801.38,801.42,801.34,801.38,44.0,141389.0,141389.0
au2510.SHFE,SHFE.au2510,2025-09-02 00:49:00,126452,801.38,801.42,801.3,801.32,67.0,141389.0,141379.0
au2510.SHFE,SHFE.au2510,2025-09-02 00:50:00,126453,801.32,801.38,801.32,801.34,74.0,141379.0,141351.0
au2510.SHFE,SHFE.au2510,2025-09-02 00:51:00,126454,801.34,801.38,801.32,801.34,42.0,141351.0,141336.0
au2510.SHFE,SHFE.au2510,2025-09-02 00:52:00,126455,801.34,801.4,801.34,801.34,38.0,141336.0,141333.0
au2510.SHFE,SHFE.au2510,2025-09-02 00:53:00,126456,801.34,801.42,801.34,801.42,93.0,141333.0,141345.0
au2510.SHFE,SHFE.au2510,2025-09-02 00:54:00,126457,801.42,801.42,801.38,801.38,74.0,141345.0,141315.0
au2510.SHFE,SHFE.au2510,2025-09-02 00:55:00,126458,801.38,801.4,801.3,801.32,79.0,141315.0,141311.0
au2510.SHFE,SHFE.au2510,2025-09-02 00:56:00,126459,801.32,801.44,801.32,801.4,72.0,141311.0,141295.0
au2510.SHFE,SHFE.au2510,2025-09-02 00:57:00,126460,801.4,801.42,801.38,801.38,28.0,141295.0,141291.0
au2510.SHFE,SHFE.au2510,2025-09-02 00:58:00,126461,801.38,801.46,801.36,801.36,41.0,141291.0,141288.0
au2510.SHFE,SHFE.au2510,2025-09-02 00:59:00,126462,801.36,801.36,801.26,801.32,87.0,141288.0,141275.0
au2510.SHFE,SHFE.au2510,2025-09-02 01:00:00,126463,801.32,801.36,801.28,801.3,62.0,141275.0,141274.0
au2510.SHFE,SHFE.au2510,2025-09-02 01:01:00,126464,801.3,801.36,801.28,801.36,30.0,141274.0,141270.0
au2510.SHFE,SHFE.au2510,2025-09-02 01:02:00,126465,801.36,801.44,801.36,801.38,43.0,141270.0,141276.0
au2510.SHFE,SHFE.au2510,2025-09-02 01:03:00,126466,801.38,801.38,801.3,801.3,23.0,141276.0,141276.0
au2510.SHFE,SHFE.au2510,2025-09-02 01:04:00,126467,801.3,801.32,801.28,801.32,33.0,141276.0,141274.0
au2510.SHFE,SHFE.au2510,2025-09-02 01:05:00,126468,801.32,801.32,801.28,801.28,37.0,141274.0,141258.0
au2510.SHFE,SHFE.au2510,2025-09-02 01:06:00,126469,801.28,801.4,801.28,801.36,81.0,141258.0,141238.0
au2510.SHFE,SHFE.au2510,2025-09-02 01:07:00,126470,801.36,801.36,801.22,801.24,60.0,141238.0,141227.0
au2510.SHFE,SHFE.au2510,2025-09-02 01:08:00,126471,801.24,801.24,801.14,801.22,49.0,141227.0,141213.0
au2510.SHFE,SHFE.au2510,2025-09-02 01:09:00,126472,801.22,801.34,801.22,801.28,26.0,141213.0,141213.0
au2510.SHFE,SHFE.au2510,2025-09-02 01:10:00,126473,801.28,801.3,801.26,801.26,37.0,141213.0,141214.0
au2510.SHFE,SHFE.au2510,2025-09-02 01:11:00,126474,801.26,801.26,801.16,801.16,44.0,141214.0,141198.0
au2510.SHFE,SHFE.au2510,2025-09-02 01:12:00,126475,801.16,801.28,801.16,801.24,41.0,141198.0,141181.0
au2510.SHFE,SHFE.au2510,2025-09-02 01:13:00,126476,801.24,801.28,801.24,801.24,11.0,141181.0,141184.0
au2510.SHFE,SHFE.au2510,2025-09-02 01:14:00,126477,801.24,801.26,801.22,801.24,14.0,141184.0,141184.0
au2510.SHFE,SHFE.au2510,2025-09-02 01:15:00,126478,801.24,801.36,801.24,801.36,57.0,141184.0,141191.0
au2510.SHFE,SHFE.au2510,2025-09-02 01:16:00,126479,801.36,801.36,801.28,801.28,22.0,141191.0,141194.0
au2510.SHFE,SHFE.au2510,2025-09-02 01:17:00,126480,801.28,801.28,801.24,801.28,12.0,141194.0,141193.0
au2510.SHFE,SHFE.au2510,2025-09-02 01:18:00,126481,801.28,801.3,801.28,801.28,16.0,141193.0,141193.0
au2510.SHFE,SHFE.au2510,2025-09-02 01:19:00,126482,801.28,801.3,801.2,801.22,33.0,141193.0,141182.0
au2510.SHFE,SHFE.au2510,2025-09-02 01:20:00,126483,801.22,801.24,801.22,801.22,20.0,141182.0,141179.0
au2510.SHFE,SHFE.au2510,2025-09-02 01:21:00,126484,801.22,801.28,801.22,801.24,6.0,141179.0,141179.0
au2510.SHFE,SHFE.au2510,2025-09-02 01:22:00,126485,801.24,801.26,801.22,801.22,9.0,141179.0,141178.0
au2510.SHFE,SHFE.au2510,2025-09-02 01:23:00,126486,801.22,801.32,801.22,801.32,14.0,141178.0,141174.0
au2510.SHFE,SHFE.au2510,2025-09-02 01:24:00,126487,801.32,801.34,801.3,801.32,31.0,141174.0,141185.0
au2510.SHFE,SHFE.au2510,2025-09-02 01:25:00,126488,801.32,801.32,801.28,801.28,20.0,141185.0,141179.0
au2510.SHFE,SHFE.au2510,2025-09-02 01:26:00,126489,801.28,801.34,801.28,801.34,16.0,141179.0,141176.0
au2510.SHFE,SHFE.au2510,2025-09-02 01:27:00,126490,801.34,801.4,801.3,801.38,39.0,141176.0,141169.0
au2510.SHFE,SHFE.au2510,2025-09-02 01:28:00,126491,801.38,801.42,801.36,801.36,37.0,141169.0,141179.0
au2510.SHFE,SHFE.au2510,2025-09-02 01:29:00,126492,801.36,801.38,801.32,801.36,22.0,141179.0,141179.0
au2510.SHFE,SHFE.au2510,2025-09-02 01:30:00,126493,801.36,801.42,801.36,801.42,43.0,141179.0,141190.0
au2510.SHFE,SHFE.au2510,2025-09-02 01:31:00,126494,801.42,801.62,801.42,801.62,123.0,141190.0,141166.0
au2510.SHFE,SHFE.au2510,2025-09-02 01:32:00,126495,801.62,801.66,801.6,801.62,68.0,141166.0,141187.0
au2510.SHFE,SHFE.au2510,2025-09-02 01:33:00,126496,801.62,801.62,801.56,801.58,39.0,141187.0,141202.0
au2510.SHFE,SHFE.au2510,2025-09-02 01:34:00,126497,801.58,801.6,801.5,801.5,53.0,141202.0,141190.0
au2510.SHFE,SHFE.au2510,2025-09-02 01:35:00,126498,801.5,801.58,801.5,801.56,24.0,141190.0,141194.0
au2510.SHFE,SHFE.au2510,2025-09-02 01:36:00,126499,801.56,801.56,801.46,801.5,17.0,141194.0,141193.0
au2510.SHFE,SHFE.au2510,2025-09-02 01:37:00,126500,801.5,801.5,801.48,801.5,10.0,141193.0,141190.0
au2510.SHFE,SHFE.au2510,2025-09-02 01:38:00,126501,801.5,801.54,801.46,801.52,24.0,141190.0,141189.0
au2510.SHFE,SHFE.au2510,2025-09-02 01:39:00,126502,801.52,801.52,801.52,801.52,1.0,141189.0,141190.0
au2510.SHFE,SHFE.au2510,2025-09-02 01:40:00,126503,801.52,801.54,801.5,801.52,19.0,141190.0,141195.0
au2510.SHFE,SHFE.au2510,2025-09-02 01:41:00,126504,801.52,801.52,801.48,801.48,18.0,141195.0,141193.0
au2510.SHFE,SHFE.au2510,2025-09-02 01:42:00,126505,801.48,801.5,801.46,801.46,26.0,141193.0,141199.0
au2510.SHFE,SHFE.au2510,2025-09-02 01:43:00,126506,801.46,801.5,801.46,801.48,15.0,141199.0,141199.0
au2510.SHFE,SHFE.au2510,2025-09-02 01:44:00,126507,801.48,801.56,801.48,801.56,28.0,141199.0,141200.0
au2510.SHFE,SHFE.au2510,2025-09-02 01:45:00,126508,801.56,801.6,801.54,801.54,98.0,141200.0,141218.0
au2510.SHFE,SHFE.au2510,2025-09-02 01:46:00,126509,801.54,801.56,801.52,801.56,15.0,141218.0,141215.0
au2510.SHFE,SHFE.au2510,2025-09-02 01:47:00,126510,801.56,801.56,801.52,801.54,21.0,141215.0,141222.0
au2510.SHFE,SHFE.au2510,2025-09-02 01:48:00,126511,801.54,801.54,801.5,801.54,11.0,141222.0,141220.0
au2510.SHFE,SHFE.au2510,2025-09-02 01:49:00,126512,801.54,801.54,801.54,801.54,1.0,141220.0,141220.0
au2510.SHFE,SHFE.au2510,2025-09-02 01:50:00,126513,801.54,801.56,801.54,801.56,6.0,141220.0,141217.0
au2510.SHFE,SHFE.au2510,2025-09-02 01:51:00,126514,801.56,801.58,801.54,801.56,8.0,141217.0,141219.0
au2510.SHFE,SHFE.au2510,2025-09-02 01:52:00,126515,801.56,801.58,801.52,801.56,11.0,141219.0,141219.0
au2510.SHFE,SHFE.au2510,2025-09-02 01:53:00,126516,801.56,801.56,801.52,801.54,10.0,141219.0,141220.0
au2510.SHFE,SHFE.au2510,2025-09-02 01:54:00,126517,801.54,801.56,801.5,801.56,11.0,141220.0,141220.0
au2510.SHFE,SHFE.au2510,2025-09-02 01:55:00,126518,801.56,801.56,801.52,801.52,12.0,141220.0,141218.0
au2510.SHFE,SHFE.au2510,2025-09-02 01:56:00,126519,801.52,801.56,801.5,801.5,14.0,141218.0,141215.0
au2510.SHFE,SHFE.au2510,2025-09-02 01:57:00,126520,801.5,801.5,801.5,801.5,1.0,141215.0,141215.0
au2510.SHFE,SHFE.au2510,2025-09-02 01:58:00,126521,801.5,801.56,801.5,801.54,7.0,141215.0,141215.0
au2510.SHFE,SHFE.au2510,2025-09-02 01:59:00,126522,801.54,801.62,801.52,801.6,46.0,141215.0,141208.0
au2510.SHFE,SHFE.au2510,2025-09-02 02:00:00,126523,801.6,801.62,801.58,801.6,25.0,141208.0,141210.0
au2510.SHFE,SHFE.au2510,2025-09-02 02:01:00,126524,801.6,801.6,801.4,801.42,56.0,141210.0,141217.0
au2510.SHFE,SHFE.au2510,2025-09-02 02:02:00,126525,801.42,801.44,801.34,801.44,24.0,141217.0,141216.0
au2510.SHFE,SHFE.au2510,2025-09-02 02:03:00,126526,801.44,801.5,801.42,801.5,21.0,141216.0,141208.0
au2510.SHFE,SHFE.au2510,2025-09-02 02:04:00,126527,801.5,801.54,801.46,801.5,24.0,141208.0,141203.0
au2510.SHFE,SHFE.au2510,2025-09-02 02:05:00,126528,801.5,801.5,801.42,801.42,14.0,141203.0,141195.0
au2510.SHFE,SHFE.au2510,2025-09-02 02:06:00,126529,801.42,801.42,801.34,801.38,26.0,141195.0,141192.0
au2510.SHFE,SHFE.au2510,2025-09-02 02:07:00,126530,801.38,801.42,801.36,801.42,28.0,141192.0,141180.0
au2510.SHFE,SHFE.au2510,2025-09-02 02:08:00,126531,801.42,801.46,801.4,801.46,18.0,141180.0,141169.0
au2510.SHFE,SHFE.au2510,2025-09-02 02:09:00,126532,801.46,801.54,801.44,801.52,25.0,141169.0,141170.0
au2510.SHFE,SHFE.au2510,2025-09-02 02:10:00,126533,801.52,801.52,801.34,801.36,45.0,141170.0,141149.0
au2510.SHFE,SHFE.au2510,2025-09-02 02:11:00,126534,801.36,801.4,801.34,801.36,20.0,141149.0,141145.0
au2510.SHFE,SHFE.au2510,2025-09-02 02:12:00,126535,801.36,801.38,801.26,801.34,77.0,141145.0,141118.0
au2510.SHFE,SHFE.au2510,2025-09-02 02:13:00,126536,801.34,801.36,801.28,801.28,54.0,141118.0,141121.0
au2510.SHFE,SHFE.au2510,2025-09-02 02:14:00,126537,801.28,801.36,801.28,801.36,26.0,141121.0,141125.0
au2510.SHFE,SHFE.au2510,2025-09-02 02:15:00,126538,801.36,801.36,801.28,801.3,49.0,141125.0,141130.0
au2510.SHFE,SHFE.au2510,2025-09-02 02:16:00,126539,801.3,801.4,801.3,801.36,53.0,141130.0,141132.0
au2510.SHFE,SHFE.au2510,2025-09-02 02:17:00,126540,801.36,801.4,801.34,801.4,17.0,141132.0,141132.0
au2510.SHFE,SHFE.au2510,2025-09-02 02:18:00,126541,801.4,801.46,801.4,801.46,46.0,141132.0,141122.0
au2510.SHFE,SHFE.au2510,2025-09-02 02:19:00,126542,801.46,801.54,801.42,801.42,45.0,141122.0,141124.0
au2510.SHFE,SHFE.au2510,2025-09-02 02:20:00,126543,801.42,801.5,801.42,801.5,32.0,141124.0,141109.0
au2510.SHFE,SHFE.au2510,2025-09-02 02:21:00,126544,801.5,801.5,801.42,801.44,37.0,141109.0,141111.0
au2510.SHFE,SHFE.au2510,2025-09-02 02:22:00,126545,801.44,801.56,801.44,801.56,53.0,141111.0,141093.0
au2510.SHFE,SHFE.au2510,2025-09-02 02:23:00,126546,801.56,801.56,801.4,801.44,40.0,141093.0,141079.0
au2510.SHFE,SHFE.au2510,2025-09-02 02:24:00,126547,801.44,801.44,801.38,801.38,34.0,141079.0,141060.0
au2510.SHFE,SHFE.au2510,2025-09-02 02:25:00,126548,801.38,801.44,801.34,801.38,40.0,141060.0,141051.0
au2510.SHFE,SHFE.au2510,2025-09-02 02:26:00,126549,801.38,801.4,801.36,801.38,47.0,141051.0,141033.0
au2510.SHFE,SHFE.au2510,2025-09-02 02:27:00,126550,801.38,801.46,801.38,801.38,82.0,141033.0,140991.0
au2510.SHFE,SHFE.au2510,2025-09-02 02:28:00,126551,801.38,801.42,801.34,801.38,153.0,140991.0,140951.0
au2510.SHFE,SHFE.au2510,2025-09-02 02:29:00,126552,801.38,801.58,801.3,801.58,202.0,140951.0,140898.0
au2510.SHFE,SHFE.au2510,2025-09-02 09:00:00,126553,802.0,802.34,801.84,801.98,1951.0,140898.0,141229.0
au2510.SHFE,SHFE.au2510,2025-09-02 09:01:00,126554,801.98,802.16,801.68,802.14,1028.0,141229.0,141399.0
au2510.SHFE,SHFE.au2510,2025-09-02 09:02:00,126555,802.14,802.98,802.02,802.76,1526.0,141399.0,141630.0
au2510.SHFE,SHFE.au2510,2025-09-02 09:03:00,126556,802.76,803.04,802.7,802.76,906.0,141630.0,141819.0
au2510.SHFE,SHFE.au2510,2025-09-02 09:04:00,126557,802.76,802.76,802.26,802.54,778.0,141819.0,141829.0
au2510.SHFE,SHFE.au2510,2025-09-02 09:05:00,126558,802.54,802.72,802.54,802.7,502.0,141829.0,141869.0
au2510.SHFE,SHFE.au2510,2025-09-02 09:06:00,126559,802.7,802.88,802.54,802.74,619.0,141869.0,141947.0
au2510.SHFE,SHFE.au2510,2025-09-02 09:07:00,126560,802.74,802.98,802.72,802.86,604.0,141947.0,142030.0
au2510.SHFE,SHFE.au2510,2025-09-02 09:08:00,126561,802.86,803.02,802.82,802.94,390.0,142030.0,142055.0
au2510.SHFE,SHFE.au2510,2025-09-02 09:09:00,126562,802.94,803.44,802.86,803.44,803.0,142055.0,142079.0
au2510.SHFE,SHFE.au2510,2025-09-02 09:10:00,126563,803.44,803.92,803.36,803.78,1439.0,142079.0,142011.0
au2510.SHFE,SHFE.au2510,2025-09-02 09:11:00,126564,803.78,804.0,803.58,803.58,907.0,142011.0,142043.0
au2510.SHFE,SHFE.au2510,2025-09-02 09:12:00,126565,803.58,803.94,803.5,803.92,719.0,142043.0,142005.0
au2510.SHFE,SHFE.au2510,2025-09-02 09:13:00,126566,803.92,804.6,803.92,804.58,1329.0,142005.0,142073.0
au2510.SHFE,SHFE.au2510,2025-09-02 09:14:00,126567,804.58,804.92,804.58,804.7,1102.0,142073.0,142003.0
au2510.SHFE,SHFE.au2510,2025-09-02 09:15:00,126568,804.7,805.2,804.44,805.08,1137.0,142003.0,141999.0
au2510.SHFE,SHFE.au2510,2025-09-02 09:16:00,126569,805.08,805.8,805.02,805.68,1604.0,141999.0,142213.0
au2510.SHFE,SHFE.au2510,2025-09-02 09:17:00,126570,805.68,806.48,805.62,806.22,2178.0,142213.0,142310.0
au2510.SHFE,SHFE.au2510,2025-09-02 09:18:00,126571,806.22,806.26,805.54,805.98,1248.0,142310.0,142208.0
au2510.SHFE,SHFE.au2510,2025-09-02 09:19:00,126572,805.98,806.2,805.82,806.08,1398.0,142208.0,142307.0
au2510.SHFE,SHFE.au2510,2025-09-02 09:20:00,126573,806.08,806.66,806.08,806.14,1617.0,142307.0,142437.0
au2510.SHFE,SHFE.au2510,2025-09-02 09:21:00,126574,806.14,806.34,805.92,806.3,949.0,142437.0,142393.0
au2510.SHFE,SHFE.au2510,2025-09-02 09:22:00,126575,806.3,806.78,806.14,806.42,1128.0,142393.0,142393.0
au2510.SHFE,SHFE.au2510,2025-09-02 09:23:00,126576,806.42,806.46,806.22,806.42,573.0,142393.0,142348.0
au2510.SHFE,SHFE.au2510,2025-09-02 09:24:00,126577,806.42,806.48,806.0,806.0,957.0,142348.0,142420.0
au2510.SHFE,SHFE.au2510,2025-09-02 09:25:00,126578,806.0,806.58,805.9,806.58,1087.0,142420.0,142411.0
au2510.SHFE,SHFE.au2510,2025-09-02 09:26:00,126579,806.58,806.68,806.28,806.32,587.0,142411.0,142457.0
au2510.SHFE,SHFE.au2510,2025-09-02 09:27:00,126580,806.32,806.36,806.08,806.28,531.0,142457.0,142521.0
au2510.SHFE,SHFE.au2510,2025-09-02 09:28:00,126581,806.28,806.6,806.18,806.4,694.0,142521.0,142548.0
au2510.SHFE,SHFE.au2510,2025-09-02 09:29:00,126582,806.4,807.08,806.34,806.9,1134.0,142548.0,142600.0
au2510.SHFE,SHFE.au2510,2025-09-02 09:30:00,126583,806.9,807.12,806.7,807.08,995.0,142600.0,142695.0
au2510.SHFE,SHFE.au2510,2025-09-02 09:31:00,126584,807.08,807.48,806.74,807.04,1441.0,142695.0,142678.0
au2510.SHFE,SHFE.au2510,2025-09-02 09:32:00,126585,807.04,807.22,806.86,807.18,605.0,142678.0,142629.0
au2510.SHFE,SHFE.au2510,2025-09-02 09:33:00,126586,807.18,807.32,807.06,807.12,523.0,142629.0,142683.0
au2510.SHFE,SHFE.au2510,2025-09-02 09:34:00,126587,807.12,807.18,807.02,807.1,417.0,142683.0,142714.0
au2510.SHFE,SHFE.au2510,2025-09-02 09:35:00,126588,807.1,807.12,806.96,807.0,553.0,142714.0,142693.0
au2510.SHFE,SHFE.au2510,2025-09-02 09:36:00,126589,807.0,807.06,806.84,806.86,547.0,142693.0,142671.0
au2510.SHFE,SHFE.au2510,2025-09-02 09:37:00,126590,806.86,807.34,806.84,807.04,883.0,142671.0,142790.0
au2510.SHFE,SHFE.au2510,2025-09-02 09:38:00,126591,807.04,807.2,806.8,807.16,826.0,142790.0,142802.0
au2510.SHFE,SHFE.au2510,2025-09-02 09:39:00,126592,807.16,807.3,807.1,807.26,598.0,142802.0,142749.0
au2510.SHFE,SHFE.au2510,2025-09-02 09:40:00,126593,807.26,807.42,807.06,807.36,551.0,142749.0,142781.0
au2510.SHFE,SHFE.au2510,2025-09-02 09:41:00,126594,807.36,807.46,807.24,807.3,480.0,142781.0,142788.0
au2510.SHFE,SHFE.au2510,2025-09-02 09:42:00,126595,807.3,807.36,807.1,807.3,525.0,142788.0,142849.0
au2510.SHFE,SHFE.au2510,2025-09-02 09:43:00,126596,807.3,808.0,807.3,807.98,1190.0,142849.0,142929.0
au2510.SHFE,SHFE.au2510,2025-09-02 09:44:00,126597,807.98,808.52,807.96,808.52,1836.0,142929.0,143231.0
au2510.SHFE,SHFE.au2510,2025-09-02 09:45:00,126598,808.52,809.08,808.34,808.98,1662.0,143231.0,143289.0
au2510.SHFE,SHFE.au2510,2025-09-02 09:46:00,126599,808.98,809.34,808.68,809.22,1727.0,143289.0,143426.0
au2510.SHFE,SHFE.au2510,2025-09-02 09:47:00,126600,809.22,809.98,808.76,808.78,2118.0,143426.0,143495.0
au2510.SHFE,SHFE.au2510,2025-09-02 09:48:00,126601,808.78,808.86,807.42,807.54,2693.0,143495.0,142909.0
au2510.SHFE,SHFE.au2510,2025-09-02 09:49:00,126602,807.54,807.74,806.0,806.3,3448.0,142909.0,142539.0
au2510.SHFE,SHFE.au2510,2025-09-02 09:50:00,126603,806.3,806.38,805.26,805.6,3575.0,142539.0,142069.0
au2510.SHFE,SHFE.au2510,2025-09-02 09:51:00,126604,805.6,806.32,805.2,806.3,2320.0,142069.0,141950.0
au2510.SHFE,SHFE.au2510,2025-09-02 09:52:00,126605,806.3,806.32,805.68,805.86,1774.0,141950.0,141951.0
au2510.SHFE,SHFE.au2510,2025-09-02 09:53:00,126606,805.86,805.9,805.22,805.24,951.0,141951.0,141999.0
au2510.SHFE,SHFE.au2510,2025-09-02 09:54:00,126607,805.24,806.0,805.24,805.86,1028.0,141999.0,141880.0
au2510.SHFE,SHFE.au2510,2025-09-02 09:55:00,126608,805.86,806.32,805.8,806.1,1140.0,141880.0,141830.0
au2510.SHFE,SHFE.au2510,2025-09-02 09:56:00,126609,806.1,806.44,805.8,805.86,1357.0,141830.0,142066.0
au2510.SHFE,SHFE.au2510,2025-09-02 09:57:00,126610,805.86,806.32,805.7,806.3,749.0,142066.0,142011.0
au2510.SHFE,SHFE.au2510,2025-09-02 09:58:00,126611,806.3,806.58,806.12,806.42,749.0,142011.0,141884.0
au2510.SHFE,SHFE.au2510,2025-09-02 09:59:00,126612,806.42,807.0,806.24,807.0,948.0,141884.0,141729.0
au2510.SHFE,SHFE.au2510,2025-09-02 10:00:00,126613,807.0,807.0,806.6,806.66,749.0,141729.0,141751.0
au2510.SHFE,SHFE.au2510,2025-09-02 10:01:00,126614,806.66,806.86,806.4,806.82,668.0,141751.0,141755.0
au2510.SHFE,SHFE.au2510,2025-09-02 10:02:00,126615,806.82,807.16,806.78,806.9,701.0,141755.0,141703.0
au2510.SHFE,SHFE.au2510,2025-09-02 10:03:00,126616,806.9,807.12,806.8,807.04,502.0,141703.0,141654.0
au2510.SHFE,SHFE.au2510,2025-09-02 10:04:00,126617,807.04,807.04,806.5,807.02,727.0,141654.0,141558.0
au2510.SHFE,SHFE.au2510,2025-09-02 10:05:00,126618,807.02,807.2,806.9,807.0,713.0,141558.0,141469.0
au2510.SHFE,SHFE.au2510,2025-09-02 10:06:00,126619,807.0,807.04,806.8,806.96,462.0,141469.0,141455.0
au2510.SHFE,SHFE.au2510,2025-09-02 10:07:00,126620,806.96,807.6,806.88,807.4,835.0,141455.0,141289.0
au2510.SHFE,SHFE.au2510,2025-09-02 10:08:00,126621,807.4,807.9,807.4,807.9,598.0,141289.0,141328.0
au2510.SHFE,SHFE.au2510,2025-09-02 10:09:00,126622,807.9,807.96,807.4,807.48,623.0,141328.0,141413.0
au2510.SHFE,SHFE.au2510,2025-09-02 10:10:00,126623,807.48,807.48,807.0,807.06,517.0,141413.0,141357.0
au2510.SHFE,SHFE.au2510,2025-09-02 10:11:00,126624,807.06,807.06,806.54,806.76,680.0,141357.0,141289.0
au2510.SHFE,SHFE.au2510,2025-09-02 10:12:00,126625,806.76,806.8,806.24,806.3,823.0,141289.0,141225.0
au2510.SHFE,SHFE.au2510,2025-09-02 10:13:00,126626,806.3,806.56,806.14,806.46,722.0,141225.0,141208.0
au2510.SHFE,SHFE.au2510,2025-09-02 10:14:00,126627,806.46,806.82,806.38,806.5,351.0,141208.0,141150.0
au2510.SHFE,SHFE.au2510,2025-09-02 10:30:00,126628,805.98,806.24,805.88,806.06,1172.0,141150.0,141382.0
au2510.SHFE,SHFE.au2510,2025-09-02 10:31:00,126629,806.06,806.34,806.04,806.28,557.0,141382.0,141439.0
au2510.SHFE,SHFE.au2510,2025-09-02 10:32:00,126630,806.28,806.44,806.2,806.32,440.0,141439.0,141366.0
au2510.SHFE,SHFE.au2510,2025-09-02 10:33:00,126631,806.32,806.32,806.06,806.12,404.0,141366.0,141375.0
au2510.SHFE,SHFE.au2510,2025-09-02 10:34:00,126632,806.12,806.2,806.1,806.18,161.0,141375.0,141387.0
au2510.SHFE,SHFE.au2510,2025-09-02 10:35:00,126633,806.18,806.28,806.12,806.26,207.0,141387.0,141383.0
au2510.SHFE,SHFE.au2510,2025-09-02 10:36:00,126634,806.26,806.64,806.26,806.54,386.0,141383.0,141415.0
au2510.SHFE,SHFE.au2510,2025-09-02 10:37:00,126635,806.54,806.82,806.46,806.7,323.0,141415.0,141449.0
au2510.SHFE,SHFE.au2510,2025-09-02 10:38:00,126636,806.7,806.82,806.62,806.62,405.0,141449.0,141431.0
au2510.SHFE,SHFE.au2510,2025-09-02 10:39:00,126637,806.62,806.78,806.58,806.68,176.0,141431.0,141446.0
au2510.SHFE,SHFE.au2510,2025-09-02 10:40:00,126638,806.68,806.94,806.58,806.6,314.0,141446.0,141414.0
au2510.SHFE,SHFE.au2510,2025-09-02 10:41:00,126639,806.6,807.0,806.6,806.98,346.0,141414.0,141338.0
au2510.SHFE,SHFE.au2510,2025-09-02 10:42:00,126640,806.98,807.36,806.88,807.32,415.0,141338.0,141316.0
au2510.SHFE,SHFE.au2510,2025-09-02 10:43:00,126641,807.32,807.42,807.2,807.28,345.0,141316.0,141271.0
au2510.SHFE,SHFE.au2510,2025-09-02 10:44:00,126642,807.28,807.46,807.24,807.38,275.0,141271.0,141245.0
au2510.SHFE,SHFE.au2510,2025-09-02 10:45:00,126643,807.38,807.46,806.92,807.08,493.0,141245.0,141216.0
au2510.SHFE,SHFE.au2510,2025-09-02 10:46:00,126644,807.08,807.32,807.06,807.32,334.0,141216.0,141248.0
au2510.SHFE,SHFE.au2510,2025-09-02 10:47:00,126645,807.32,807.34,807.16,807.24,197.0,141248.0,141258.0
au2510.SHFE,SHFE.au2510,2025-09-02 10:48:00,126646,807.24,807.34,807.12,807.12,253.0,141258.0,141252.0
au2510.SHFE,SHFE.au2510,2025-09-02 10:49:00,126647,807.12,807.22,807.04,807.22,454.0,141252.0,141223.0
au2510.SHFE,SHFE.au2510,2025-09-02 10:50:00,126648,807.22,807.22,806.94,807.02,276.0,141223.0,141181.0
au2510.SHFE,SHFE.au2510,2025-09-02 10:51:00,126649,807.02,807.12,806.84,806.96,342.0,141181.0,141234.0
au2510.SHFE,SHFE.au2510,2025-09-02 10:52:00,126650,806.96,807.04,806.94,807.04,161.0,141234.0,141195.0
au2510.SHFE,SHFE.au2510,2025-09-02 10:53:00,126651,807.04,807.08,806.98,807.08,167.0,141195.0,141191.0
au2510.SHFE,SHFE.au2510,2025-09-02 10:54:00,126652,807.08,807.16,806.96,807.04,204.0,141191.0,141180.0
au2510.SHFE,SHFE.au2510,2025-09-02 10:55:00,126653,807.04,807.1,806.96,806.98,197.0,141180.0,141215.0
au2510.SHFE,SHFE.au2510,2025-09-02 10:56:00,126654,806.98,807.02,806.78,807.02,292.0,141215.0,141173.0
au2510.SHFE,SHFE.au2510,2025-09-02 10:57:00,126655,807.02,807.1,806.98,807.08,196.0,141173.0,141128.0
au2510.SHFE,SHFE.au2510,2025-09-02 10:58:00,126656,807.08,807.18,807.0,807.18,209.0,141128.0,141081.0
au2510.SHFE,SHFE.au2510,2025-09-02 10:59:00,126657,807.18,807.24,807.04,807.1,218.0,141081.0,141039.0
au2510.SHFE,SHFE.au2510,2025-09-02 11:00:00,126658,807.1,807.1,806.9,807.0,284.0,141039.0,141052.0
au2510.SHFE,SHFE.au2510,2025-09-02 11:01:00,126659,807.0,807.0,806.64,806.7,347.0,141052.0,141102.0
au2510.SHFE,SHFE.au2510,2025-09-02 11:02:00,126660,806.7,806.72,806.26,806.26,557.0,141102.0,140997.0
au2510.SHFE,SHFE.au2510,2025-09-02 11:03:00,126661,806.26,806.48,806.26,806.46,521.0,140997.0,140985.0
au2510.SHFE,SHFE.au2510,2025-09-02 11:04:00,126662,806.46,806.64,806.32,806.64,386.0,140985.0,140975.0
au2510.SHFE,SHFE.au2510,2025-09-02 11:05:00,126663,806.64,806.74,806.38,806.38,559.0,140975.0,141004.0
au2510.SHFE,SHFE.au2510,2025-09-02 11:06:00,126664,806.38,806.46,806.2,806.2,460.0,141004.0,141022.0
au2510.SHFE,SHFE.au2510,2025-09-02 11:07:00,126665,806.2,806.5,806.1,806.42,348.0,141022.0,140992.0
au2510.SHFE,SHFE.au2510,2025-09-02 11:08:00,126666,806.42,806.5,806.26,806.32,361.0,140992.0,140952.0
au2510.SHFE,SHFE.au2510,2025-09-02 11:09:00,126667,806.32,806.46,806.3,806.38,284.0,140952.0,140924.0
au2510.SHFE,SHFE.au2510,2025-09-02 11:10:00,126668,806.38,806.38,806.2,806.22,291.0,140924.0,140891.0
au2510.SHFE,SHFE.au2510,2025-09-02 11:11:00,126669,806.22,806.26,806.12,806.16,151.0,140891.0,140897.0
au2510.SHFE,SHFE.au2510,2025-09-02 11:12:00,126670,806.16,806.28,806.16,806.24,115.0,140897.0,140874.0
au2510.SHFE,SHFE.au2510,2025-09-02 11:13:00,126671,806.24,806.46,806.22,806.38,239.0,140874.0,140866.0
au2510.SHFE,SHFE.au2510,2025-09-02 11:14:00,126672,806.38,806.44,806.3,806.32,156.0,140866.0,140863.0
au2510.SHFE,SHFE.au2510,2025-09-02 11:15:00,126673,806.32,806.32,806.1,806.18,277.0,140863.0,140843.0
au2510.SHFE,SHFE.au2510,2025-09-02 11:16:00,126674,806.18,806.24,805.9,806.0,382.0,140843.0,140760.0
au2510.SHFE,SHFE.au2510,2025-09-02 11:17:00,126675,806.0,806.06,805.72,805.84,411.0,140760.0,140755.0
au2510.SHFE,SHFE.au2510,2025-09-02 11:18:00,126676,805.84,805.96,805.52,805.76,635.0,140755.0,140685.0
au2510.SHFE,SHFE.au2510,2025-09-02 11:19:00,126677,805.76,805.96,805.74,805.92,225.0,140685.0,140689.0
au2510.SHFE,SHFE.au2510,2025-09-02 11:20:00,126678,805.92,806.14,805.88,806.0,242.0,140689.0,140661.0
au2510.SHFE,SHFE.au2510,2025-09-02 11:21:00,126679,806.0,806.04,805.78,805.78,227.0,140661.0,140704.0
au2510.SHFE,SHFE.au2510,2025-09-02 11:22:00,126680,805.78,806.0,805.78,805.94,141.0,140704.0,140713.0
au2510.SHFE,SHFE.au2510,2025-09-02 11:23:00,126681,805.94,806.04,805.9,805.96,127.0,140713.0,140751.0
au2510.SHFE,SHFE.au2510,2025-09-02 11:24:00,126682,805.96,806.12,805.94,806.1,166.0,140751.0,140723.0
au2510.SHFE,SHFE.au2510,2025-09-02 11:25:00,126683,806.1,806.12,805.96,806.1,154.0,140723.0,140742.0
au2510.SHFE,SHFE.au2510,2025-09-02 11:26:00,126684,806.1,806.36,806.08,806.12,382.0,140742.0,140710.0
au2510.SHFE,SHFE.au2510,2025-09-02 11:27:00,126685,806.12,806.16,806.0,806.14,121.0,140710.0,140670.0
au2510.SHFE,SHFE.au2510,2025-09-02 11:28:00,126686,806.14,806.24,806.1,806.14,198.0,140670.0,140642.0
au2510.SHFE,SHFE.au2510,2025-09-02 11:29:00,126687,806.14,806.14,806.0,806.06,154.0,140642.0,140613.0
au2510.SHFE,SHFE.au2510,2025-09-02 13:30:00,126688,806.02,806.4,806.0,806.28,665.0,140613.0,140619.0
au2510.SHFE,SHFE.au2510,2025-09-02 13:31:00,126689,806.28,806.3,806.02,806.08,359.0,140619.0,140595.0
au2510.SHFE,SHFE.au2510,2025-09-02 13:32:00,126690,806.08,806.24,806.04,806.24,186.0,140595.0,140618.0
au2510.SHFE,SHFE.au2510,2025-09-02 13:33:00,126691,806.24,806.44,806.2,806.36,268.0,140618.0,140632.0
au2510.SHFE,SHFE.au2510,2025-09-02 13:34:00,126692,806.36,806.48,806.34,806.38,190.0,140632.0,140630.0
au2510.SHFE,SHFE.au2510,2025-09-02 13:35:00,126693,806.38,806.56,806.34,806.56,243.0,140630.0,140668.0
au2510.SHFE,SHFE.au2510,2025-09-02 13:36:00,126694,806.56,806.7,806.5,806.52,448.0,140668.0,140708.0
au2510.SHFE,SHFE.au2510,2025-09-02 13:37:00,126695,806.52,806.72,806.52,806.68,341.0,140708.0,140710.0
au2510.SHFE,SHFE.au2510,2025-09-02 13:38:00,126696,806.68,806.76,806.5,806.64,268.0,140710.0,140708.0
au2510.SHFE,SHFE.au2510,2025-09-02 13:39:00,126697,806.64,806.72,806.58,806.68,221.0,140708.0,140723.0
au2510.SHFE,SHFE.au2510,2025-09-02 13:40:00,126698,806.68,806.76,806.48,806.54,227.0,140723.0,140698.0
au2510.SHFE,SHFE.au2510,2025-09-02 13:41:00,126699,806.54,806.6,806.48,806.6,111.0,140698.0,140684.0
au2510.SHFE,SHFE.au2510,2025-09-02 13:42:00,126700,806.6,806.6,806.4,806.44,172.0,140684.0,140663.0
au2510.SHFE,SHFE.au2510,2025-09-02 13:43:00,126701,806.44,806.44,806.1,806.16,498.0,140663.0,140599.0
au2510.SHFE,SHFE.au2510,2025-09-02 13:44:00,126702,806.16,806.38,806.12,806.36,332.0,140599.0,140671.0
au2510.SHFE,SHFE.au2510,2025-09-02 13:45:00,126703,806.36,806.36,806.18,806.2,110.0,140671.0,140675.0
au2510.SHFE,SHFE.au2510,2025-09-02 13:46:00,126704,806.2,806.32,806.18,806.26,96.0,140675.0,140653.0
au2510.SHFE,SHFE.au2510,2025-09-02 13:47:00,126705,806.26,806.3,806.26,806.26,94.0,140653.0,140643.0
au2510.SHFE,SHFE.au2510,2025-09-02 13:48:00,126706,806.26,806.32,806.22,806.32,199.0,140643.0,140647.0
au2510.SHFE,SHFE.au2510,2025-09-02 13:49:00,126707,806.32,806.38,806.26,806.3,225.0,140647.0,140644.0
au2510.SHFE,SHFE.au2510,2025-09-02 13:50:00,126708,806.3,806.3,806.16,806.28,140.0,140644.0,140636.0
au2510.SHFE,SHFE.au2510,2025-09-02 13:51:00,126709,806.28,806.34,806.16,806.3,135.0,140636.0,140628.0
au2510.SHFE,SHFE.au2510,2025-09-02 13:52:00,126710,806.3,806.52,806.3,806.42,300.0,140628.0,140620.0
au2510.SHFE,SHFE.au2510,2025-09-02 13:53:00,126711,806.42,806.44,806.3,806.32,113.0,140620.0,140607.0
au2510.SHFE,SHFE.au2510,2025-09-02 13:54:00,126712,806.32,806.32,805.96,806.14,450.0,140607.0,140676.0
au2510.SHFE,SHFE.au2510,2025-09-02 13:55:00,126713,806.14,806.26,806.08,806.26,181.0,140676.0,140673.0
au2510.SHFE,SHFE.au2510,2025-09-02 13:56:00,126714,806.26,806.34,806.14,806.22,230.0,140673.0,140625.0
au2510.SHFE,SHFE.au2510,2025-09-02 13:57:00,126715,806.22,806.24,806.02,806.14,285.0,140625.0,140656.0
au2510.SHFE,SHFE.au2510,2025-09-02 13:58:00,126716,806.14,806.14,806.04,806.1,367.0,140656.0,140779.0
au2510.SHFE,SHFE.au2510,2025-09-02 13:59:00,126717,806.1,806.16,806.04,806.12,385.0,140779.0,140857.0
au2510.SHFE,SHFE.au2510,2025-09-02 14:00:00,126718,806.12,806.34,806.06,806.3,260.0,140857.0,140801.0
au2510.SHFE,SHFE.au2510,2025-09-02 14:01:00,126719,806.3,806.46,806.28,806.4,232.0,140801.0,140744.0
au2510.SHFE,SHFE.au2510,2025-09-02 14:02:00,126720,806.4,806.42,806.26,806.26,259.0,140744.0,140688.0
au2510.SHFE,SHFE.au2510,2025-09-02 14:03:00,126721,806.26,806.3,805.92,805.92,447.0,140688.0,140786.0
au2510.SHFE,SHFE.au2510,2025-09-02 14:04:00,126722,805.92,806.12,805.9,806.1,315.0,140786.0,140820.0
au2510.SHFE,SHFE.au2510,2025-09-02 14:05:00,126723,806.1,806.26,806.04,806.06,212.0,140820.0,140811.0
au2510.SHFE,SHFE.au2510,2025-09-02 14:06:00,126724,806.06,806.28,806.06,806.06,285.0,140811.0,140760.0
au2510.SHFE,SHFE.au2510,2025-09-02 14:07:00,126725,806.06,806.2,806.06,806.16,159.0,140760.0,140706.0
au2510.SHFE,SHFE.au2510,2025-09-02 14:08:00,126726,806.16,806.22,806.08,806.08,170.0,140706.0,140698.0
au2510.SHFE,SHFE.au2510,2025-09-02 14:09:00,126727,806.08,806.18,806.04,806.04,230.0,140698.0,140755.0
au2510.SHFE,SHFE.au2510,2025-09-02 14:10:00,126728,806.04,806.12,805.9,806.1,315.0,140755.0,140770.0
au2510.SHFE,SHFE.au2510,2025-09-02 14:11:00,126729,806.1,806.2,805.9,805.94,235.0,140770.0,140745.0
au2510.SHFE,SHFE.au2510,2025-09-02 14:12:00,126730,805.94,805.96,805.78,805.92,364.0,140745.0,140833.0
au2510.SHFE,SHFE.au2510,2025-09-02 14:13:00,126731,805.92,805.92,805.78,805.8,218.0,140833.0,140832.0
au2510.SHFE,SHFE.au2510,2025-09-02 14:14:00,126732,805.8,805.8,805.42,805.44,637.0,140832.0,140767.0
au2510.SHFE,SHFE.au2510,2025-09-02 14:15:00,126733,805.44,805.56,805.38,805.5,557.0,140767.0,140709.0
au2510.SHFE,SHFE.au2510,2025-09-02 14:16:00,126734,805.5,805.6,805.42,805.54,389.0,140709.0,140751.0
au2510.SHFE,SHFE.au2510,2025-09-02 14:17:00,126735,805.54,805.58,805.06,805.3,721.0,140751.0,140779.0
au2510.SHFE,SHFE.au2510,2025-09-02 14:18:00,126736,805.3,805.3,804.8,804.8,1280.0,140779.0,140675.0
au2510.SHFE,SHFE.au2510,2025-09-02 14:19:00,126737,804.8,805.0,804.72,804.72,837.0,140675.0,140761.0
au2510.SHFE,SHFE.au2510,2025-09-02 14:20:00,126738,804.72,804.9,804.64,804.9,951.0,140761.0,140703.0
au2510.SHFE,SHFE.au2510,2025-09-02 14:21:00,126739,804.9,805.26,804.9,805.26,567.0,140703.0,140648.0
au2510.SHFE,SHFE.au2510,2025-09-02 14:22:00,126740,805.26,805.26,804.9,804.9,414.0,140648.0,140652.0
au2510.SHFE,SHFE.au2510,2025-09-02 14:23:00,126741,804.9,805.08,804.86,805.0,284.0,140652.0,140604.0
au2510.SHFE,SHFE.au2510,2025-09-02 14:24:00,126742,805.0,805.0,804.42,804.68,816.0,140604.0,140595.0
au2510.SHFE,SHFE.au2510,2025-09-02 14:25:00,126743,804.68,804.72,804.32,804.52,758.0,140595.0,140345.0
au2510.SHFE,SHFE.au2510,2025-09-02 14:26:00,126744,804.52,804.52,803.9,804.06,1077.0,140345.0,140126.0
au2510.SHFE,SHFE.au2510,2025-09-02 14:27:00,126745,804.06,804.26,803.84,803.88,885.0,140126.0,140144.0
au2510.SHFE,SHFE.au2510,2025-09-02 14:28:00,126746,803.88,804.12,803.82,804.02,823.0,140144.0,140027.0
au2510.SHFE,SHFE.au2510,2025-09-02 14:29:00,126747,804.02,804.28,804.0,804.08,829.0,140027.0,139861.0
au2510.SHFE,SHFE.au2510,2025-09-02 14:30:00,126748,804.08,804.42,803.92,804.42,641.0,139861.0,139760.0
au2510.SHFE,SHFE.au2510,2025-09-02 14:31:00,126749,804.42,804.84,804.36,804.66,641.0,139760.0,139650.0
au2510.SHFE,SHFE.au2510,2025-09-02 14:32:00,126750,804.66,804.9,804.66,804.82,617.0,139650.0,139516.0
au2510.SHFE,SHFE.au2510,2025-09-02 14:33:00,126751,804.82,804.88,804.58,804.72,413.0,139516.0,139485.0
au2510.SHFE,SHFE.au2510,2025-09-02 14:34:00,126752,804.72,804.92,804.7,804.74,351.0,139485.0,139453.0
au2510.SHFE,SHFE.au2510,2025-09-02 14:35:00,126753,804.74,805.2,804.74,805.04,526.0,139453.0,139474.0
au2510.SHFE,SHFE.au2510,2025-09-02 14:36:00,126754,805.04,805.06,804.84,804.94,318.0,139474.0,139461.0
au2510.SHFE,SHFE.au2510,2025-09-02 14:37:00,126755,804.94,805.08,804.88,805.08,218.0,139461.0,139446.0
au2510.SHFE,SHFE.au2510,2025-09-02 14:38:00,126756,805.08,805.16,805.04,805.1,298.0,139446.0,139416.0
au2510.SHFE,SHFE.au2510,2025-09-02 14:39:00,126757,805.1,805.16,804.88,804.88,279.0,139416.0,139447.0
au2510.SHFE,SHFE.au2510,2025-09-02 14:40:00,126758,804.88,804.94,804.46,804.5,476.0,139447.0,139352.0
au2510.SHFE,SHFE.au2510,2025-09-02 14:41:00,126759,804.5,804.58,804.46,804.46,465.0,139352.0,139294.0
au2510.SHFE,SHFE.au2510,2025-09-02 14:42:00,126760,804.46,804.52,804.28,804.42,322.0,139294.0,139283.0
au2510.SHFE,SHFE.au2510,2025-09-02 14:43:00,126761,804.42,804.64,804.36,804.4,436.0,139283.0,139207.0
au2510.SHFE,SHFE.au2510,2025-09-02 14:44:00,126762,804.4,804.42,804.2,804.24,371.0,139207.0,139188.0
au2510.SHFE,SHFE.au2510,2025-09-02 14:45:00,126763,804.24,804.44,804.04,804.26,561.0,139188.0,139200.0
au2510.SHFE,SHFE.au2510,2025-09-02 14:46:00,126764,804.26,804.34,804.04,804.14,365.0,139200.0,139191.0
au2510.SHFE,SHFE.au2510,2025-09-02 14:47:00,126765,804.14,804.18,803.78,803.8,362.0,139191.0,139185.0
au2510.SHFE,SHFE.au2510,2025-09-02 14:48:00,126766,803.8,803.96,803.74,803.9,500.0,139185.0,139187.0
au2510.SHFE,SHFE.au2510,2025-09-02 14:49:00,126767,803.9,804.16,803.86,803.92,486.0,139187.0,139102.0
au2510.SHFE,SHFE.au2510,2025-09-02 14:50:00,126768,803.92,804.04,803.8,804.04,370.0,139102.0,139088.0
au2510.SHFE,SHFE.au2510,2025-09-02 14:51:00,126769,804.04,804.12,803.82,803.86,355.0,139088.0,139047.0
au2510.SHFE,SHFE.au2510,2025-09-02 14:52:00,126770,803.86,804.24,803.86,804.24,275.0,139047.0,139008.0
au2510.SHFE,SHFE.au2510,2025-09-02 14:53:00,126771,804.24,804.28,804.08,804.22,392.0,139008.0,138976.0
au2510.SHFE,SHFE.au2510,2025-09-02 14:54:00,126772,804.22,804.28,804.08,804.14,363.0,138976.0,139014.0
au2510.SHFE,SHFE.au2510,2025-09-02 14:55:00,126773,804.14,804.38,804.08,804.3,491.0,139014.0,139007.0
au2510.SHFE,SHFE.au2510,2025-09-02 14:56:00,126774,804.3,804.44,804.3,804.4,514.0,139007.0,138884.0
au2510.SHFE,SHFE.au2510,2025-09-02 14:57:00,126775,804.4,804.58,804.4,804.56,388.0,138884.0,138798.0
au2510.SHFE,SHFE.au2510,2025-09-02 14:58:00,126776,804.56,804.56,804.42,804.5,326.0,138798.0,138745.0
au2510.SHFE,SHFE.au2510,2025-09-02 14:59:00,126777,804.5,804.5,804.24,804.32,510.0,138745.0,138624.0
au2510.SHFE,SHFE.au2510,2025-09-02 21:00:00,126778,804.42,804.6,803.88,804.14,1957.0,138624.0,138556.0
au2510.SHFE,SHFE.au2510,2025-09-02 21:01:00,126779,804.14,804.38,803.72,803.82,1373.0,138556.0,138495.0
au2510.SHFE,SHFE.au2510,2025-09-02 21:02:00,126780,803.82,804.44,803.82,804.32,1077.0,138495.0,138510.0
au2510.SHFE,SHFE.au2510,2025-09-02 21:03:00,126781,804.32,804.34,803.8,803.94,873.0,138510.0,138666.0
au2510.SHFE,SHFE.au2510,2025-09-02 21:04:00,126782,803.94,803.96,803.34,803.46,1113.0,138666.0,138699.0
au2510.SHFE,SHFE.au2510,2025-09-02 21:05:00,126783,803.46,803.56,803.18,803.28,1100.0,138699.0,138725.0
au2510.SHFE,SHFE.au2510,2025-09-02 21:06:00,126784,803.28,803.3,802.76,802.94,1216.0,138725.0,138731.0
au2510.SHFE,SHFE.au2510,2025-09-02 21:07:00,126785,802.94,803.12,802.8,802.92,1022.0,138731.0,138768.0
au2510.SHFE,SHFE.au2510,2025-09-02 21:08:00,126786,802.92,802.92,802.5,802.76,1078.0,138768.0,138735.0
au2510.SHFE,SHFE.au2510,2025-09-02 21:09:00,126787,802.76,803.24,802.72,803.2,1223.0,138735.0,138837.0
au2510.SHFE,SHFE.au2510,2025-09-02 21:10:00,126788,803.2,803.52,802.82,803.48,1096.0,138837.0,138867.0
au2510.SHFE,SHFE.au2510,2025-09-02 21:11:00,126789,803.48,803.6,803.1,803.34,762.0,138867.0,138811.0
au2510.SHFE,SHFE.au2510,2025-09-02 21:12:00,126790,803.34,803.86,803.28,803.8,734.0,138811.0,138747.0
au2510.SHFE,SHFE.au2510,2025-09-02 21:13:00,126791,803.8,804.08,803.8,803.92,805.0,138747.0,138739.0
au2510.SHFE,SHFE.au2510,2025-09-02 21:14:00,126792,803.92,803.94,803.46,803.56,612.0,138739.0,138724.0
au2510.SHFE,SHFE.au2510,2025-09-02 21:15:00,126793,803.56,803.8,803.4,803.8,502.0,138724.0,138745.0
au2510.SHFE,SHFE.au2510,2025-09-02 21:16:00,126794,803.8,803.88,803.64,803.74,408.0,138745.0,138777.0
au2510.SHFE,SHFE.au2510,2025-09-02 21:17:00,126795,803.74,803.9,803.44,803.54,643.0,138777.0,138808.0
au2510.SHFE,SHFE.au2510,2025-09-02 21:18:00,126796,803.54,803.56,803.12,803.38,664.0,138808.0,138766.0
au2510.SHFE,SHFE.au2510,2025-09-02 21:19:00,126797,803.38,803.68,803.34,803.48,361.0,138766.0,138753.0
au2510.SHFE,SHFE.au2510,2025-09-02 21:20:00,126798,803.48,803.76,803.36,803.38,408.0,138753.0,138671.0
au2510.SHFE,SHFE.au2510,2025-09-02 21:21:00,126799,803.38,803.58,803.32,803.4,528.0,138671.0,138707.0
au2510.SHFE,SHFE.au2510,2025-09-02 21:22:00,126800,803.4,803.54,803.3,803.42,290.0,138707.0,138686.0
au2510.SHFE,SHFE.au2510,2025-09-02 21:23:00,126801,803.42,803.52,803.18,803.46,458.0,138686.0,138706.0
au2510.SHFE,SHFE.au2510,2025-09-02 21:24:00,126802,803.46,803.6,803.1,803.24,674.0,138706.0,138781.0
au2510.SHFE,SHFE.au2510,2025-09-02 21:25:00,126803,803.24,803.46,803.22,803.4,258.0,138781.0,138811.0
au2510.SHFE,SHFE.au2510,2025-09-02 21:26:00,126804,803.4,803.48,803.04,803.12,461.0,138811.0,138847.0
au2510.SHFE,SHFE.au2510,2025-09-02 21:27:00,126805,803.12,803.26,803.08,803.1,237.0,138847.0,138840.0
au2510.SHFE,SHFE.au2510,2025-09-02 21:28:00,126806,803.1,803.42,803.08,803.38,286.0,138840.0,138748.0
au2510.SHFE,SHFE.au2510,2025-09-02 21:29:00,126807,803.38,803.86,803.38,803.84,528.0,138748.0,138702.0
au2510.SHFE,SHFE.au2510,2025-09-02 21:30:00,126808,803.84,804.58,803.84,803.92,1928.0,138702.0,138798.0
au2510.SHFE,SHFE.au2510,2025-09-02 21:31:00,126809,803.92,803.92,803.34,803.38,1510.0,138798.0,138799.0
au2510.SHFE,SHFE.au2510,2025-09-02 21:32:00,126810,803.38,803.38,802.82,802.98,1292.0,138799.0,138845.0
au2510.SHFE,SHFE.au2510,2025-09-02 21:33:00,126811,802.98,803.4,802.98,803.32,757.0,138845.0,138752.0
au2510.SHFE,SHFE.au2510,2025-09-02 21:34:00,126812,803.32,803.34,802.94,803.3,731.0,138752.0,138702.0
au2510.SHFE,SHFE.au2510,2025-09-02 21:35:00,126813,803.3,803.92,803.3,803.92,1374.0,138702.0,138706.0
au2510.SHFE,SHFE.au2510,2025-09-02 21:36:00,126814,803.92,803.98,803.64,803.72,672.0,138706.0,138738.0
au2510.SHFE,SHFE.au2510,2025-09-02 21:37:00,126815,803.72,804.2,803.68,804.16,866.0,138738.0,138781.0
au2510.SHFE,SHFE.au2510,2025-09-02 21:38:00,126816,804.16,804.2,803.88,804.18,599.0,138781.0,138759.0
au2510.SHFE,SHFE.au2510,2025-09-02 21:39:00,126817,804.18,804.28,803.88,804.06,505.0,138759.0,138789.0
au2510.SHFE,SHFE.au2510,2025-09-02 21:40:00,126818,804.06,804.4,803.94,804.38,614.0,138789.0,138756.0
au2510.SHFE,SHFE.au2510,2025-09-02 21:41:00,126819,804.38,804.78,804.24,804.44,1022.0,138756.0,138706.0
au2510.SHFE,SHFE.au2510,2025-09-02 21:42:00,126820,804.44,804.5,804.34,804.48,617.0,138706.0,138740.0
au2510.SHFE,SHFE.au2510,2025-09-02 21:43:00,126821,804.48,804.9,804.46,804.84,633.0,138740.0,138796.0
au2510.SHFE,SHFE.au2510,2025-09-02 21:44:00,126822,804.84,805.08,804.8,804.9,866.0,138796.0,138868.0
au2510.SHFE,SHFE.au2510,2025-09-02 21:45:00,126823,804.9,805.34,804.82,805.3,1511.0,138868.0,138923.0
au2510.SHFE,SHFE.au2510,2025-09-02 21:46:00,126824,805.3,805.84,805.24,805.68,1230.0,138923.0,138978.0
au2510.SHFE,SHFE.au2510,2025-09-02 21:47:00,126825,805.68,805.7,804.82,805.04,1522.0,138978.0,138894.0
au2510.SHFE,SHFE.au2510,2025-09-02 21:48:00,126826,805.04,805.32,804.84,804.84,940.0,138894.0,138957.0
au2510.SHFE,SHFE.au2510,2025-09-02 21:49:00,126827,804.84,804.96,804.64,804.76,988.0,138957.0,138849.0
au2510.SHFE,SHFE.au2510,2025-09-02 21:50:00,126828,804.76,804.8,804.02,804.22,1141.0,138849.0,138787.0
au2510.SHFE,SHFE.au2510,2025-09-02 21:51:00,126829,804.22,804.3,803.88,804.02,957.0,138787.0,138801.0
au2510.SHFE,SHFE.au2510,2025-09-02 21:52:00,126830,804.02,804.26,803.96,804.0,710.0,138801.0,138792.0
au2510.SHFE,SHFE.au2510,2025-09-02 21:53:00,126831,804.0,804.54,803.98,804.54,752.0,138792.0,138685.0
au2510.SHFE,SHFE.au2510,2025-09-02 21:54:00,126832,804.54,804.74,804.48,804.5,554.0,138685.0,138648.0
au2510.SHFE,SHFE.au2510,2025-09-02 21:55:00,126833,804.5,804.66,804.34,804.66,496.0,138648.0,138641.0
au2510.SHFE,SHFE.au2510,2025-09-02 21:56:00,126834,804.66,805.22,804.64,805.2,890.0,138641.0,138732.0
au2510.SHFE,SHFE.au2510,2025-09-02 21:57:00,126835,805.2,805.32,805.1,805.2,712.0,138732.0,138798.0
au2510.SHFE,SHFE.au2510,2025-09-02 21:58:00,126836,805.2,805.24,804.98,805.06,595.0,138798.0,138773.0
au2510.SHFE,SHFE.au2510,2025-09-02 21:59:00,126837,805.06,805.2,804.82,804.82,518.0,138773.0,138748.0
au2510.SHFE,SHFE.au2510,2025-09-02 22:00:00,126838,804.82,805.48,804.82,805.32,2146.0,138748.0,138759.0
au2510.SHFE,SHFE.au2510,2025-09-02 22:01:00,126839,805.32,805.6,805.28,805.46,824.0,138759.0,138730.0
au2510.SHFE,SHFE.au2510,2025-09-02 22:02:00,126840,805.46,805.56,805.24,805.38,785.0,138730.0,138802.0
au2510.SHFE,SHFE.au2510,2025-09-02 22:03:00,126841,805.38,805.5,805.14,805.44,880.0,138802.0,138836.0
au2510.SHFE,SHFE.au2510,2025-09-02 22:04:00,126842,805.44,805.46,805.06,805.42,804.0,138836.0,138820.0
au2510.SHFE,SHFE.au2510,2025-09-02 22:05:00,126843,805.42,805.42,804.82,804.9,796.0,138820.0,138837.0
au2510.SHFE,SHFE.au2510,2025-09-02 22:06:00,126844,804.9,805.12,804.7,805.04,732.0,138837.0,138806.0
au2510.SHFE,SHFE.au2510,2025-09-02 22:07:00,126845,805.04,805.78,805.04,805.78,1238.0,138806.0,138821.0
au2510.SHFE,SHFE.au2510,2025-09-02 22:08:00,126846,805.78,806.5,805.78,806.28,1780.0,138821.0,138929.0
au2510.SHFE,SHFE.au2510,2025-09-02 22:09:00,126847,806.28,806.34,805.96,806.1,1122.0,138929.0,139033.0
au2510.SHFE,SHFE.au2510,2025-09-02 22:10:00,126848,806.1,806.36,805.72,805.88,1238.0,139033.0,139021.0
au2510.SHFE,SHFE.au2510,2025-09-02 22:11:00,126849,805.88,805.88,805.42,805.54,755.0,139021.0,139063.0
au2510.SHFE,SHFE.au2510,2025-09-02 22:12:00,126850,805.54,806.04,805.5,806.0,622.0,139063.0,139025.0
au2510.SHFE,SHFE.au2510,2025-09-02 22:13:00,126851,806.0,806.2,805.94,806.1,671.0,139025.0,138936.0
au2510.SHFE,SHFE.au2510,2025-09-02 22:14:00,126852,806.1,806.2,805.9,806.2,770.0,138936.0,139131.0
au2510.SHFE,SHFE.au2510,2025-09-02 22:15:00,126853,806.2,806.34,805.98,806.1,814.0,139131.0,139291.0
au2510.SHFE,SHFE.au2510,2025-09-02 22:16:00,126854,806.1,806.2,805.94,806.1,435.0,139291.0,139277.0
au2510.SHFE,SHFE.au2510,2025-09-02 22:17:00,126855,806.1,806.3,806.02,806.24,399.0,139277.0,139370.0
au2510.SHFE,SHFE.au2510,2025-09-02 22:18:00,126856,806.24,806.44,806.14,806.3,608.0,139370.0,139443.0
au2510.SHFE,SHFE.au2510,2025-09-02 22:19:00,126857,806.3,806.54,806.12,806.48,892.0,139443.0,139473.0
au2510.SHFE,SHFE.au2510,2025-09-02 22:20:00,126858,806.48,806.58,806.16,806.2,629.0,139473.0,139489.0
au2510.SHFE,SHFE.au2510,2025-09-02 22:21:00,126859,806.2,806.52,806.16,806.38,542.0,139489.0,139605.0
au2510.SHFE,SHFE.au2510,2025-09-02 22:22:00,126860,806.38,806.5,806.26,806.42,370.0,139605.0,139655.0
au2510.SHFE,SHFE.au2510,2025-09-02 22:23:00,126861,806.42,806.48,806.32,806.34,316.0,139655.0,139668.0
au2510.SHFE,SHFE.au2510,2025-09-02 22:24:00,126862,806.34,807.18,806.28,807.0,1433.0,139668.0,139783.0
au2510.SHFE,SHFE.au2510,2025-09-02 22:25:00,126863,807.0,807.6,807.0,807.4,1247.0,139783.0,139949.0
au2510.SHFE,SHFE.au2510,2025-09-02 22:26:00,126864,807.4,807.72,807.36,807.68,1162.0,139949.0,139993.0
au2510.SHFE,SHFE.au2510,2025-09-02 22:27:00,126865,807.68,807.8,807.22,807.34,866.0,139993.0,140093.0
au2510.SHFE,SHFE.au2510,2025-09-02 22:28:00,126866,807.34,807.66,807.04,807.04,714.0,140093.0,140068.0
au2510.SHFE,SHFE.au2510,2025-09-02 22:29:00,126867,807.04,807.4,807.04,807.3,671.0,140068.0,140140.0
au2510.SHFE,SHFE.au2510,2025-09-02 22:30:00,126868,807.3,807.42,807.02,807.04,475.0,140140.0,140195.0
au2510.SHFE,SHFE.au2510,2025-09-02 22:31:00,126869,807.04,807.06,805.94,806.04,1503.0,140195.0,140019.0
au2510.SHFE,SHFE.au2510,2025-09-02 22:32:00,126870,806.04,806.68,806.02,806.48,937.0,140019.0,140096.0
au2510.SHFE,SHFE.au2510,2025-09-02 22:33:00,126871,806.48,806.6,806.3,806.38,517.0,140096.0,140067.0
au2510.SHFE,SHFE.au2510,2025-09-02 22:34:00,126872,806.38,807.0,806.34,806.76,705.0,140067.0,140115.0
au2510.SHFE,SHFE.au2510,2025-09-02 22:35:00,126873,806.76,807.32,806.76,807.32,1177.0,140115.0,140261.0
au2510.SHFE,SHFE.au2510,2025-09-02 22:36:00,126874,807.32,807.5,807.2,807.38,799.0,140261.0,140368.0
au2510.SHFE,SHFE.au2510,2025-09-02 22:37:00,126875,807.38,807.74,807.36,807.68,1000.0,140368.0,140390.0
au2510.SHFE,SHFE.au2510,2025-09-02 22:38:00,126876,807.68,807.7,807.32,807.42,743.0,140390.0,140264.0
au2510.SHFE,SHFE.au2510,2025-09-02 22:39:00,126877,807.42,807.48,807.32,807.38,423.0,140264.0,140308.0
au2510.SHFE,SHFE.au2510,2025-09-02 22:40:00,126878,807.38,807.42,807.32,807.36,305.0,140308.0,140337.0
au2510.SHFE,SHFE.au2510,2025-09-02 22:41:00,126879,807.36,807.52,807.3,807.48,379.0,140337.0,140363.0
au2510.SHFE,SHFE.au2510,2025-09-02 22:42:00,126880,807.48,808.26,807.48,808.12,1825.0,140363.0,140486.0
au2510.SHFE,SHFE.au2510,2025-09-02 22:43:00,126881,808.12,808.14,807.72,807.9,601.0,140486.0,140508.0
au2510.SHFE,SHFE.au2510,2025-09-02 22:44:00,126882,807.9,808.76,807.84,808.64,1299.0,140508.0,140854.0
au2510.SHFE,SHFE.au2510,2025-09-02 22:45:00,126883,808.64,808.7,808.4,808.62,1192.0,140854.0,141038.0
au2510.SHFE,SHFE.au2510,2025-09-02 22:46:00,126884,808.62,809.3,808.6,808.94,2053.0,141038.0,141263.0
au2510.SHFE,SHFE.au2510,2025-09-02 22:47:00,126885,808.94,809.48,808.86,809.16,1644.0,141263.0,141480.0
au2510.SHFE,SHFE.au2510,2025-09-02 22:48:00,126886,809.16,809.22,808.88,809.16,1328.0,141480.0,141520.0
au2510.SHFE,SHFE.au2510,2025-09-02 22:49:00,126887,809.16,809.16,808.82,808.82,716.0,141520.0,141615.0
au2510.SHFE,SHFE.au2510,2025-09-02 22:50:00,126888,808.82,808.82,808.32,808.6,1195.0,141615.0,141597.0
au2510.SHFE,SHFE.au2510,2025-09-02 22:51:00,126889,808.6,809.06,808.58,809.0,769.0,141597.0,141628.0
au2510.SHFE,SHFE.au2510,2025-09-02 22:52:00,126890,809.0,809.22,808.82,809.16,678.0,141628.0,141677.0
au2510.SHFE,SHFE.au2510,2025-09-02 22:53:00,126891,809.16,809.26,809.0,809.1,561.0,141677.0,141774.0
au2510.SHFE,SHFE.au2510,2025-09-02 22:54:00,126892,809.1,809.1,808.82,809.0,563.0,141774.0,141787.0
au2510.SHFE,SHFE.au2510,2025-09-02 22:55:00,126893,809.0,809.08,808.84,808.94,374.0,141787.0,141759.0
au2510.SHFE,SHFE.au2510,2025-09-02 22:56:00,126894,808.94,809.1,808.94,809.0,361.0,141759.0,141792.0
au2510.SHFE,SHFE.au2510,2025-09-02 22:57:00,126895,809.0,809.16,809.0,809.04,407.0,141792.0,141758.0
au2510.SHFE,SHFE.au2510,2025-09-02 22:58:00,126896,809.04,809.12,808.96,808.98,347.0,141758.0,141836.0
au2510.SHFE,SHFE.au2510,2025-09-02 22:59:00,126897,808.98,808.98,808.64,808.9,621.0,141836.0,141938.0
au2510.SHFE,SHFE.au2510,2025-09-02 23:00:00,126898,808.9,809.32,808.9,809.2,978.0,141938.0,142036.0
au2510.SHFE,SHFE.au2510,2025-09-02 23:01:00,126899,809.2,809.2,808.8,808.88,406.0,142036.0,142076.0
au2510.SHFE,SHFE.au2510,2025-09-02 23:02:00,126900,808.88,808.96,808.48,808.96,947.0,142076.0,142088.0
au2510.SHFE,SHFE.au2510,2025-09-02 23:03:00,126901,808.96,809.14,808.96,809.1,423.0,142088.0,142081.0
au2510.SHFE,SHFE.au2510,2025-09-02 23:04:00,126902,809.1,809.22,808.98,809.2,488.0,142081.0,142104.0
au2510.SHFE,SHFE.au2510,2025-09-02 23:05:00,126903,809.2,809.56,809.12,809.56,706.0,142104.0,142121.0
au2510.SHFE,SHFE.au2510,2025-09-02 23:06:00,126904,809.56,809.78,809.4,809.7,1057.0,142121.0,142351.0
au2510.SHFE,SHFE.au2510,2025-09-02 23:07:00,126905,809.7,810.02,809.6,810.02,864.0,142351.0,142592.0
au2510.SHFE,SHFE.au2510,2025-09-02 23:08:00,126906,810.02,810.18,809.68,809.76,853.0,142592.0,142718.0
au2510.SHFE,SHFE.au2510,2025-09-02 23:09:00,126907,809.76,809.86,809.72,809.8,485.0,142718.0,142779.0
au2510.SHFE,SHFE.au2510,2025-09-02 23:10:00,126908,809.8,809.84,809.52,809.56,575.0,142779.0,142784.0
au2510.SHFE,SHFE.au2510,2025-09-02 23:11:00,126909,809.56,809.6,809.14,809.16,715.0,142784.0,142761.0
au2510.SHFE,SHFE.au2510,2025-09-02 23:12:00,126910,809.16,809.22,808.78,809.02,880.0,142761.0,142668.0
au2510.SHFE,SHFE.au2510,2025-09-02 23:13:00,126911,809.02,809.28,809.0,809.26,443.0,142668.0,142664.0
au2510.SHFE,SHFE.au2510,2025-09-02 23:14:00,126912,809.26,809.28,809.04,809.14,338.0,142664.0,142693.0
au2510.SHFE,SHFE.au2510,2025-09-02 23:15:00,126913,809.14,809.28,809.04,809.16,372.0,142693.0,142687.0
au2510.SHFE,SHFE.au2510,2025-09-02 23:16:00,126914,809.16,809.16,808.9,809.08,471.0,142687.0,142704.0
au2510.SHFE,SHFE.au2510,2025-09-02 23:17:00,126915,809.08,809.14,808.92,808.92,226.0,142704.0,142705.0
au2510.SHFE,SHFE.au2510,2025-09-02 23:18:00,126916,808.92,809.18,808.8,809.02,496.0,142705.0,142653.0
au2510.SHFE,SHFE.au2510,2025-09-02 23:19:00,126917,809.02,809.42,809.0,809.42,354.0,142653.0,142648.0
au2510.SHFE,SHFE.au2510,2025-09-02 23:20:00,126918,809.42,809.5,809.24,809.3,290.0,142648.0,142680.0
au2510.SHFE,SHFE.au2510,2025-09-02 23:21:00,126919,809.3,809.48,809.2,809.36,318.0,142680.0,142710.0
au2510.SHFE,SHFE.au2510,2025-09-02 23:22:00,126920,809.36,809.36,808.92,809.02,272.0,142710.0,142696.0
au2510.SHFE,SHFE.au2510,2025-09-02 23:23:00,126921,809.02,809.28,809.02,809.04,348.0,142696.0,142695.0
au2510.SHFE,SHFE.au2510,2025-09-02 23:24:00,126922,809.04,809.18,808.96,809.04,357.0,142695.0,142698.0
au2510.SHFE,SHFE.au2510,2025-09-02 23:25:00,126923,809.04,809.2,809.04,809.14,201.0,142698.0,142704.0
au2510.SHFE,SHFE.au2510,2025-09-02 23:26:00,126924,809.14,809.16,809.06,809.1,107.0,142704.0,142691.0
au2510.SHFE,SHFE.au2510,2025-09-02 23:27:00,126925,809.1,809.18,809.0,809.0,182.0,142691.0,142693.0
au2510.SHFE,SHFE.au2510,2025-09-02 23:28:00,126926,809.0,809.1,808.96,809.02,144.0,142693.0,142707.0
au2510.SHFE,SHFE.au2510,2025-09-02 23:29:00,126927,809.02,809.18,808.98,809.14,158.0,142707.0,142697.0
au2510.SHFE,SHFE.au2510,2025-09-02 23:30:00,126928,809.14,809.24,809.1,809.16,343.0,142697.0,142686.0
au2510.SHFE,SHFE.au2510,2025-09-02 23:31:00,126929,809.16,809.2,809.02,809.02,200.0,142686.0,142715.0
au2510.SHFE,SHFE.au2510,2025-09-02 23:32:00,126930,809.02,809.5,808.98,809.42,486.0,142715.0,142703.0
au2510.SHFE,SHFE.au2510,2025-09-02 23:33:00,126931,809.42,809.56,809.42,809.56,360.0,142703.0,142708.0
au2510.SHFE,SHFE.au2510,2025-09-02 23:34:00,126932,809.56,809.56,809.28,809.28,293.0,142708.0,142784.0
au2510.SHFE,SHFE.au2510,2025-09-02 23:35:00,126933,809.28,809.3,809.02,809.16,217.0,142784.0,142820.0
au2510.SHFE,SHFE.au2510,2025-09-02 23:36:00,126934,809.16,809.3,809.1,809.16,130.0,142820.0,142823.0
au2510.SHFE,SHFE.au2510,2025-09-02 23:37:00,126935,809.16,809.48,809.14,809.46,199.0,142823.0,142823.0
au2510.SHFE,SHFE.au2510,2025-09-02 23:38:00,126936,809.46,809.7,809.44,809.54,328.0,142823.0,142861.0
au2510.SHFE,SHFE.au2510,2025-09-02 23:39:00,126937,809.54,809.62,809.28,809.28,268.0,142861.0,142881.0
au2510.SHFE,SHFE.au2510,2025-09-02 23:40:00,126938,809.28,809.46,809.22,809.22,280.0,142881.0,142918.0
au2510.SHFE,SHFE.au2510,2025-09-02 23:41:00,126939,809.22,809.32,809.22,809.26,192.0,142918.0,142956.0
au2510.SHFE,SHFE.au2510,2025-09-02 23:42:00,126940,809.26,809.38,809.22,809.22,158.0,142956.0,142974.0
au2510.SHFE,SHFE.au2510,2025-09-02 23:43:00,126941,809.22,809.58,809.04,809.44,436.0,142974.0,142931.0
au2510.SHFE,SHFE.au2510,2025-09-02 23:44:00,126942,809.44,809.58,809.42,809.54,329.0,142931.0,142950.0
au2510.SHFE,SHFE.au2510,2025-09-02 23:45:00,126943,809.54,809.9,809.5,809.82,713.0,142950.0,143048.0
au2510.SHFE,SHFE.au2510,2025-09-02 23:46:00,126944,809.82,809.88,809.72,809.8,261.0,143048.0,143114.0
au2510.SHFE,SHFE.au2510,2025-09-02 23:47:00,126945,809.8,810.28,809.76,810.18,718.0,143114.0,143241.0
au2510.SHFE,SHFE.au2510,2025-09-02 23:48:00,126946,810.18,810.36,810.02,810.3,473.0,143241.0,143308.0
au2510.SHFE,SHFE.au2510,2025-09-02 23:49:00,126947,810.3,810.34,810.0,810.16,447.0,143308.0,143349.0
au2510.SHFE,SHFE.au2510,2025-09-02 23:50:00,126948,810.16,810.2,810.0,810.1,411.0,143349.0,143462.0
au2510.SHFE,SHFE.au2510,2025-09-02 23:51:00,126949,810.1,810.12,810.02,810.06,167.0,143462.0,143486.0
au2510.SHFE,SHFE.au2510,2025-09-02 23:52:00,126950,810.06,810.4,810.02,810.32,329.0,143486.0,143486.0
au2510.SHFE,SHFE.au2510,2025-09-02 23:53:00,126951,810.32,810.4,810.1,810.12,402.0,143486.0,143586.0
au2510.SHFE,SHFE.au2510,2025-09-02 23:54:00,126952,810.12,810.28,810.08,810.18,167.0,143586.0,143622.0
au2510.SHFE,SHFE.au2510,2025-09-02 23:55:00,126953,810.18,810.34,810.18,810.2,163.0,143622.0,143650.0
au2510.SHFE,SHFE.au2510,2025-09-02 23:56:00,126954,810.2,810.34,810.18,810.28,224.0,143650.0,143659.0
au2510.SHFE,SHFE.au2510,2025-09-02 23:57:00,126955,810.28,810.54,810.26,810.48,417.0,143659.0,143659.0
au2510.SHFE,SHFE.au2510,2025-09-02 23:58:00,126956,810.48,810.68,810.44,810.68,382.0,143659.0,143657.0
au2510.SHFE,SHFE.au2510,2025-09-02 23:59:00,126957,810.68,810.74,810.5,810.7,598.0,143657.0,143647.0
au2510.SHFE,SHFE.au2510,2025-09-03 00:00:00,126958,810.7,811.2,810.7,811.06,947.0,143647.0,143618.0
au2510.SHFE,SHFE.au2510,2025-09-03 00:01:00,126959,811.06,811.14,810.54,810.56,555.0,143618.0,143628.0
au2510.SHFE,SHFE.au2510,2025-09-03 00:02:00,126960,810.56,810.82,810.44,810.48,584.0,143628.0,143721.0
au2510.SHFE,SHFE.au2510,2025-09-03 00:03:00,126961,810.48,810.52,810.3,810.48,409.0,143721.0,143762.0
au2510.SHFE,SHFE.au2510,2025-09-03 00:04:00,126962,810.48,810.74,810.38,810.74,349.0,143762.0,143813.0
au2510.SHFE,SHFE.au2510,2025-09-03 00:05:00,126963,810.74,810.96,810.52,810.96,510.0,143813.0,143878.0
au2510.SHFE,SHFE.au2510,2025-09-03 00:06:00,126964,810.96,811.44,810.88,811.32,922.0,143878.0,144003.0
au2510.SHFE,SHFE.au2510,2025-09-03 00:07:00,126965,811.32,811.4,811.1,811.14,515.0,144003.0,144044.0
au2510.SHFE,SHFE.au2510,2025-09-03 00:08:00,126966,811.14,811.28,811.06,811.24,322.0,144044.0,144038.0
au2510.SHFE,SHFE.au2510,2025-09-03 00:09:00,126967,811.24,811.42,811.18,811.42,319.0,144038.0,144079.0
au2510.SHFE,SHFE.au2510,2025-09-03 00:10:00,126968,811.42,811.42,811.1,811.38,332.0,144079.0,144117.0
au2510.SHFE,SHFE.au2510,2025-09-03 00:11:00,126969,811.38,811.5,811.3,811.46,393.0,144117.0,144145.0
au2510.SHFE,SHFE.au2510,2025-09-03 00:12:00,126970,811.46,811.46,811.2,811.38,256.0,144145.0,144210.0
au2510.SHFE,SHFE.au2510,2025-09-03 00:13:00,126971,811.38,811.54,811.3,811.52,357.0,144210.0,144248.0
au2510.SHFE,SHFE.au2510,2025-09-03 00:14:00,126972,811.52,811.84,811.44,811.84,634.0,144248.0,144359.0
au2510.SHFE,SHFE.au2510,2025-09-03 00:15:00,126973,811.84,811.9,811.64,811.66,503.0,144359.0,144391.0
au2510.SHFE,SHFE.au2510,2025-09-03 00:16:00,126974,811.66,811.66,811.4,811.44,343.0,144391.0,144393.0
au2510.SHFE,SHFE.au2510,2025-09-03 00:17:00,126975,811.44,811.52,811.36,811.42,289.0,144393.0,144403.0
au2510.SHFE,SHFE.au2510,2025-09-03 00:18:00,126976,811.42,811.52,811.34,811.44,175.0,144403.0,144405.0
au2510.SHFE,SHFE.au2510,2025-09-03 00:19:00,126977,811.44,811.48,811.16,811.32,349.0,144405.0,144344.0
au2510.SHFE,SHFE.au2510,2025-09-03 00:20:00,126978,811.32,811.34,810.9,811.0,644.0,144344.0,144201.0
au2510.SHFE,SHFE.au2510,2025-09-03 00:21:00,126979,811.0,811.24,811.0,811.2,256.0,144201.0,144192.0
au2510.SHFE,SHFE.au2510,2025-09-03 00:22:00,126980,811.2,811.38,811.18,811.3,347.0,144192.0,144232.0
au2510.SHFE,SHFE.au2510,2025-09-03 00:23:00,126981,811.3,811.54,811.3,811.52,358.0,144232.0,144253.0
au2510.SHFE,SHFE.au2510,2025-09-03 00:24:00,126982,811.52,811.58,811.42,811.46,236.0,144253.0,144266.0
au2510.SHFE,SHFE.au2510,2025-09-03 00:25:00,126983,811.46,811.5,811.36,811.44,141.0,144266.0,144256.0
au2510.SHFE,SHFE.au2510,2025-09-03 00:26:00,126984,811.44,811.68,811.4,811.64,270.0,144256.0,144264.0
au2510.SHFE,SHFE.au2510,2025-09-03 00:27:00,126985,811.64,811.68,811.56,811.6,161.0,144264.0,144272.0
au2510.SHFE,SHFE.au2510,2025-09-03 00:28:00,126986,811.6,811.66,811.56,811.56,140.0,144272.0,144289.0
au2510.SHFE,SHFE.au2510,2025-09-03 00:29:00,126987,811.56,811.66,811.54,811.66,161.0,144289.0,144274.0
au2510.SHFE,SHFE.au2510,2025-09-03 00:30:00,126988,811.66,811.7,811.56,811.64,184.0,144274.0,144274.0
au2510.SHFE,SHFE.au2510,2025-09-03 00:31:00,126989,811.64,811.82,811.56,811.72,312.0,144274.0,144359.0
au2510.SHFE,SHFE.au2510,2025-09-03 00:32:00,126990,811.72,811.94,811.72,811.82,384.0,144359.0,144417.0
au2510.SHFE,SHFE.au2510,2025-09-03 00:33:00,126991,811.82,811.96,811.82,811.94,227.0,144417.0,144462.0
au2510.SHFE,SHFE.au2510,2025-09-03 00:34:00,126992,811.94,812.16,811.88,812.12,481.0,144462.0,144515.0
au2510.SHFE,SHFE.au2510,2025-09-03 00:35:00,126993,812.12,812.12,811.84,811.88,272.0,144515.0,144579.0
au2510.SHFE,SHFE.au2510,2025-09-03 00:36:00,126994,811.88,812.08,811.88,812.04,206.0,144579.0,144585.0
au2510.SHFE,SHFE.au2510,2025-09-03 00:37:00,126995,812.04,812.12,812.0,812.12,208.0,144585.0,144585.0
au2510.SHFE,SHFE.au2510,2025-09-03 00:38:00,126996,812.12,812.4,812.12,812.24,484.0,144585.0,144652.0
au2510.SHFE,SHFE.au2510,2025-09-03 00:39:00,126997,812.24,812.3,812.1,812.28,267.0,144652.0,144713.0
au2510.SHFE,SHFE.au2510,2025-09-03 00:40:00,126998,812.28,812.42,812.12,812.12,266.0,144713.0,144716.0
au2510.SHFE,SHFE.au2510,2025-09-03 00:41:00,126999,812.12,812.3,812.1,812.14,192.0,144716.0,144761.0
au2510.SHFE,SHFE.au2510,2025-09-03 00:42:00,127000,812.14,812.14,811.9,812.0,344.0,144761.0,144797.0
au2510.SHFE,SHFE.au2510,2025-09-03 00:43:00,127001,812.0,812.08,811.86,811.9,199.0,144797.0,144796.0
au2510.SHFE,SHFE.au2510,2025-09-03 00:44:00,127002,811.9,812.08,811.9,812.0,175.0,144796.0,144775.0
au2510.SHFE,SHFE.au2510,2025-09-03 00:45:00,127003,812.0,812.16,811.98,812.0,225.0,144775.0,144831.0
au2510.SHFE,SHFE.au2510,2025-09-03 00:46:00,127004,812.0,812.04,811.94,811.94,130.0,144831.0,144861.0
au2510.SHFE,SHFE.au2510,2025-09-03 00:47:00,127005,811.94,812.12,811.92,812.12,140.0,144861.0,144841.0
au2510.SHFE,SHFE.au2510,2025-09-03 00:48:00,127006,812.12,812.12,811.92,812.0,133.0,144841.0,144834.0
au2510.SHFE,SHFE.au2510,2025-09-03 00:49:00,127007,812.0,812.08,811.94,811.98,102.0,144834.0,144841.0
au2510.SHFE,SHFE.au2510,2025-09-03 00:50:00,127008,811.98,812.22,811.98,812.22,331.0,144841.0,144801.0
au2510.SHFE,SHFE.au2510,2025-09-03 00:51:00,127009,812.22,812.34,812.12,812.24,180.0,144801.0,144794.0
au2510.SHFE,SHFE.au2510,2025-09-03 00:52:00,127010,812.24,812.36,812.24,812.24,252.0,144794.0,144791.0
au2510.SHFE,SHFE.au2510,2025-09-03 00:53:00,127011,812.24,812.38,812.18,812.34,216.0,144791.0,144813.0
au2510.SHFE,SHFE.au2510,2025-09-03 00:54:00,127012,812.34,812.4,812.26,812.3,172.0,144813.0,144815.0
au2510.SHFE,SHFE.au2510,2025-09-03 00:55:00,127013,812.3,812.4,812.26,812.26,125.0,144815.0,144813.0
au2510.SHFE,SHFE.au2510,2025-09-03 00:56:00,127014,812.26,812.4,812.18,812.36,153.0,144813.0,144822.0
au2510.SHFE,SHFE.au2510,2025-09-03 00:57:00,127015,812.36,812.38,812.3,812.3,95.0,144822.0,144823.0
au2510.SHFE,SHFE.au2510,2025-09-03 00:58:00,127016,812.3,812.32,812.12,812.16,177.0,144823.0,144835.0
au2510.SHFE,SHFE.au2510,2025-09-03 00:59:00,127017,812.16,812.26,812.14,812.26,90.0,144835.0,144823.0
au2510.SHFE,SHFE.au2510,2025-09-03 01:00:00,127018,812.26,812.28,812.08,812.08,140.0,144823.0,144817.0
au2510.SHFE,SHFE.au2510,2025-09-03 01:01:00,127019,812.08,812.12,811.82,811.82,533.0,144817.0,144731.0
au2510.SHFE,SHFE.au2510,2025-09-03 01:02:00,127020,811.82,811.86,811.58,811.58,431.0,144731.0,144694.0
au2510.SHFE,SHFE.au2510,2025-09-03 01:03:00,127021,811.58,811.58,811.26,811.28,473.0,144694.0,144598.0
au2510.SHFE,SHFE.au2510,2025-09-03 01:04:00,127022,811.28,811.52,811.02,811.52,512.0,144598.0,144563.0
au2510.SHFE,SHFE.au2510,2025-09-03 01:05:00,127023,811.52,811.68,811.48,811.6,387.0,144563.0,144540.0
au2510.SHFE,SHFE.au2510,2025-09-03 01:06:00,127024,811.6,811.64,811.5,811.52,217.0,144540.0,144591.0
au2510.SHFE,SHFE.au2510,2025-09-03 01:07:00,127025,811.52,811.78,811.52,811.72,191.0,144591.0,144592.0
au2510.SHFE,SHFE.au2510,2025-09-03 01:08:00,127026,811.72,811.76,811.52,811.6,89.0,144592.0,144575.0
au2510.SHFE,SHFE.au2510,2025-09-03 01:09:00,127027,811.6,811.62,811.52,811.6,103.0,144575.0,144596.0
au2510.SHFE,SHFE.au2510,2025-09-03 01:10:00,127028,811.6,811.74,811.56,811.66,104.0,144596.0,144598.0
au2510.SHFE,SHFE.au2510,2025-09-03 01:11:00,127029,811.66,811.84,811.6,811.82,137.0,144598.0,144596.0
au2510.SHFE,SHFE.au2510,2025-09-03 01:12:00,127030,811.82,812.04,811.78,812.0,226.0,144596.0,144548.0
au2510.SHFE,SHFE.au2510,2025-09-03 01:13:00,127031,812.0,812.12,811.94,812.04,165.0,144548.0,144564.0
au2510.SHFE,SHFE.au2510,2025-09-03 01:14:00,127032,812.04,812.18,811.94,812.14,328.0,144564.0,144641.0
au2510.SHFE,SHFE.au2510,2025-09-03 01:15:00,127033,812.14,812.18,812.1,812.16,140.0,144641.0,144649.0
au2510.SHFE,SHFE.au2510,2025-09-03 01:16:00,127034,812.16,812.3,812.14,812.26,315.0,144649.0,144714.0
au2510.SHFE,SHFE.au2510,2025-09-03 01:17:00,127035,812.26,812.4,812.2,812.22,207.0,144714.0,144713.0
au2510.SHFE,SHFE.au2510,2025-09-03 01:18:00,127036,812.22,812.42,812.2,812.36,260.0,144713.0,144757.0
au2510.SHFE,SHFE.au2510,2025-09-03 01:19:00,127037,812.36,812.36,811.94,812.04,330.0,144757.0,144733.0
au2510.SHFE,SHFE.au2510,2025-09-03 01:20:00,127038,812.04,812.24,811.94,812.02,217.0,144733.0,144741.0
au2510.SHFE,SHFE.au2510,2025-09-03 01:21:00,127039,812.02,812.06,811.86,812.0,132.0,144741.0,144720.0
au2510.SHFE,SHFE.au2510,2025-09-03 01:22:00,127040,812.0,812.22,812.0,812.18,114.0,144720.0,144713.0
au2510.SHFE,SHFE.au2510,2025-09-03 01:23:00,127041,812.18,812.2,812.06,812.14,114.0,144713.0,144721.0
au2510.SHFE,SHFE.au2510,2025-09-03 01:24:00,127042,812.14,812.18,812.1,812.12,119.0,144721.0,144730.0
au2510.SHFE,SHFE.au2510,2025-09-03 01:25:00,127043,812.12,812.18,812.06,812.12,66.0,144730.0,144721.0
au2510.SHFE,SHFE.au2510,2025-09-03 01:26:00,127044,812.12,812.14,812.08,812.12,55.0,144721.0,144724.0
au2510.SHFE,SHFE.au2510,2025-09-03 01:27:00,127045,812.12,812.16,812.08,812.12,63.0,144724.0,144714.0
au2510.SHFE,SHFE.au2510,2025-09-03 01:28:00,127046,812.12,812.2,812.1,812.18,167.0,144714.0,144693.0
au2510.SHFE,SHFE.au2510,2025-09-03 01:29:00,127047,812.18,812.3,812.16,812.3,159.0,144693.0,144726.0
au2510.SHFE,SHFE.au2510,2025-09-03 01:30:00,127048,812.3,812.64,812.24,812.54,400.0,144726.0,144787.0
au2510.SHFE,SHFE.au2510,2025-09-03 01:31:00,127049,812.54,812.54,812.1,812.14,258.0,144787.0,144802.0
au2510.SHFE,SHFE.au2510,2025-09-03 01:32:00,127050,812.14,812.26,812.06,812.12,209.0,144802.0,144786.0
au2510.SHFE,SHFE.au2510,2025-09-03 01:33:00,127051,812.12,812.14,812.02,812.14,167.0,144786.0,144770.0
au2510.SHFE,SHFE.au2510,2025-09-03 01:34:00,127052,812.14,812.18,812.06,812.1,65.0,144770.0,144778.0
au2510.SHFE,SHFE.au2510,2025-09-03 01:35:00,127053,812.1,812.14,812.06,812.08,63.0,144778.0,144770.0
au2510.SHFE,SHFE.au2510,2025-09-03 01:36:00,127054,812.08,812.1,811.8,811.8,173.0,144770.0,144760.0
au2510.SHFE,SHFE.au2510,2025-09-03 01:37:00,127055,811.8,811.98,811.7,811.74,172.0,144760.0,144755.0
au2510.SHFE,SHFE.au2510,2025-09-03 01:38:00,127056,811.74,811.88,811.74,811.82,112.0,144755.0,144747.0
au2510.SHFE,SHFE.au2510,2025-09-03 01:39:00,127057,811.82,812.04,811.8,811.9,218.0,144747.0,144725.0
au2510.SHFE,SHFE.au2510,2025-09-03 01:40:00,127058,811.9,812.04,811.9,811.98,163.0,144725.0,144778.0
au2510.SHFE,SHFE.au2510,2025-09-03 01:41:00,127059,811.98,812.0,811.88,811.94,114.0,144778.0,144780.0
au2510.SHFE,SHFE.au2510,2025-09-03 01:42:00,127060,811.94,812.1,811.82,812.1,132.0,144780.0,144766.0
au2510.SHFE,SHFE.au2510,2025-09-03 01:43:00,127061,812.1,812.14,812.0,812.0,75.0,144766.0,144745.0
au2510.SHFE,SHFE.au2510,2025-09-03 01:44:00,127062,812.0,812.14,812.0,812.04,35.0,144745.0,144741.0
au2510.SHFE,SHFE.au2510,2025-09-03 01:45:00,127063,812.04,812.12,812.04,812.04,32.0,144741.0,144734.0
au2510.SHFE,SHFE.au2510,2025-09-03 01:46:00,127064,812.04,812.12,812.02,812.1,46.0,144734.0,144725.0
au2510.SHFE,SHFE.au2510,2025-09-03 01:47:00,127065,812.1,812.1,811.9,812.0,95.0,144725.0,144719.0
au2510.SHFE,SHFE.au2510,2025-09-03 01:48:00,127066,812.0,812.16,811.94,812.14,93.0,144719.0,144726.0
au2510.SHFE,SHFE.au2510,2025-09-03 01:49:00,127067,812.14,812.16,812.08,812.14,76.0,144726.0,144704.0
au2510.SHFE,SHFE.au2510,2025-09-03 01:50:00,127068,812.14,812.42,812.14,812.4,260.0,144704.0,144736.0
au2510.SHFE,SHFE.au2510,2025-09-03 01:51:00,127069,812.4,812.4,812.22,812.28,109.0,144736.0,144747.0
au2510.SHFE,SHFE.au2510,2025-09-03 01:52:00,127070,812.28,812.38,812.2,812.32,132.0,144747.0,144810.0
au2510.SHFE,SHFE.au2510,2025-09-03 01:53:00,127071,812.32,812.32,812.2,812.26,90.0,144810.0,144815.0
au2510.SHFE,SHFE.au2510,2025-09-03 01:54:00,127072,812.26,812.32,812.26,812.32,39.0,144815.0,144809.0
au2510.SHFE,SHFE.au2510,2025-09-03 01:55:00,127073,812.32,812.42,812.32,812.4,153.0,144809.0,144782.0
au2510.SHFE,SHFE.au2510,2025-09-03 01:56:00,127074,812.4,812.5,812.36,812.5,124.0,144782.0,144799.0
au2510.SHFE,SHFE.au2510,2025-09-03 01:57:00,127075,812.5,812.5,812.44,812.48,92.0,144799.0,144828.0
au2510.SHFE,SHFE.au2510,2025-09-03 01:58:00,127076,812.48,812.66,812.48,812.64,239.0,144828.0,144857.0
au2510.SHFE,SHFE.au2510,2025-09-03 01:59:00,127077,812.64,812.88,812.62,812.8,366.0,144857.0,144898.0
au2510.SHFE,SHFE.au2510,2025-09-03 02:00:00,127078,812.8,812.84,812.66,812.8,153.0,144898.0,144905.0
au2510.SHFE,SHFE.au2510,2025-09-03 02:01:00,127079,812.8,812.84,812.64,812.66,133.0,144905.0,144923.0
au2510.SHFE,SHFE.au2510,2025-09-03 02:02:00,127080,812.66,812.7,812.56,812.62,157.0,144923.0,144945.0
au2510.SHFE,SHFE.au2510,2025-09-03 02:03:00,127081,812.62,812.76,812.62,812.66,117.0,144945.0,144937.0
au2510.SHFE,SHFE.au2510,2025-09-03 02:04:00,127082,812.66,812.66,812.56,812.6,78.0,144937.0,144940.0
au2510.SHFE,SHFE.au2510,2025-09-03 02:05:00,127083,812.6,812.74,812.58,812.62,126.0,144940.0,144935.0
au2510.SHFE,SHFE.au2510,2025-09-03 02:06:00,127084,812.62,812.62,812.52,812.6,102.0,144935.0,144945.0
au2510.SHFE,SHFE.au2510,2025-09-03 02:07:00,127085,812.6,812.6,812.54,812.58,29.0,144945.0,144946.0
au2510.SHFE,SHFE.au2510,2025-09-03 02:08:00,127086,812.58,812.68,812.52,812.64,75.0,144946.0,144933.0
au2510.SHFE,SHFE.au2510,2025-09-03 02:09:00,127087,812.64,812.76,812.62,812.68,106.0,144933.0,144912.0
au2510.SHFE,SHFE.au2510,2025-09-03 02:10:00,127088,812.68,812.82,812.66,812.8,156.0,144912.0,144885.0
au2510.SHFE,SHFE.au2510,2025-09-03 02:11:00,127089,812.8,812.8,812.74,812.76,53.0,144885.0,144874.0
au2510.SHFE,SHFE.au2510,2025-09-03 02:12:00,127090,812.76,812.84,812.68,812.68,67.0,144874.0,144879.0
au2510.SHFE,SHFE.au2510,2025-09-03 02:13:00,127091,812.68,812.8,812.64,812.78,67.0,144879.0,144872.0
au2510.SHFE,SHFE.au2510,2025-09-03 02:14:00,127092,812.78,812.78,812.68,812.68,36.0,144872.0,144879.0
au2510.SHFE,SHFE.au2510,2025-09-03 02:15:00,127093,812.68,812.72,812.62,812.64,81.0,144879.0,144892.0
au2510.SHFE,SHFE.au2510,2025-09-03 02:16:00,127094,812.64,812.78,812.64,812.68,53.0,144892.0,144897.0
au2510.SHFE,SHFE.au2510,2025-09-03 02:17:00,127095,812.68,812.74,812.66,812.74,44.0,144897.0,144901.0
au2510.SHFE,SHFE.au2510,2025-09-03 02:18:00,127096,812.74,812.82,812.7,812.76,68.0,144901.0,144900.0
au2510.SHFE,SHFE.au2510,2025-09-03 02:19:00,127097,812.76,812.78,812.72,812.72,104.0,144900.0,144914.0
au2510.SHFE,SHFE.au2510,2025-09-03 02:20:00,127098,812.72,812.78,812.72,812.78,87.0,144914.0,144913.0
au2510.SHFE,SHFE.au2510,2025-09-03 02:21:00,127099,812.78,812.8,812.76,812.78,71.0,144913.0,144914.0
au2510.SHFE,SHFE.au2510,2025-09-03 02:22:00,127100,812.78,812.84,812.72,812.8,103.0,144914.0,144930.0
au2510.SHFE,SHFE.au2510,2025-09-03 02:23:00,127101,812.8,812.9,812.78,812.84,129.0,144930.0,144914.0
au2510.SHFE,SHFE.au2510,2025-09-03 02:24:00,127102,812.84,812.86,812.74,812.8,140.0,144914.0,144926.0
au2510.SHFE,SHFE.au2510,2025-09-03 02:25:00,127103,812.8,812.8,812.66,812.66,142.0,144926.0,144921.0
au2510.SHFE,SHFE.au2510,2025-09-03 02:26:00,127104,812.66,812.74,812.66,812.74,92.0,144921.0,144893.0
au2510.SHFE,SHFE.au2510,2025-09-03 02:27:00,127105,812.74,812.8,812.7,812.76,100.0,144893.0,144862.0
au2510.SHFE,SHFE.au2510,2025-09-03 02:28:00,127106,812.76,813.22,812.7,813.06,312.0,144862.0,144745.0
au2510.SHFE,SHFE.au2510,2025-09-03 02:29:00,127107,813.06,813.3,812.68,813.0,392.0,144745.0,144609.0
au2510.SHFE,SHFE.au2510,2025-09-03 09:00:00,127108,815.0,815.92,814.66,815.84,4276.0,144609.0,144856.0
au2510.SHFE,SHFE.au2510,2025-09-03 09:01:00,127109,815.84,816.56,815.84,815.88,2908.0,144856.0,144768.0
au2510.SHFE,SHFE.au2510,2025-09-03 09:02:00,127110,815.88,815.9,814.92,815.4,2011.0,144768.0,144732.0
au2510.SHFE,SHFE.au2510,2025-09-03 09:03:00,127111,815.4,815.58,814.82,815.3,1644.0,144732.0,144856.0
au2510.SHFE,SHFE.au2510,2025-09-03 09:04:00,127112,815.3,815.78,815.08,815.08,1391.0,144856.0,145018.0
au2510.SHFE,SHFE.au2510,2025-09-03 09:05:00,127113,815.08,815.48,814.9,815.24,981.0,145018.0,145102.0
au2510.SHFE,SHFE.au2510,2025-09-03 09:06:00,127114,815.24,815.34,815.0,815.22,713.0,145102.0,145176.0
au2510.SHFE,SHFE.au2510,2025-09-03 09:07:00,127115,815.22,815.38,814.5,814.5,712.0,145176.0,145179.0
au2510.SHFE,SHFE.au2510,2025-09-03 09:08:00,127116,814.5,814.66,814.36,814.46,1539.0,145179.0,145239.0
au2510.SHFE,SHFE.au2510,2025-09-03 09:09:00,127117,814.46,814.68,814.38,814.64,719.0,145239.0,145295.0
au2510.SHFE,SHFE.au2510,2025-09-03 09:10:00,127118,814.64,814.68,814.22,814.3,1162.0,145295.0,145207.0
au2510.SHFE,SHFE.au2510,2025-09-03 09:11:00,127119,814.3,814.48,814.22,814.38,688.0,145207.0,145123.0
au2510.SHFE,SHFE.au2510,2025-09-03 09:12:00,127120,814.38,815.1,814.24,814.74,1131.0,145123.0,144956.0
au2510.SHFE,SHFE.au2510,2025-09-03 09:13:00,127121,814.74,815.1,814.74,814.86,674.0,144956.0,144858.0
au2510.SHFE,SHFE.au2510,2025-09-03 09:14:00,127122,814.86,815.2,814.86,815.08,710.0,144858.0,144837.0
au2510.SHFE,SHFE.au2510,2025-09-03 09:15:00,127123,815.08,815.12,814.88,815.0,770.0,144837.0,144970.0
au2510.SHFE,SHFE.au2510,2025-09-03 09:16:00,127124,815.0,815.04,814.66,814.66,628.0,144970.0,145067.0
au2510.SHFE,SHFE.au2510,2025-09-03 09:17:00,127125,814.66,814.82,814.54,814.72,579.0,145067.0,145098.0
au2510.SHFE,SHFE.au2510,2025-09-03 09:18:00,127126,814.72,814.76,814.16,814.26,875.0,145098.0,145068.0
au2510.SHFE,SHFE.au2510,2025-09-03 09:19:00,127127,814.26,814.4,813.76,813.82,916.0,145068.0,145083.0
au2510.SHFE,SHFE.au2510,2025-09-03 09:20:00,127128,813.82,814.42,813.82,814.42,801.0,145083.0,145021.0
au2510.SHFE,SHFE.au2510,2025-09-03 09:21:00,127129,814.42,814.66,814.38,814.44,613.0,145021.0,145111.0
au2510.SHFE,SHFE.au2510,2025-09-03 09:22:00,127130,814.44,814.64,814.44,814.54,313.0,145111.0,145124.0
au2510.SHFE,SHFE.au2510,2025-09-03 09:23:00,127131,814.54,814.74,814.44,814.64,358.0,145124.0,145085.0
au2510.SHFE,SHFE.au2510,2025-09-03 09:24:00,127132,814.64,814.8,814.62,814.64,667.0,145085.0,145000.0
au2510.SHFE,SHFE.au2510,2025-09-03 09:25:00,127133,814.64,814.66,814.42,814.6,396.0,145000.0,145032.0
au2510.SHFE,SHFE.au2510,2025-09-03 09:26:00,127134,814.6,814.9,814.56,814.88,291.0,145032.0,145014.0
au2510.SHFE,SHFE.au2510,2025-09-03 09:27:00,127135,814.88,815.12,814.88,815.06,572.0,145014.0,145112.0
au2510.SHFE,SHFE.au2510,2025-09-03 09:28:00,127136,815.06,815.1,814.8,814.94,501.0,145112.0,145163.0
au2510.SHFE,SHFE.au2510,2025-09-03 09:29:00,127137,814.94,815.08,814.82,814.86,383.0,145163.0,145183.0
au2510.SHFE,SHFE.au2510,2025-09-03 09:30:00,127138,814.86,815.32,814.86,815.24,829.0,145183.0,145159.0
au2510.SHFE,SHFE.au2510,2025-09-03 09:31:00,127139,815.24,815.66,815.22,815.66,808.0,145159.0,145126.0
au2510.SHFE,SHFE.au2510,2025-09-03 09:32:00,127140,815.66,815.66,815.38,815.5,820.0,145126.0,145048.0
au2510.SHFE,SHFE.au2510,2025-09-03 09:33:00,127141,815.5,815.62,815.36,815.52,535.0,145048.0,144997.0
au2510.SHFE,SHFE.au2510,2025-09-03 09:34:00,127142,815.52,815.7,815.52,815.6,345.0,144997.0,145021.0
au2510.SHFE,SHFE.au2510,2025-09-03 09:35:00,127143,815.6,815.6,815.36,815.48,571.0,145021.0,145103.0
au2510.SHFE,SHFE.au2510,2025-09-03 09:36:00,127144,815.48,815.48,815.16,815.22,700.0,145103.0,145080.0
au2510.SHFE,SHFE.au2510,2025-09-03 09:37:00,127145,815.22,815.22,814.88,814.94,380.0,145080.0,145050.0
au2510.SHFE,SHFE.au2510,2025-09-03 09:38:00,127146,814.94,815.34,814.92,815.28,345.0,145050.0,145060.0
au2510.SHFE,SHFE.au2510,2025-09-03 09:39:00,127147,815.28,815.32,814.88,814.88,415.0,145060.0,145110.0
au2510.SHFE,SHFE.au2510,2025-09-03 09:40:00,127148,814.88,814.98,814.72,814.8,422.0,145110.0,145051.0
au2510.SHFE,SHFE.au2510,2025-09-03 09:41:00,127149,814.8,815.12,814.8,814.98,307.0,145051.0,144996.0
au2510.SHFE,SHFE.au2510,2025-09-03 09:42:00,127150,814.98,814.98,814.72,814.9,240.0,144996.0,144934.0
au2510.SHFE,SHFE.au2510,2025-09-03 09:43:00,127151,814.9,815.02,814.72,814.76,274.0,144934.0,144887.0
au2510.SHFE,SHFE.au2510,2025-09-03 09:44:00,127152,814.76,814.98,814.64,814.98,276.0,144887.0,144829.0
au2510.SHFE,SHFE.au2510,2025-09-03 09:45:00,127153,814.98,814.98,814.8,814.84,271.0,144829.0,144802.0
au2510.SHFE,SHFE.au2510,2025-09-03 09:46:00,127154,814.84,814.9,814.6,814.64,294.0,144802.0,144748.0
au2510.SHFE,SHFE.au2510,2025-09-03 09:47:00,127155,814.64,814.8,814.56,814.78,419.0,144748.0,144696.0
au2510.SHFE,SHFE.au2510,2025-09-03 09:48:00,127156,814.78,815.08,814.76,815.06,392.0,144696.0,144650.0
au2510.SHFE,SHFE.au2510,2025-09-03 09:49:00,127157,815.06,815.16,815.0,815.02,244.0,144650.0,144655.0
au2510.SHFE,SHFE.au2510,2025-09-03 09:50:00,127158,815.02,815.3,815.02,815.24,319.0,144655.0,144632.0
au2510.SHFE,SHFE.au2510,2025-09-03 09:51:00,127159,815.24,815.26,814.9,814.94,215.0,144632.0,144628.0
au2510.SHFE,SHFE.au2510,2025-09-03 09:52:00,127160,814.94,815.08,814.88,815.08,205.0,144628.0,144618.0
au2510.SHFE,SHFE.au2510,2025-09-03 09:53:00,127161,815.08,815.24,815.02,815.12,258.0,144618.0,144653.0
au2510.SHFE,SHFE.au2510,2025-09-03 09:54:00,127162,815.12,815.46,815.12,815.46,279.0,144653.0,144632.0
au2510.SHFE,SHFE.au2510,2025-09-03 09:55:00,127163,815.46,815.58,815.36,815.38,367.0,144632.0,144677.0
au2510.SHFE,SHFE.au2510,2025-09-03 09:56:00,127164,815.38,815.52,815.36,815.46,312.0,144677.0,144707.0
au2510.SHFE,SHFE.au2510,2025-09-03 09:57:00,127165,815.46,815.56,815.18,815.2,334.0,144707.0,144726.0
au2510.SHFE,SHFE.au2510,2025-09-03 09:58:00,127166,815.2,815.26,815.16,815.22,165.0,144726.0,144705.0
au2510.SHFE,SHFE.au2510,2025-09-03 09:59:00,127167,815.22,815.44,815.22,815.42,214.0,144705.0,144624.0
au2510.SHFE,SHFE.au2510,2025-09-03 10:00:00,127168,815.42,815.56,815.4,815.48,344.0,144624.0,144617.0
au2510.SHFE,SHFE.au2510,2025-09-03 10:01:00,127169,815.48,815.88,815.38,815.88,878.0,144617.0,144525.0
au2510.SHFE,SHFE.au2510,2025-09-03 10:02:00,127170,815.88,816.2,815.78,816.08,786.0,144525.0,144647.0
au2510.SHFE,SHFE.au2510,2025-09-03 10:03:00,127171,816.08,816.24,816.04,816.24,623.0,144647.0,144655.0
au2510.SHFE,SHFE.au2510,2025-09-03 10:04:00,127172,816.24,816.24,816.04,816.24,418.0,144655.0,144650.0
au2510.SHFE,SHFE.au2510,2025-09-03 10:05:00,127173,816.24,816.46,816.18,816.22,850.0,144650.0,144894.0
au2510.SHFE,SHFE.au2510,2025-09-03 10:06:00,127174,816.22,816.68,816.16,816.66,798.0,144894.0,145026.0
au2510.SHFE,SHFE.au2510,2025-09-03 10:07:00,127175,816.66,816.78,816.52,816.56,833.0,145026.0,145198.0
au2510.SHFE,SHFE.au2510,2025-09-03 10:08:00,127176,816.56,816.56,816.08,816.22,891.0,145198.0,145127.0
au2510.SHFE,SHFE.au2510,2025-09-03 10:09:00,127177,816.22,816.24,816.0,816.02,434.0,145127.0,145012.0
au2510.SHFE,SHFE.au2510,2025-09-03 10:10:00,127178,816.02,816.12,815.74,815.82,904.0,145012.0,144832.0
au2510.SHFE,SHFE.au2510,2025-09-03 10:11:00,127179,815.82,816.16,815.8,816.1,445.0,144832.0,144767.0
au2510.SHFE,SHFE.au2510,2025-09-03 10:12:00,127180,816.1,816.16,815.74,816.06,477.0,144767.0,144728.0
au2510.SHFE,SHFE.au2510,2025-09-03 10:13:00,127181,816.06,816.14,815.8,815.86,357.0,144728.0,144648.0
au2510.SHFE,SHFE.au2510,2025-09-03 10:14:00,127182,815.86,815.92,815.7,815.74,483.0,144648.0,144517.0
au2510.SHFE,SHFE.au2510,2025-09-03 10:30:00,127183,815.76,815.9,815.58,815.6,879.0,144517.0,144545.0
au2510.SHFE,SHFE.au2510,2025-09-03 10:31:00,127184,815.6,815.8,815.4,815.44,581.0,144545.0,144427.0
au2510.SHFE,SHFE.au2510,2025-09-03 10:32:00,127185,815.44,815.44,814.88,814.92,1437.0,144427.0,144135.0
au2510.SHFE,SHFE.au2510,2025-09-03 10:33:00,127186,814.92,815.22,814.9,815.0,934.0,144135.0,144078.0
au2510.SHFE,SHFE.au2510,2025-09-03 10:34:00,127187,815.0,815.6,814.94,815.56,539.0,144078.0,144030.0
au2510.SHFE,SHFE.au2510,2025-09-03 10:35:00,127188,815.56,815.6,815.26,815.4,491.0,144030.0,144057.0
au2510.SHFE,SHFE.au2510,2025-09-03 10:36:00,127189,815.4,815.44,815.2,815.42,272.0,144057.0,144072.0
au2510.SHFE,SHFE.au2510,2025-09-03 10:37:00,127190,815.42,815.54,815.32,815.5,271.0,144072.0,144033.0
au2510.SHFE,SHFE.au2510,2025-09-03 10:38:00,127191,815.5,815.5,815.24,815.3,194.0,144033.0,144035.0
au2510.SHFE,SHFE.au2510,2025-09-03 10:39:00,127192,815.3,815.34,815.14,815.16,261.0,144035.0,144014.0
au2510.SHFE,SHFE.au2510,2025-09-03 10:40:00,127193,815.16,815.22,815.0,815.08,357.0,144014.0,144006.0
au2510.SHFE,SHFE.au2510,2025-09-03 10:41:00,127194,815.08,815.08,814.68,815.06,665.0,144006.0,143964.0
au2510.SHFE,SHFE.au2510,2025-09-03 10:42:00,127195,815.06,815.36,815.02,815.24,528.0,143964.0,144019.0
au2510.SHFE,SHFE.au2510,2025-09-03 10:43:00,127196,815.24,815.28,815.1,815.16,248.0,144019.0,144021.0
au2510.SHFE,SHFE.au2510,2025-09-03 10:44:00,127197,815.16,815.28,815.04,815.1,276.0,144021.0,144027.0
au2510.SHFE,SHFE.au2510,2025-09-03 10:45:00,127198,815.1,815.4,815.0,815.36,457.0,144027.0,144029.0
au2510.SHFE,SHFE.au2510,2025-09-03 10:46:00,127199,815.36,815.48,815.3,815.38,418.0,144029.0,144040.0
au2510.SHFE,SHFE.au2510,2025-09-03 10:47:00,127200,815.38,815.44,815.3,815.3,245.0,144040.0,143985.0
au2510.SHFE,SHFE.au2510,2025-09-03 10:48:00,127201,815.3,815.44,815.3,815.3,250.0,143985.0,143952.0
au2510.SHFE,SHFE.au2510,2025-09-03 10:49:00,127202,815.3,815.32,815.0,815.0,299.0,143952.0,143923.0
au2510.SHFE,SHFE.au2510,2025-09-03 10:50:00,127203,815.0,815.06,814.88,815.06,390.0,143923.0,143961.0
au2510.SHFE,SHFE.au2510,2025-09-03 10:51:00,127204,815.06,815.06,814.86,814.96,266.0,143961.0,143961.0
au2510.SHFE,SHFE.au2510,2025-09-03 10:52:00,127205,814.96,814.96,814.68,814.84,660.0,143961.0,143992.0
au2510.SHFE,SHFE.au2510,2025-09-03 10:53:00,127206,814.84,814.84,814.0,814.16,1042.0,143992.0,143979.0
au2510.SHFE,SHFE.au2510,2025-09-03 10:54:00,127207,814.16,814.4,813.9,813.9,764.0,143979.0,143976.0
au2510.SHFE,SHFE.au2510,2025-09-03 10:55:00,127208,813.9,813.98,813.7,813.88,1186.0,143976.0,143784.0
au2510.SHFE,SHFE.au2510,2025-09-03 10:56:00,127209,813.88,814.1,813.7,814.1,846.0,143784.0,143732.0
au2510.SHFE,SHFE.au2510,2025-09-03 10:57:00,127210,814.1,814.3,814.06,814.22,709.0,143732.0,143761.0
au2510.SHFE,SHFE.au2510,2025-09-03 10:58:00,127211,814.22,814.24,813.76,813.9,534.0,143761.0,143764.0
au2510.SHFE,SHFE.au2510,2025-09-03 10:59:00,127212,813.9,813.96,813.48,813.56,723.0,143764.0,143766.0
au2510.SHFE,SHFE.au2510,2025-09-03 11:00:00,127213,813.56,813.84,813.3,813.8,789.0,143766.0,143712.0
au2510.SHFE,SHFE.au2510,2025-09-03 11:01:00,127214,813.8,813.82,813.3,813.46,512.0,143712.0,143684.0
au2510.SHFE,SHFE.au2510,2025-09-03 11:02:00,127215,813.46,813.6,813.26,813.6,675.0,143684.0,143681.0
au2510.SHFE,SHFE.au2510,2025-09-03 11:03:00,127216,813.6,813.74,813.36,813.44,537.0,143681.0,143659.0
au2510.SHFE,SHFE.au2510,2025-09-03 11:04:00,127217,813.44,813.74,813.28,813.74,355.0,143659.0,143625.0
au2510.SHFE,SHFE.au2510,2025-09-03 11:05:00,127218,813.74,813.78,813.52,813.64,259.0,143625.0,143634.0
au2510.SHFE,SHFE.au2510,2025-09-03 11:06:00,127219,813.64,813.66,813.34,813.52,305.0,143634.0,143640.0
au2510.SHFE,SHFE.au2510,2025-09-03 11:07:00,127220,813.52,813.6,813.42,813.52,264.0,143640.0,143590.0
au2510.SHFE,SHFE.au2510,2025-09-03 11:08:00,127221,813.52,813.66,813.44,813.58,340.0,143590.0,143563.0
au2510.SHFE,SHFE.au2510,2025-09-03 11:09:00,127222,813.58,813.74,813.58,813.64,281.0,143563.0,143587.0
au2510.SHFE,SHFE.au2510,2025-09-03 11:10:00,127223,813.64,813.64,813.38,813.56,396.0,143587.0,143526.0
au2510.SHFE,SHFE.au2510,2025-09-03 11:11:00,127224,813.56,813.68,813.5,813.68,268.0,143526.0,143541.0
au2510.SHFE,SHFE.au2510,2025-09-03 11:12:00,127225,813.68,813.72,813.44,813.58,240.0,143541.0,143487.0
au2510.SHFE,SHFE.au2510,2025-09-03 11:13:00,127226,813.58,813.62,813.38,813.48,153.0,143487.0,143464.0
au2510.SHFE,SHFE.au2510,2025-09-03 11:14:00,127227,813.48,813.52,813.34,813.42,196.0,143464.0,143448.0
au2510.SHFE,SHFE.au2510,2025-09-03 11:15:00,127228,813.42,813.44,813.32,813.42,280.0,143448.0,143392.0
au2510.SHFE,SHFE.au2510,2025-09-03 11:16:00,127229,813.42,813.92,813.4,813.8,384.0,143392.0,143362.0
au2510.SHFE,SHFE.au2510,2025-09-03 11:17:00,127230,813.8,813.84,813.54,813.54,253.0,143362.0,143382.0
au2510.SHFE,SHFE.au2510,2025-09-03 11:18:00,127231,813.54,813.76,813.46,813.74,183.0,143382.0,143356.0
au2510.SHFE,SHFE.au2510,2025-09-03 11:19:00,127232,813.74,814.14,813.74,814.14,427.0,143356.0,143415.0
au2510.SHFE,SHFE.au2510,2025-09-03 11:20:00,127233,814.14,814.14,813.88,814.0,354.0,143415.0,143344.0
au2510.SHFE,SHFE.au2510,2025-09-03 11:21:00,127234,814.0,814.0,813.88,813.98,130.0,143344.0,143326.0
au2510.SHFE,SHFE.au2510,2025-09-03 11:22:00,127235,813.98,814.32,813.98,814.32,313.0,143326.0,143312.0
au2510.SHFE,SHFE.au2510,2025-09-03 11:23:00,127236,814.32,814.38,814.12,814.2,329.0,143312.0,143319.0
au2510.SHFE,SHFE.au2510,2025-09-03 11:24:00,127237,814.2,814.2,813.8,813.9,213.0,143319.0,143322.0
au2510.SHFE,SHFE.au2510,2025-09-03 11:25:00,127238,813.9,814.02,813.82,813.94,358.0,143322.0,143345.0
au2510.SHFE,SHFE.au2510,2025-09-03 11:26:00,127239,813.94,814.04,813.8,813.8,281.0,143345.0,143341.0
au2510.SHFE,SHFE.au2510,2025-09-03 11:27:00,127240,813.8,813.86,813.56,813.62,468.0,143341.0,143328.0
au2510.SHFE,SHFE.au2510,2025-09-03 11:28:00,127241,813.62,813.7,813.5,813.66,279.0,143328.0,143325.0
au2510.SHFE,SHFE.au2510,2025-09-03 11:29:00,127242,813.66,813.78,813.64,813.74,279.0,143325.0,143319.0
au2510.SHFE,SHFE.au2510,2025-09-03 13:30:00,127243,814.36,814.5,814.08,814.14,794.0,143319.0,143372.0
au2510.SHFE,SHFE.au2510,2025-09-03 13:31:00,127244,814.14,814.26,814.02,814.26,324.0,143372.0,143437.0
au2510.SHFE,SHFE.au2510,2025-09-03 13:32:00,127245,814.26,814.26,813.76,813.82,299.0,143437.0,143530.0
au2510.SHFE,SHFE.au2510,2025-09-03 13:33:00,127246,813.82,813.9,813.76,813.86,447.0,143530.0,143632.0
au2510.SHFE,SHFE.au2510,2025-09-03 13:34:00,127247,813.86,813.92,813.7,813.9,427.0,143632.0,143692.0
au2510.SHFE,SHFE.au2510,2025-09-03 13:35:00,127248,813.9,814.1,813.9,814.02,263.0,143692.0,143709.0
au2510.SHFE,SHFE.au2510,2025-09-03 13:36:00,127249,814.02,814.08,813.86,814.06,275.0,143709.0,143718.0
au2510.SHFE,SHFE.au2510,2025-09-03 13:37:00,127250,814.06,814.2,813.9,814.2,230.0,143718.0,143725.0
au2510.SHFE,SHFE.au2510,2025-09-03 13:38:00,127251,814.2,814.38,814.2,814.3,278.0,143725.0,143748.0
au2510.SHFE,SHFE.au2510,2025-09-03 13:39:00,127252,814.3,814.48,814.26,814.46,267.0,143748.0,143755.0
au2510.SHFE,SHFE.au2510,2025-09-03 13:40:00,127253,814.46,814.54,814.34,814.46,263.0,143755.0,143767.0
au2510.SHFE,SHFE.au2510,2025-09-03 13:41:00,127254,814.46,814.5,814.22,814.26,268.0,143767.0,143771.0
au2510.SHFE,SHFE.au2510,2025-09-03 13:42:00,127255,814.26,814.32,814.22,814.28,242.0,143771.0,143772.0
au2510.SHFE,SHFE.au2510,2025-09-03 13:43:00,127256,814.28,814.3,814.12,814.16,159.0,143772.0,143763.0
au2510.SHFE,SHFE.au2510,2025-09-03 13:44:00,127257,814.16,814.2,814.06,814.2,205.0,143763.0,143769.0
au2510.SHFE,SHFE.au2510,2025-09-03 13:45:00,127258,814.2,814.36,814.12,814.34,226.0,143769.0,143782.0
au2510.SHFE,SHFE.au2510,2025-09-03 13:46:00,127259,814.34,814.4,814.26,814.38,117.0,143782.0,143791.0
au2510.SHFE,SHFE.au2510,2025-09-03 13:47:00,127260,814.38,814.44,814.26,814.36,197.0,143791.0,143808.0
au2510.SHFE,SHFE.au2510,2025-09-03 13:48:00,127261,814.36,814.36,814.18,814.18,155.0,143808.0,143817.0
au2510.SHFE,SHFE.au2510,2025-09-03 13:49:00,127262,814.18,814.18,813.84,814.04,276.0,143817.0,143816.0
au2510.SHFE,SHFE.au2510,2025-09-03 13:50:00,127263,814.04,814.04,813.8,813.98,274.0,143816.0,143845.0
au2510.SHFE,SHFE.au2510,2025-09-03 13:51:00,127264,813.98,813.98,813.54,813.56,544.0,143845.0,143901.0
au2510.SHFE,SHFE.au2510,2025-09-03 13:52:00,127265,813.56,813.78,813.4,813.7,611.0,143901.0,143966.0
au2510.SHFE,SHFE.au2510,2025-09-03 13:53:00,127266,813.7,813.9,813.7,813.82,198.0,143966.0,143975.0
au2510.SHFE,SHFE.au2510,2025-09-03 13:54:00,127267,813.82,813.82,813.38,813.38,344.0,143975.0,143954.0
au2510.SHFE,SHFE.au2510,2025-09-03 13:55:00,127268,813.38,813.44,812.74,813.04,1309.0,143954.0,143929.0
au2510.SHFE,SHFE.au2510,2025-09-03 13:56:00,127269,813.04,813.16,812.78,812.86,785.0,143929.0,143989.0
au2510.SHFE,SHFE.au2510,2025-09-03 13:57:00,127270,812.86,813.24,812.84,813.2,435.0,143989.0,143960.0
au2510.SHFE,SHFE.au2510,2025-09-03 13:58:00,127271,813.2,813.44,813.2,813.42,328.0,143960.0,143906.0
au2510.SHFE,SHFE.au2510,2025-09-03 13:59:00,127272,813.42,813.46,813.26,813.4,212.0,143906.0,143877.0
au2510.SHFE,SHFE.au2510,2025-09-03 14:00:00,127273,813.4,813.86,813.4,813.86,448.0,143877.0,143816.0
au2510.SHFE,SHFE.au2510,2025-09-03 14:01:00,127274,813.86,813.86,813.6,813.64,288.0,143816.0,143806.0
au2510.SHFE,SHFE.au2510,2025-09-03 14:02:00,127275,813.64,813.72,813.42,813.72,330.0,143806.0,143809.0
au2510.SHFE,SHFE.au2510,2025-09-03 14:03:00,127276,813.72,813.78,813.58,813.72,170.0,143809.0,143751.0
au2510.SHFE,SHFE.au2510,2025-09-03 14:04:00,127277,813.72,813.94,813.72,813.9,340.0,143751.0,143649.0
au2510.SHFE,SHFE.au2510,2025-09-03 14:05:00,127278,813.9,814.06,813.72,813.8,484.0,143649.0,143584.0
au2510.SHFE,SHFE.au2510,2025-09-03 14:06:00,127279,813.8,813.88,813.72,813.72,246.0,143584.0,143499.0
au2510.SHFE,SHFE.au2510,2025-09-03 14:07:00,127280,813.72,813.84,813.7,813.8,118.0,143499.0,143476.0
au2510.SHFE,SHFE.au2510,2025-09-03 14:08:00,127281,813.8,814.0,813.8,813.84,229.0,143476.0,143452.0
au2510.SHFE,SHFE.au2510,2025-09-03 14:09:00,127282,813.84,813.88,813.54,813.58,278.0,143452.0,143393.0
au2510.SHFE,SHFE.au2510,2025-09-03 14:10:00,127283,813.58,813.68,813.58,813.62,277.0,143393.0,143333.0
au2510.SHFE,SHFE.au2510,2025-09-03 14:11:00,127284,813.62,813.94,813.54,813.86,266.0,143333.0,143292.0
au2510.SHFE,SHFE.au2510,2025-09-03 14:12:00,127285,813.86,813.94,813.72,813.86,258.0,143292.0,143251.0
au2510.SHFE,SHFE.au2510,2025-09-03 14:13:00,127286,813.86,814.06,813.78,813.94,431.0,143251.0,143179.0
au2510.SHFE,SHFE.au2510,2025-09-03 14:14:00,127287,813.94,814.04,813.84,814.02,207.0,143179.0,143117.0
au2510.SHFE,SHFE.au2510,2025-09-03 14:15:00,127288,814.02,814.32,814.02,814.32,500.0,143117.0,143075.0
au2510.SHFE,SHFE.au2510,2025-09-03 14:16:00,127289,814.32,814.34,814.16,814.2,269.0,143075.0,143025.0
au2510.SHFE,SHFE.au2510,2025-09-03 14:17:00,127290,814.2,814.2,813.8,813.82,411.0,143025.0,142943.0
au2510.SHFE,SHFE.au2510,2025-09-03 14:18:00,127291,813.82,813.88,813.72,813.82,216.0,142943.0,142978.0
au2510.SHFE,SHFE.au2510,2025-09-03 14:19:00,127292,813.82,813.92,813.78,813.82,187.0,142978.0,142932.0
au2510.SHFE,SHFE.au2510,2025-09-03 14:20:00,127293,813.82,814.02,813.74,814.02,286.0,142932.0,142950.0
au2510.SHFE,SHFE.au2510,2025-09-03 14:21:00,127294,814.02,814.06,813.9,814.04,308.0,142950.0,143034.0
au2510.SHFE,SHFE.au2510,2025-09-03 14:22:00,127295,814.04,814.14,813.88,814.08,393.0,143034.0,143019.0
au2510.SHFE,SHFE.au2510,2025-09-03 14:23:00,127296,814.08,814.24,814.02,814.06,394.0,143019.0,143017.0
au2510.SHFE,SHFE.au2510,2025-09-03 14:24:00,127297,814.06,814.36,813.96,814.32,276.0,143017.0,143048.0
au2510.SHFE,SHFE.au2510,2025-09-03 14:25:00,127298,814.32,814.34,813.9,813.92,356.0,143048.0,143113.0
au2510.SHFE,SHFE.au2510,2025-09-03 14:26:00,127299,813.92,814.12,813.92,814.06,144.0,143113.0,143107.0
au2510.SHFE,SHFE.au2510,2025-09-03 14:27:00,127300,814.06,814.12,813.96,814.06,272.0,143107.0,143042.0
au2510.SHFE,SHFE.au2510,2025-09-03 14:28:00,127301,814.06,814.24,814.04,814.12,136.0,143042.0,143056.0
au2510.SHFE,SHFE.au2510,2025-09-03 14:29:00,127302,814.12,814.16,814.0,814.08,168.0,143056.0,143092.0
au2510.SHFE,SHFE.au2510,2025-09-03 14:30:00,127303,814.08,814.22,813.94,814.0,260.0,143092.0,143131.0
au2510.SHFE,SHFE.au2510,2025-09-03 14:31:00,127304,814.0,814.12,813.9,814.08,173.0,143131.0,143145.0
au2510.SHFE,SHFE.au2510,2025-09-03 14:32:00,127305,814.08,814.4,814.08,814.4,237.0,143145.0,143123.0
au2510.SHFE,SHFE.au2510,2025-09-03 14:33:00,127306,814.4,814.76,814.4,814.72,521.0,143123.0,143173.0
au2510.SHFE,SHFE.au2510,2025-09-03 14:34:00,127307,814.72,814.78,814.54,814.68,524.0,143173.0,143168.0
au2510.SHFE,SHFE.au2510,2025-09-03 14:35:00,127308,814.68,814.74,814.52,814.54,331.0,143168.0,143164.0
au2510.SHFE,SHFE.au2510,2025-09-03 14:36:00,127309,814.54,814.8,814.52,814.64,396.0,143164.0,143206.0
au2510.SHFE,SHFE.au2510,2025-09-03 14:37:00,127310,814.64,814.8,814.62,814.68,337.0,143206.0,143225.0
au2510.SHFE,SHFE.au2510,2025-09-03 14:38:00,127311,814.68,814.78,814.54,814.54,187.0,143225.0,143130.0
au2510.SHFE,SHFE.au2510,2025-09-03 14:39:00,127312,814.54,814.56,814.36,814.56,296.0,143130.0,143043.0
au2510.SHFE,SHFE.au2510,2025-09-03 14:40:00,127313,814.56,814.64,814.44,814.58,220.0,143043.0,143063.0
au2510.SHFE,SHFE.au2510,2025-09-03 14:41:00,127314,814.58,814.82,814.58,814.72,307.0,143063.0,143059.0
au2510.SHFE,SHFE.au2510,2025-09-03 14:42:00,127315,814.72,814.8,814.66,814.7,173.0,143059.0,143042.0
au2510.SHFE,SHFE.au2510,2025-09-03 14:43:00,127316,814.7,814.88,814.64,814.86,241.0,143042.0,143016.0
au2510.SHFE,SHFE.au2510,2025-09-03 14:44:00,127317,814.86,815.06,814.8,815.02,363.0,143016.0,143044.0
au2510.SHFE,SHFE.au2510,2025-09-03 14:45:00,127318,815.02,815.18,815.02,815.1,487.0,143044.0,143096.0
au2510.SHFE,SHFE.au2510,2025-09-03 14:46:00,127319,815.1,815.14,814.98,815.0,226.0,143096.0,143074.0
au2510.SHFE,SHFE.au2510,2025-09-03 14:47:00,127320,815.0,815.14,815.0,815.04,168.0,143074.0,143061.0
au2510.SHFE,SHFE.au2510,2025-09-03 14:48:00,127321,815.04,815.18,814.9,814.94,311.0,143061.0,143044.0
au2510.SHFE,SHFE.au2510,2025-09-03 14:49:00,127322,814.94,815.02,814.84,815.02,208.0,143044.0,142985.0
au2510.SHFE,SHFE.au2510,2025-09-03 14:50:00,127323,815.02,815.04,814.94,815.02,162.0,142985.0,142963.0
au2510.SHFE,SHFE.au2510,2025-09-03 14:51:00,127324,815.02,815.04,814.88,814.92,259.0,142963.0,142893.0
au2510.SHFE,SHFE.au2510,2025-09-03 14:52:00,127325,814.92,815.12,814.84,815.04,255.0,142893.0,142802.0
au2510.SHFE,SHFE.au2510,2025-09-03 14:53:00,127326,815.04,815.04,814.92,815.0,190.0,142802.0,142782.0
au2510.SHFE,SHFE.au2510,2025-09-03 14:54:00,127327,815.0,815.02,814.78,814.78,289.0,142782.0,142722.0
au2510.SHFE,SHFE.au2510,2025-09-03 14:55:00,127328,814.78,814.82,814.66,814.68,473.0,142722.0,142578.0
au2510.SHFE,SHFE.au2510,2025-09-03 14:56:00,127329,814.68,814.82,814.66,814.7,378.0,142578.0,142519.0
au2510.SHFE,SHFE.au2510,2025-09-03 14:57:00,127330,814.7,814.76,814.64,814.74,241.0,142519.0,142452.0
au2510.SHFE,SHFE.au2510,2025-09-03 14:58:00,127331,814.74,814.78,814.68,814.74,325.0,142452.0,142410.0
au2510.SHFE,SHFE.au2510,2025-09-03 14:59:00,127332,814.74,815.0,814.68,814.88,485.0,142410.0,142330.0
au2510.SHFE,SHFE.au2510,2025-09-03 21:00:00,127333,817.5,818.4,817.5,818.28,3107.0,142330.0,142706.0
au2510.SHFE,SHFE.au2510,2025-09-03 21:01:00,127334,818.28,819.3,818.28,819.1,2772.0,142706.0,143171.0
au2510.SHFE,SHFE.au2510,2025-09-03 21:02:00,127335,819.1,819.48,818.98,819.26,2096.0,143171.0,143247.0
au2510.SHFE,SHFE.au2510,2025-09-03 21:03:00,127336,819.26,819.28,818.72,818.82,1514.0,143247.0,143364.0
au2510.SHFE,SHFE.au2510,2025-09-03 21:04:00,127337,818.82,818.96,818.62,818.72,975.0,143364.0,143516.0
au2510.SHFE,SHFE.au2510,2025-09-03 21:05:00,127338,818.72,819.08,818.66,819.04,1347.0,143516.0,143618.0
au2510.SHFE,SHFE.au2510,2025-09-03 21:06:00,127339,819.04,819.16,818.86,819.12,749.0,143618.0,143606.0
au2510.SHFE,SHFE.au2510,2025-09-03 21:07:00,127340,819.12,819.5,818.96,819.48,1483.0,143606.0,143757.0
au2510.SHFE,SHFE.au2510,2025-09-03 21:08:00,127341,819.48,819.68,819.16,819.36,1308.0,143757.0,143881.0
au2510.SHFE,SHFE.au2510,2025-09-03 21:09:00,127342,819.36,819.56,819.32,819.5,747.0,143881.0,143941.0
au2510.SHFE,SHFE.au2510,2025-09-03 21:10:00,127343,819.5,819.56,819.38,819.48,685.0,143941.0,143982.0
au2510.SHFE,SHFE.au2510,2025-09-03 21:11:00,127344,819.48,819.5,819.3,819.38,737.0,143982.0,144104.0
au2510.SHFE,SHFE.au2510,2025-09-03 21:12:00,127345,819.38,819.4,819.18,819.22,712.0,144104.0,144250.0
au2510.SHFE,SHFE.au2510,2025-09-03 21:13:00,127346,819.22,819.46,819.12,819.16,740.0,144250.0,144244.0
au2510.SHFE,SHFE.au2510,2025-09-03 21:14:00,127347,819.16,819.78,819.04,819.7,1149.0,144244.0,144241.0
au2510.SHFE,SHFE.au2510,2025-09-03 21:15:00,127348,819.7,819.76,819.18,819.22,985.0,144241.0,144444.0
au2510.SHFE,SHFE.au2510,2025-09-03 21:16:00,127349,819.22,819.22,818.7,819.04,1436.0,144444.0,144572.0
au2510.SHFE,SHFE.au2510,2025-09-03 21:17:00,127350,819.04,819.52,819.02,819.5,981.0,144572.0,144675.0
au2510.SHFE,SHFE.au2510,2025-09-03 21:18:00,127351,819.5,819.6,819.24,819.52,772.0,144675.0,144679.0
au2510.SHFE,SHFE.au2510,2025-09-03 21:19:00,127352,819.52,819.6,819.26,819.54,509.0,144679.0,144689.0
au2510.SHFE,SHFE.au2510,2025-09-03 21:20:00,127353,819.54,819.76,819.42,819.54,867.0,144689.0,144780.0
au2510.SHFE,SHFE.au2510,2025-09-03 21:21:00,127354,819.54,819.6,819.3,819.36,629.0,144780.0,144884.0
au2510.SHFE,SHFE.au2510,2025-09-03 21:22:00,127355,819.36,819.4,819.06,819.14,683.0,144884.0,144993.0
au2510.SHFE,SHFE.au2510,2025-09-03 21:23:00,127356,819.14,819.38,819.12,819.34,558.0,144993.0,145134.0
au2510.SHFE,SHFE.au2510,2025-09-03 21:24:00,127357,819.34,819.46,819.16,819.38,555.0,145134.0,145144.0
au2510.SHFE,SHFE.au2510,2025-09-03 21:25:00,127358,819.38,819.5,819.26,819.26,424.0,145144.0,145121.0
au2510.SHFE,SHFE.au2510,2025-09-03 21:26:00,127359,819.26,819.54,819.06,819.46,672.0,145121.0,145160.0
au2510.SHFE,SHFE.au2510,2025-09-03 21:27:00,127360,819.46,819.7,819.44,819.56,656.0,145160.0,145166.0
au2510.SHFE,SHFE.au2510,2025-09-03 21:28:00,127361,819.56,820.14,819.48,820.1,1348.0,145166.0,145446.0
au2510.SHFE,SHFE.au2510,2025-09-03 21:29:00,127362,820.1,820.28,820.04,820.08,896.0,145446.0,145647.0
au2510.SHFE,SHFE.au2510,2025-09-03 21:30:00,127363,820.08,820.26,819.62,819.62,1272.0,145647.0,145858.0
au2510.SHFE,SHFE.au2510,2025-09-03 21:31:00,127364,819.62,819.66,819.42,819.54,974.0,145858.0,145861.0
au2510.SHFE,SHFE.au2510,2025-09-03 21:32:00,127365,819.54,819.58,819.0,819.0,1120.0,145861.0,146083.0
au2510.SHFE,SHFE.au2510,2025-09-03 21:33:00,127366,819.0,819.3,818.66,819.26,1621.0,146083.0,146056.0
au2510.SHFE,SHFE.au2510,2025-09-03 21:34:00,127367,819.26,819.4,819.02,819.4,559.0,146056.0,146075.0
au2510.SHFE,SHFE.au2510,2025-09-03 21:35:00,127368,819.4,819.44,818.98,818.98,767.0,146075.0,146157.0
au2510.SHFE,SHFE.au2510,2025-09-03 21:36:00,127369,818.98,819.02,818.26,818.34,1570.0,146157.0,146320.0
au2510.SHFE,SHFE.au2510,2025-09-03 21:37:00,127370,818.34,818.44,817.64,818.0,1612.0,146320.0,146358.0
au2510.SHFE,SHFE.au2510,2025-09-03 21:38:00,127371,818.0,818.56,818.0,818.48,987.0,146358.0,146441.0
au2510.SHFE,SHFE.au2510,2025-09-03 21:39:00,127372,818.48,818.86,818.4,818.6,844.0,146441.0,146452.0
au2510.SHFE,SHFE.au2510,2025-09-03 21:40:00,127373,818.6,818.84,818.42,818.46,816.0,146452.0,146395.0
au2510.SHFE,SHFE.au2510,2025-09-03 21:41:00,127374,818.46,818.52,818.08,818.3,793.0,146395.0,146452.0
au2510.SHFE,SHFE.au2510,2025-09-03 21:42:00,127375,818.3,818.36,818.0,818.1,644.0,146452.0,146494.0
au2510.SHFE,SHFE.au2510,2025-09-03 21:43:00,127376,818.1,818.1,817.7,817.92,983.0,146494.0,146564.0
au2510.SHFE,SHFE.au2510,2025-09-03 21:44:00,127377,817.92,818.2,817.84,818.2,801.0,146564.0,146706.0
au2510.SHFE,SHFE.au2510,2025-09-03 21:45:00,127378,818.2,818.4,818.04,818.26,745.0,146706.0,146670.0
au2510.SHFE,SHFE.au2510,2025-09-03 21:46:00,127379,818.26,818.3,817.92,818.18,591.0,146670.0,146687.0
au2510.SHFE,SHFE.au2510,2025-09-03 21:47:00,127380,818.18,818.64,817.96,818.64,751.0,146687.0,146655.0
au2510.SHFE,SHFE.au2510,2025-09-03 21:48:00,127381,818.64,818.72,817.94,818.12,887.0,146655.0,146578.0
au2510.SHFE,SHFE.au2510,2025-09-03 21:49:00,127382,818.12,818.42,818.1,818.32,507.0,146578.0,146577.0
au2510.SHFE,SHFE.au2510,2025-09-03 21:50:00,127383,818.32,818.4,818.18,818.24,578.0,146577.0,146641.0
au2510.SHFE,SHFE.au2510,2025-09-03 21:51:00,127384,818.24,818.46,818.12,818.12,701.0,146641.0,146700.0
au2510.SHFE,SHFE.au2510,2025-09-03 21:52:00,127385,818.12,818.26,818.06,818.14,419.0,146700.0,146642.0
au2510.SHFE,SHFE.au2510,2025-09-03 21:53:00,127386,818.14,818.44,818.1,818.4,494.0,146642.0,146593.0
au2510.SHFE,SHFE.au2510,2025-09-03 21:54:00,127387,818.4,818.8,818.4,818.58,757.0,146593.0,146513.0
au2510.SHFE,SHFE.au2510,2025-09-03 21:55:00,127388,818.58,818.8,818.54,818.64,414.0,146513.0,146526.0
au2510.SHFE,SHFE.au2510,2025-09-03 21:56:00,127389,818.64,818.78,818.52,818.64,440.0,146526.0,146574.0
au2510.SHFE,SHFE.au2510,2025-09-03 21:57:00,127390,818.64,818.8,818.56,818.64,459.0,146574.0,146649.0
au2510.SHFE,SHFE.au2510,2025-09-03 21:58:00,127391,818.64,818.86,818.62,818.8,422.0,146649.0,146614.0
au2510.SHFE,SHFE.au2510,2025-09-03 21:59:00,127392,818.8,818.84,818.4,818.48,467.0,146614.0,146680.0
au2510.SHFE,SHFE.au2510,2025-09-03 22:00:00,127393,818.48,819.34,818.46,819.22,2129.0,146680.0,146764.0
au2510.SHFE,SHFE.au2510,2025-09-03 22:01:00,127394,819.22,819.4,819.12,819.36,938.0,146764.0,146734.0
au2510.SHFE,SHFE.au2510,2025-09-03 22:02:00,127395,819.36,819.4,818.92,818.96,704.0,146734.0,146791.0
au2510.SHFE,SHFE.au2510,2025-09-03 22:03:00,127396,818.96,819.26,818.72,818.76,663.0,146791.0,146846.0
au2510.SHFE,SHFE.au2510,2025-09-03 22:04:00,127397,818.76,819.0,818.74,818.74,478.0,146846.0,146934.0
au2510.SHFE,SHFE.au2510,2025-09-03 22:05:00,127398,818.74,819.08,818.7,818.82,539.0,146934.0,146887.0
au2510.SHFE,SHFE.au2510,2025-09-03 22:06:00,127399,818.82,818.9,818.56,818.62,438.0,146887.0,146907.0
au2510.SHFE,SHFE.au2510,2025-09-03 22:07:00,127400,818.62,818.74,817.9,817.9,1049.0,146907.0,146929.0
au2510.SHFE,SHFE.au2510,2025-09-03 22:08:00,127401,817.9,818.14,817.72,817.96,845.0,146929.0,146930.0
au2510.SHFE,SHFE.au2510,2025-09-03 22:09:00,127402,817.96,818.3,817.84,818.28,484.0,146930.0,146920.0
au2510.SHFE,SHFE.au2510,2025-09-03 22:10:00,127403,818.28,818.54,818.14,818.4,550.0,146920.0,146949.0
au2510.SHFE,SHFE.au2510,2025-09-03 22:11:00,127404,818.4,818.54,818.32,818.46,323.0,146949.0,146918.0
au2510.SHFE,SHFE.au2510,2025-09-03 22:12:00,127405,818.46,818.46,818.24,818.36,386.0,146918.0,146941.0
au2510.SHFE,SHFE.au2510,2025-09-03 22:13:00,127406,818.36,818.4,818.08,818.18,478.0,146941.0,146922.0
au2510.SHFE,SHFE.au2510,2025-09-03 22:14:00,127407,818.18,818.3,818.0,818.12,318.0,146922.0,146885.0
au2510.SHFE,SHFE.au2510,2025-09-03 22:15:00,127408,818.12,818.58,818.12,818.5,485.0,146885.0,146855.0
au2510.SHFE,SHFE.au2510,2025-09-03 22:16:00,127409,818.5,818.8,818.5,818.7,536.0,146855.0,146806.0
au2510.SHFE,SHFE.au2510,2025-09-03 22:17:00,127410,818.7,818.92,818.54,818.9,524.0,146806.0,146742.0
au2510.SHFE,SHFE.au2510,2025-09-03 22:18:00,127411,818.9,819.24,818.9,819.08,925.0,146742.0,146733.0
au2510.SHFE,SHFE.au2510,2025-09-03 22:19:00,127412,819.08,819.5,819.08,819.24,1110.0,146733.0,146612.0
au2510.SHFE,SHFE.au2510,2025-09-03 22:20:00,127413,819.24,819.44,819.2,819.34,516.0,146612.0,146513.0
au2510.SHFE,SHFE.au2510,2025-09-03 22:21:00,127414,819.34,819.72,819.18,819.7,886.0,146513.0,146342.0
au2510.SHFE,SHFE.au2510,2025-09-03 22:22:00,127415,819.7,819.8,819.64,819.66,959.0,146342.0,146059.0
au2510.SHFE,SHFE.au2510,2025-09-03 22:23:00,127416,819.66,820.12,819.62,820.1,878.0,146059.0,145948.0
au2510.SHFE,SHFE.au2510,2025-09-03 22:24:00,127417,820.1,820.54,820.1,820.38,1477.0,145948.0,146009.0
au2510.SHFE,SHFE.au2510,2025-09-03 22:25:00,127418,820.38,820.6,820.18,820.32,926.0,146009.0,145961.0
au2510.SHFE,SHFE.au2510,2025-09-03 22:26:00,127419,820.32,820.58,820.06,820.48,989.0,145961.0,145948.0
au2510.SHFE,SHFE.au2510,2025-09-03 22:27:00,127420,820.48,820.66,820.04,820.06,878.0,145948.0,145911.0
au2510.SHFE,SHFE.au2510,2025-09-03 22:28:00,127421,820.06,820.5,820.02,820.2,800.0,145911.0,145942.0
au2510.SHFE,SHFE.au2510,2025-09-03 22:29:00,127422,820.2,820.26,820.04,820.1,621.0,145942.0,145931.0
au2510.SHFE,SHFE.au2510,2025-09-03 22:30:00,127423,820.1,820.34,820.06,820.12,625.0,145931.0,145913.0
au2510.SHFE,SHFE.au2510,2025-09-03 22:31:00,127424,820.12,820.18,819.6,819.6,692.0,145913.0,145905.0
au2510.SHFE,SHFE.au2510,2025-09-03 22:32:00,127425,819.6,819.88,819.38,819.38,763.0,145905.0,145854.0
au2510.SHFE,SHFE.au2510,2025-09-03 22:33:00,127426,819.38,819.38,819.08,819.26,1052.0,145854.0,145877.0
au2510.SHFE,SHFE.au2510,2025-09-03 22:34:00,127427,819.26,819.6,819.14,819.48,663.0,145877.0,145848.0
au2510.SHFE,SHFE.au2510,2025-09-03 22:35:00,127428,819.48,819.72,819.46,819.66,498.0,145848.0,145929.0
au2510.SHFE,SHFE.au2510,2025-09-03 22:36:00,127429,819.66,819.68,819.32,819.38,441.0,145929.0,145987.0
au2510.SHFE,SHFE.au2510,2025-09-03 22:37:00,127430,819.38,819.9,819.32,819.78,626.0,145987.0,146015.0
au2510.SHFE,SHFE.au2510,2025-09-03 22:38:00,127431,819.78,819.82,819.54,819.54,370.0,146015.0,146069.0
au2510.SHFE,SHFE.au2510,2025-09-03 22:39:00,127432,819.54,819.7,819.38,819.44,337.0,146069.0,146043.0
au2510.SHFE,SHFE.au2510,2025-09-03 22:40:00,127433,819.44,819.58,819.3,819.42,518.0,146043.0,146066.0
au2510.SHFE,SHFE.au2510,2025-09-03 22:41:00,127434,819.42,819.52,819.3,819.34,253.0,146066.0,146077.0
au2510.SHFE,SHFE.au2510,2025-09-03 22:42:00,127435,819.34,819.58,819.32,819.54,342.0,146077.0,146090.0
au2510.SHFE,SHFE.au2510,2025-09-03 22:43:00,127436,819.54,819.66,819.44,819.48,494.0,146090.0,146156.0
au2510.SHFE,SHFE.au2510,2025-09-03 22:44:00,127437,819.48,819.64,819.46,819.5,420.0,146156.0,146208.0
au2510.SHFE,SHFE.au2510,2025-09-03 22:45:00,127438,819.5,819.64,819.4,819.62,521.0,146208.0,146305.0
au2510.SHFE,SHFE.au2510,2025-09-03 22:46:00,127439,819.62,819.88,819.6,819.86,538.0,146305.0,146324.0
au2510.SHFE,SHFE.au2510,2025-09-03 22:47:00,127440,819.86,819.94,819.78,819.9,372.0,146324.0,146287.0
au2510.SHFE,SHFE.au2510,2025-09-03 22:48:00,127441,819.9,819.92,819.56,819.64,275.0,146287.0,146251.0
au2510.SHFE,SHFE.au2510,2025-09-03 22:49:00,127442,819.64,819.74,819.32,819.36,494.0,146251.0,146310.0
au2510.SHFE,SHFE.au2510,2025-09-03 22:50:00,127443,819.36,819.66,819.16,819.66,585.0,146310.0,146326.0
au2510.SHFE,SHFE.au2510,2025-09-03 22:51:00,127444,819.66,819.68,819.38,819.42,302.0,146326.0,146310.0
au2510.SHFE,SHFE.au2510,2025-09-03 22:52:00,127445,819.42,819.42,818.6,818.72,826.0,146310.0,146236.0
au2510.SHFE,SHFE.au2510,2025-09-03 22:53:00,127446,818.72,818.74,818.4,818.48,1055.0,146236.0,146203.0
au2510.SHFE,SHFE.au2510,2025-09-03 22:54:00,127447,818.48,818.48,818.02,818.06,970.0,146203.0,146167.0
au2510.SHFE,SHFE.au2510,2025-09-03 22:55:00,127448,818.06,818.34,818.0,818.26,1040.0,146167.0,146257.0
au2510.SHFE,SHFE.au2510,2025-09-03 22:56:00,127449,818.26,818.52,818.2,818.52,936.0,146257.0,146480.0
au2510.SHFE,SHFE.au2510,2025-09-03 22:57:00,127450,818.52,818.8,818.48,818.7,520.0,146480.0,146471.0
au2510.SHFE,SHFE.au2510,2025-09-03 22:58:00,127451,818.7,818.7,818.54,818.62,349.0,146471.0,146449.0
au2510.SHFE,SHFE.au2510,2025-09-03 22:59:00,127452,818.62,818.76,818.46,818.68,346.0,146449.0,146406.0
au2510.SHFE,SHFE.au2510,2025-09-03 23:00:00,127453,818.68,819.08,818.66,819.0,699.0,146406.0,146428.0
au2510.SHFE,SHFE.au2510,2025-09-03 23:01:00,127454,819.0,819.06,818.82,818.82,299.0,146428.0,146442.0
au2510.SHFE,SHFE.au2510,2025-09-03 23:02:00,127455,818.82,818.9,818.44,818.52,410.0,146442.0,146406.0
au2510.SHFE,SHFE.au2510,2025-09-03 23:03:00,127456,818.52,818.86,818.46,818.72,365.0,146406.0,146451.0
au2510.SHFE,SHFE.au2510,2025-09-03 23:04:00,127457,818.72,818.8,818.6,818.76,226.0,146451.0,146430.0
au2510.SHFE,SHFE.au2510,2025-09-03 23:05:00,127458,818.76,818.96,818.76,818.94,497.0,146430.0,146562.0
au2510.SHFE,SHFE.au2510,2025-09-03 23:06:00,127459,818.94,819.0,818.76,818.92,231.0,146562.0,146572.0
au2510.SHFE,SHFE.au2510,2025-09-03 23:07:00,127460,818.92,819.04,818.88,819.02,210.0,146572.0,146551.0
au2510.SHFE,SHFE.au2510,2025-09-03 23:08:00,127461,819.02,819.08,818.9,819.04,192.0,146551.0,146530.0
au2510.SHFE,SHFE.au2510,2025-09-03 23:09:00,127462,819.04,819.3,819.04,819.24,316.0,146530.0,146499.0
au2510.SHFE,SHFE.au2510,2025-09-03 23:10:00,127463,819.24,819.52,819.24,819.48,802.0,146499.0,146638.0
au2510.SHFE,SHFE.au2510,2025-09-03 23:11:00,127464,819.48,819.66,819.46,819.5,508.0,146638.0,146556.0
au2510.SHFE,SHFE.au2510,2025-09-03 23:12:00,127465,819.5,819.64,819.46,819.62,379.0,146556.0,146460.0
au2510.SHFE,SHFE.au2510,2025-09-03 23:13:00,127466,819.62,819.7,819.48,819.5,402.0,146460.0,146400.0
au2510.SHFE,SHFE.au2510,2025-09-03 23:14:00,127467,819.5,819.82,819.48,819.64,472.0,146400.0,146407.0
au2510.SHFE,SHFE.au2510,2025-09-03 23:15:00,127468,819.64,819.76,819.54,819.68,284.0,146407.0,146376.0
au2510.SHFE,SHFE.au2510,2025-09-03 23:16:00,127469,819.68,819.74,819.52,819.54,252.0,146376.0,146355.0
au2510.SHFE,SHFE.au2510,2025-09-03 23:17:00,127470,819.54,819.7,819.54,819.62,213.0,146355.0,146330.0
au2510.SHFE,SHFE.au2510,2025-09-03 23:18:00,127471,819.62,819.9,819.54,819.9,423.0,146330.0,146339.0
au2510.SHFE,SHFE.au2510,2025-09-03 23:19:00,127472,819.9,819.92,819.64,819.74,535.0,146339.0,146315.0
au2510.SHFE,SHFE.au2510,2025-09-03 23:20:00,127473,819.74,819.88,819.7,819.82,190.0,146315.0,146334.0
au2510.SHFE,SHFE.au2510,2025-09-03 23:21:00,127474,819.82,819.82,819.68,819.76,122.0,146334.0,146327.0
au2510.SHFE,SHFE.au2510,2025-09-03 23:22:00,127475,819.76,819.76,819.5,819.56,203.0,146327.0,146329.0
au2510.SHFE,SHFE.au2510,2025-09-03 23:23:00,127476,819.56,819.6,819.36,819.6,331.0,146329.0,146284.0
au2510.SHFE,SHFE.au2510,2025-09-03 23:24:00,127477,819.6,819.76,819.58,819.74,123.0,146284.0,146286.0
au2510.SHFE,SHFE.au2510,2025-09-03 23:25:00,127478,819.74,819.86,819.74,819.78,294.0,146286.0,146300.0
au2510.SHFE,SHFE.au2510,2025-09-03 23:26:00,127479,819.78,819.78,819.6,819.7,200.0,146300.0,146314.0
au2510.SHFE,SHFE.au2510,2025-09-03 23:27:00,127480,819.7,819.76,819.64,819.68,76.0,146314.0,146313.0
au2510.SHFE,SHFE.au2510,2025-09-03 23:28:00,127481,819.68,819.86,819.64,819.84,246.0,146313.0,146329.0
au2510.SHFE,SHFE.au2510,2025-09-03 23:29:00,127482,819.84,819.9,819.76,819.84,127.0,146329.0,146343.0
au2510.SHFE,SHFE.au2510,2025-09-03 23:30:00,127483,819.84,819.9,819.76,819.86,123.0,146343.0,146354.0
au2510.SHFE,SHFE.au2510,2025-09-03 23:31:00,127484,819.86,820.16,819.8,820.16,523.0,146354.0,146318.0
au2510.SHFE,SHFE.au2510,2025-09-03 23:32:00,127485,820.16,820.36,820.06,820.12,667.0,146318.0,146395.0
au2510.SHFE,SHFE.au2510,2025-09-03 23:33:00,127486,820.12,820.12,819.82,820.1,404.0,146395.0,146433.0
au2510.SHFE,SHFE.au2510,2025-09-03 23:34:00,127487,820.1,820.1,819.96,820.06,154.0,146433.0,146459.0
au2510.SHFE,SHFE.au2510,2025-09-03 23:35:00,127488,820.06,820.12,819.98,820.08,157.0,146459.0,146466.0
au2510.SHFE,SHFE.au2510,2025-09-03 23:36:00,127489,820.08,820.08,819.94,819.98,192.0,146466.0,146502.0
au2510.SHFE,SHFE.au2510,2025-09-03 23:37:00,127490,819.98,820.04,819.86,819.88,110.0,146502.0,146511.0
au2510.SHFE,SHFE.au2510,2025-09-03 23:38:00,127491,819.88,819.88,819.6,819.62,459.0,146511.0,146428.0
au2510.SHFE,SHFE.au2510,2025-09-03 23:39:00,127492,819.62,819.7,819.54,819.56,302.0,146428.0,146402.0
au2510.SHFE,SHFE.au2510,2025-09-03 23:40:00,127493,819.56,819.68,819.28,819.28,415.0,146402.0,146358.0
au2510.SHFE,SHFE.au2510,2025-09-03 23:41:00,127494,819.28,819.64,819.26,819.6,251.0,146358.0,146362.0
au2510.SHFE,SHFE.au2510,2025-09-03 23:42:00,127495,819.6,819.66,819.58,819.58,195.0,146362.0,146380.0
au2510.SHFE,SHFE.au2510,2025-09-03 23:43:00,127496,819.58,819.74,819.58,819.68,212.0,146380.0,146376.0
au2510.SHFE,SHFE.au2510,2025-09-03 23:44:00,127497,819.68,819.76,819.6,819.66,195.0,146376.0,146370.0
au2510.SHFE,SHFE.au2510,2025-09-03 23:45:00,127498,819.66,819.78,819.66,819.78,173.0,146370.0,146373.0
au2510.SHFE,SHFE.au2510,2025-09-03 23:46:00,127499,819.78,819.78,819.48,819.48,205.0,146373.0,146410.0
au2510.SHFE,SHFE.au2510,2025-09-03 23:47:00,127500,819.48,819.6,819.38,819.54,250.0,146410.0,146384.0
au2510.SHFE,SHFE.au2510,2025-09-03 23:48:00,127501,819.54,819.6,819.5,819.56,92.0,146384.0,146381.0
au2510.SHFE,SHFE.au2510,2025-09-03 23:49:00,127502,819.56,819.68,819.54,819.62,121.0,146381.0,146371.0
au2510.SHFE,SHFE.au2510,2025-09-03 23:50:00,127503,819.62,819.8,819.62,819.76,181.0,146371.0,146370.0
au2510.SHFE,SHFE.au2510,2025-09-03 23:51:00,127504,819.76,819.88,819.7,819.72,203.0,146370.0,146417.0
au2510.SHFE,SHFE.au2510,2025-09-03 23:52:00,127505,819.72,819.8,819.66,819.74,72.0,146417.0,146420.0
au2510.SHFE,SHFE.au2510,2025-09-03 23:53:00,127506,819.74,819.94,819.72,819.92,197.0,146420.0,146454.0
au2510.SHFE,SHFE.au2510,2025-09-03 23:54:00,127507,819.92,819.96,819.8,819.8,150.0,146454.0,146451.0
au2510.SHFE,SHFE.au2510,2025-09-03 23:55:00,127508,819.8,819.84,819.74,819.82,88.0,146451.0,146444.0
au2510.SHFE,SHFE.au2510,2025-09-03 23:56:00,127509,819.82,819.98,819.8,819.96,138.0,146444.0,146433.0
au2510.SHFE,SHFE.au2510,2025-09-03 23:57:00,127510,819.96,820.04,819.84,819.96,263.0,146433.0,146509.0
au2510.SHFE,SHFE.au2510,2025-09-03 23:58:00,127511,819.96,820.02,819.9,819.92,121.0,146509.0,146533.0
au2510.SHFE,SHFE.au2510,2025-09-03 23:59:00,127512,819.92,819.92,819.8,819.82,123.0,146533.0,146516.0
au2510.SHFE,SHFE.au2510,2025-09-04 00:00:00,127513,819.82,819.88,819.66,819.76,262.0,146516.0,146515.0
au2510.SHFE,SHFE.au2510,2025-09-04 00:01:00,127514,819.76,819.82,819.62,819.7,202.0,146515.0,146507.0
au2510.SHFE,SHFE.au2510,2025-09-04 00:02:00,127515,819.7,819.72,819.54,819.6,197.0,146507.0,146527.0
au2510.SHFE,SHFE.au2510,2025-09-04 00:03:00,127516,819.6,819.8,819.6,819.62,130.0,146527.0,146536.0
au2510.SHFE,SHFE.au2510,2025-09-04 00:04:00,127517,819.62,819.78,819.58,819.74,181.0,146536.0,146554.0
au2510.SHFE,SHFE.au2510,2025-09-04 00:05:00,127518,819.74,819.8,819.66,819.72,101.0,146554.0,146548.0
au2510.SHFE,SHFE.au2510,2025-09-04 00:06:00,127519,819.72,819.86,819.72,819.82,107.0,146548.0,146543.0
au2510.SHFE,SHFE.au2510,2025-09-04 00:07:00,127520,819.82,820.0,819.76,819.96,199.0,146543.0,146564.0
au2510.SHFE,SHFE.au2510,2025-09-04 00:08:00,127521,819.96,820.0,819.88,819.94,139.0,146564.0,146585.0
au2510.SHFE,SHFE.au2510,2025-09-04 00:09:00,127522,819.94,820.08,819.8,819.88,220.0,146585.0,146630.0
au2510.SHFE,SHFE.au2510,2025-09-04 00:10:00,127523,819.88,819.98,819.86,819.92,99.0,146630.0,146622.0
au2510.SHFE,SHFE.au2510,2025-09-04 00:11:00,127524,819.92,820.14,819.92,820.12,198.0,146622.0,146621.0
au2510.SHFE,SHFE.au2510,2025-09-04 00:12:00,127525,820.12,820.16,820.06,820.1,213.0,146621.0,146601.0
au2510.SHFE,SHFE.au2510,2025-09-04 00:13:00,127526,820.1,820.18,820.0,820.06,141.0,146601.0,146628.0
au2510.SHFE,SHFE.au2510,2025-09-04 00:14:00,127527,820.06,820.16,820.0,820.16,122.0,146628.0,146635.0
au2510.SHFE,SHFE.au2510,2025-09-04 00:15:00,127528,820.16,820.16,820.0,820.08,96.0,146635.0,146665.0
au2510.SHFE,SHFE.au2510,2025-09-04 00:16:00,127529,820.08,820.1,819.94,820.1,171.0,146665.0,146651.0
au2510.SHFE,SHFE.au2510,2025-09-04 00:17:00,127530,820.1,820.1,820.06,820.08,66.0,146651.0,146654.0
au2510.SHFE,SHFE.au2510,2025-09-04 00:18:00,127531,820.08,820.12,820.04,820.12,51.0,146654.0,146647.0
au2510.SHFE,SHFE.au2510,2025-09-04 00:19:00,127532,820.12,820.12,820.04,820.04,110.0,146647.0,146662.0
au2510.SHFE,SHFE.au2510,2025-09-04 00:20:00,127533,820.04,820.16,820.02,820.1,216.0,146662.0,146647.0
au2510.SHFE,SHFE.au2510,2025-09-04 00:21:00,127534,820.1,820.18,820.0,820.1,177.0,146647.0,146635.0
au2510.SHFE,SHFE.au2510,2025-09-04 00:22:00,127535,820.1,820.1,819.94,820.0,142.0,146635.0,146613.0
au2510.SHFE,SHFE.au2510,2025-09-04 00:23:00,127536,820.0,820.1,819.94,820.06,151.0,146613.0,146609.0
au2510.SHFE,SHFE.au2510,2025-09-04 00:24:00,127537,820.06,820.16,819.98,820.1,124.0,146609.0,146610.0
au2510.SHFE,SHFE.au2510,2025-09-04 00:25:00,127538,820.1,820.36,820.1,820.32,292.0,146610.0,146621.0
au2510.SHFE,SHFE.au2510,2025-09-04 00:26:00,127539,820.32,820.32,820.24,820.26,76.0,146621.0,146630.0
au2510.SHFE,SHFE.au2510,2025-09-04 00:27:00,127540,820.26,820.5,820.26,820.48,278.0,146630.0,146631.0
au2510.SHFE,SHFE.au2510,2025-09-04 00:28:00,127541,820.48,820.56,820.46,820.52,254.0,146631.0,146695.0
au2510.SHFE,SHFE.au2510,2025-09-04 00:29:00,127542,820.52,820.56,820.44,820.56,167.0,146695.0,146739.0
au2510.SHFE,SHFE.au2510,2025-09-04 00:30:00,127543,820.56,820.76,820.48,820.48,536.0,146739.0,146817.0
au2510.SHFE,SHFE.au2510,2025-09-04 00:31:00,127544,820.48,820.7,820.48,820.68,177.0,146817.0,146836.0
au2510.SHFE,SHFE.au2510,2025-09-04 00:32:00,127545,820.68,820.7,820.54,820.64,177.0,146836.0,146910.0
au2510.SHFE,SHFE.au2510,2025-09-04 00:33:00,127546,820.64,820.66,820.5,820.58,126.0,146910.0,146919.0
au2510.SHFE,SHFE.au2510,2025-09-04 00:34:00,127547,820.58,820.58,820.46,820.52,155.0,146919.0,146945.0
au2510.SHFE,SHFE.au2510,2025-09-04 00:35:00,127548,820.52,820.52,820.46,820.5,114.0,146945.0,146919.0
au2510.SHFE,SHFE.au2510,2025-09-04 00:36:00,127549,820.5,820.58,820.48,820.58,119.0,146919.0,146954.0
au2510.SHFE,SHFE.au2510,2025-09-04 00:37:00,127550,820.58,820.58,820.38,820.38,131.0,146954.0,146941.0
au2510.SHFE,SHFE.au2510,2025-09-04 00:38:00,127551,820.38,820.46,820.3,820.42,170.0,146941.0,146935.0
au2510.SHFE,SHFE.au2510,2025-09-04 00:39:00,127552,820.42,820.5,820.36,820.44,112.0,146935.0,146948.0
au2510.SHFE,SHFE.au2510,2025-09-04 00:40:00,127553,820.44,820.46,820.36,820.38,116.0,146948.0,146958.0
au2510.SHFE,SHFE.au2510,2025-09-04 00:41:00,127554,820.38,820.46,820.36,820.46,53.0,146958.0,146963.0
au2510.SHFE,SHFE.au2510,2025-09-04 00:42:00,127555,820.46,820.5,820.36,820.5,158.0,146963.0,146981.0
au2510.SHFE,SHFE.au2510,2025-09-04 00:43:00,127556,820.5,820.68,820.5,820.66,164.0,146981.0,146990.0
au2510.SHFE,SHFE.au2510,2025-09-04 00:44:00,127557,820.66,820.74,820.64,820.7,338.0,146990.0,147042.0
au2510.SHFE,SHFE.au2510,2025-09-04 00:45:00,127558,820.7,820.82,820.68,820.7,218.0,147042.0,147071.0
au2510.SHFE,SHFE.au2510,2025-09-04 00:46:00,127559,820.7,820.76,820.62,820.68,185.0,147071.0,147105.0
au2510.SHFE,SHFE.au2510,2025-09-04 00:47:00,127560,820.68,820.8,820.68,820.8,118.0,147105.0,147128.0
au2510.SHFE,SHFE.au2510,2025-09-04 00:48:00,127561,820.8,820.88,820.78,820.8,130.0,147128.0,147150.0
au2510.SHFE,SHFE.au2510,2025-09-04 00:49:00,127562,820.8,820.88,820.78,820.88,167.0,147150.0,147152.0
au2510.SHFE,SHFE.au2510,2025-09-04 00:50:00,127563,820.88,820.9,820.66,820.86,226.0,147152.0,147177.0
au2510.SHFE,SHFE.au2510,2025-09-04 00:51:00,127564,820.86,820.9,820.76,820.78,149.0,147177.0,147190.0
au2510.SHFE,SHFE.au2510,2025-09-04 00:52:00,127565,820.78,820.82,820.7,820.7,206.0,147190.0,147267.0
au2510.SHFE,SHFE.au2510,2025-09-04 00:53:00,127566,820.7,820.74,820.68,820.74,67.0,147267.0,147256.0
au2510.SHFE,SHFE.au2510,2025-09-04 00:54:00,127567,820.74,820.86,820.72,820.82,140.0,147256.0,147249.0
au2510.SHFE,SHFE.au2510,2025-09-04 00:55:00,127568,820.82,821.18,820.82,821.14,595.0,147249.0,147246.0
au2510.SHFE,SHFE.au2510,2025-09-04 00:56:00,127569,821.14,821.36,821.14,821.24,350.0,147246.0,147181.0
au2510.SHFE,SHFE.au2510,2025-09-04 00:57:00,127570,821.24,821.44,821.22,821.44,200.0,147181.0,147212.0
au2510.SHFE,SHFE.au2510,2025-09-04 00:58:00,127571,821.44,821.52,821.4,821.48,382.0,147212.0,147207.0
au2510.SHFE,SHFE.au2510,2025-09-04 00:59:00,127572,821.48,821.78,821.48,821.74,417.0,147207.0,147201.0
au2510.SHFE,SHFE.au2510,2025-09-04 01:00:00,127573,821.74,821.9,821.64,821.68,453.0,147201.0,147260.0
au2510.SHFE,SHFE.au2510,2025-09-04 01:01:00,127574,821.68,821.68,821.38,821.4,419.0,147260.0,147244.0
au2510.SHFE,SHFE.au2510,2025-09-04 01:02:00,127575,821.4,821.6,821.32,821.56,346.0,147244.0,147305.0
au2510.SHFE,SHFE.au2510,2025-09-04 01:03:00,127576,821.56,821.58,821.44,821.46,93.0,147305.0,147306.0
au2510.SHFE,SHFE.au2510,2025-09-04 01:04:00,127577,821.46,821.54,821.46,821.5,81.0,147306.0,147316.0
au2510.SHFE,SHFE.au2510,2025-09-04 01:05:00,127578,821.5,821.5,821.24,821.28,172.0,147316.0,147298.0
au2510.SHFE,SHFE.au2510,2025-09-04 01:06:00,127579,821.28,821.52,821.26,821.48,147.0,147298.0,147290.0
au2510.SHFE,SHFE.au2510,2025-09-04 01:07:00,127580,821.48,821.54,821.36,821.36,106.0,147290.0,147311.0
au2510.SHFE,SHFE.au2510,2025-09-04 01:08:00,127581,821.36,821.36,821.22,821.28,100.0,147311.0,147299.0
au2510.SHFE,SHFE.au2510,2025-09-04 01:09:00,127582,821.28,821.28,821.14,821.22,133.0,147299.0,147311.0
au2510.SHFE,SHFE.au2510,2025-09-04 01:10:00,127583,821.22,821.22,821.12,821.12,73.0,147311.0,147294.0
au2510.SHFE,SHFE.au2510,2025-09-04 01:11:00,127584,821.12,821.4,821.12,821.4,254.0,147294.0,147262.0
au2510.SHFE,SHFE.au2510,2025-09-04 01:12:00,127585,821.4,821.4,821.32,821.38,113.0,147262.0,147263.0
au2510.SHFE,SHFE.au2510,2025-09-04 01:13:00,127586,821.38,821.56,821.38,821.48,134.0,147263.0,147283.0
au2510.SHFE,SHFE.au2510,2025-09-04 01:14:00,127587,821.48,821.6,821.48,821.58,151.0,147283.0,147297.0
au2510.SHFE,SHFE.au2510,2025-09-04 01:15:00,127588,821.58,821.58,821.48,821.48,66.0,147297.0,147302.0
au2510.SHFE,SHFE.au2510,2025-09-04 01:16:00,127589,821.48,821.54,821.34,821.5,131.0,147302.0,147313.0
au2510.SHFE,SHFE.au2510,2025-09-04 01:17:00,127590,821.5,821.52,821.44,821.5,50.0,147313.0,147311.0
au2510.SHFE,SHFE.au2510,2025-09-04 01:18:00,127591,821.5,821.6,821.46,821.52,92.0,147311.0,147339.0
au2510.SHFE,SHFE.au2510,2025-09-04 01:19:00,127592,821.52,821.6,821.5,821.54,63.0,147339.0,147338.0
au2510.SHFE,SHFE.au2510,2025-09-04 01:20:00,127593,821.54,821.56,821.44,821.48,83.0,147338.0,147357.0
au2510.SHFE,SHFE.au2510,2025-09-04 01:21:00,127594,821.48,821.48,821.42,821.42,61.0,147357.0,147341.0
au2510.SHFE,SHFE.au2510,2025-09-04 01:22:00,127595,821.42,821.48,821.34,821.38,157.0,147341.0,147330.0
au2510.SHFE,SHFE.au2510,2025-09-04 01:23:00,127596,821.38,821.5,821.36,821.42,57.0,147330.0,147322.0
au2510.SHFE,SHFE.au2510,2025-09-04 01:24:00,127597,821.42,821.44,821.36,821.36,51.0,147322.0,147311.0
au2510.SHFE,SHFE.au2510,2025-09-04 01:25:00,127598,821.36,821.44,821.36,821.42,60.0,147311.0,147310.0
au2510.SHFE,SHFE.au2510,2025-09-04 01:26:00,127599,821.42,821.44,821.34,821.42,64.0,147310.0,147312.0
au2510.SHFE,SHFE.au2510,2025-09-04 01:27:00,127600,821.42,821.5,821.34,821.38,131.0,147312.0,147352.0
au2510.SHFE,SHFE.au2510,2025-09-04 01:28:00,127601,821.38,821.46,821.36,821.46,55.0,147352.0,147362.0
au2510.SHFE,SHFE.au2510,2025-09-04 01:29:00,127602,821.46,821.72,821.46,821.6,269.0,147362.0,147358.0
au2510.SHFE,SHFE.au2510,2025-09-04 01:30:00,127603,821.6,821.74,821.56,821.72,148.0,147358.0,147323.0
au2510.SHFE,SHFE.au2510,2025-09-04 01:31:00,127604,821.72,821.86,821.7,821.8,138.0,147323.0,147353.0
au2510.SHFE,SHFE.au2510,2025-09-04 01:32:00,127605,821.8,822.0,821.8,821.9,334.0,147353.0,147438.0
au2510.SHFE,SHFE.au2510,2025-09-04 01:33:00,127606,821.9,822.14,821.9,822.1,326.0,147438.0,147399.0
au2510.SHFE,SHFE.au2510,2025-09-04 01:34:00,127607,822.1,822.1,822.02,822.02,71.0,147399.0,147406.0
au2510.SHFE,SHFE.au2510,2025-09-04 01:35:00,127608,822.02,822.02,821.84,821.96,180.0,147406.0,147419.0
au2510.SHFE,SHFE.au2510,2025-09-04 01:36:00,127609,821.96,822.02,821.92,821.98,64.0,147419.0,147410.0
au2510.SHFE,SHFE.au2510,2025-09-04 01:37:00,127610,821.98,822.22,821.98,822.1,170.0,147410.0,147390.0
au2510.SHFE,SHFE.au2510,2025-09-04 01:38:00,127611,822.1,822.1,821.96,821.98,55.0,147390.0,147388.0
au2510.SHFE,SHFE.au2510,2025-09-04 01:39:00,127612,821.98,822.12,821.98,822.08,76.0,147388.0,147401.0
au2510.SHFE,SHFE.au2510,2025-09-04 01:40:00,127613,822.08,822.1,822.02,822.06,55.0,147401.0,147379.0
au2510.SHFE,SHFE.au2510,2025-09-04 01:41:00,127614,822.06,822.12,822.02,822.06,64.0,147379.0,147378.0
au2510.SHFE,SHFE.au2510,2025-09-04 01:42:00,127615,822.06,822.28,822.02,822.26,130.0,147378.0,147363.0
au2510.SHFE,SHFE.au2510,2025-09-04 01:43:00,127616,822.26,822.28,822.18,822.22,160.0,147363.0,147350.0
au2510.SHFE,SHFE.au2510,2025-09-04 01:44:00,127617,822.22,822.28,822.22,822.26,47.0,147350.0,147356.0
au2510.SHFE,SHFE.au2510,2025-09-04 01:45:00,127618,822.26,822.54,822.24,822.48,326.0,147356.0,147288.0
au2510.SHFE,SHFE.au2510,2025-09-04 01:46:00,127619,822.48,822.58,822.4,822.54,153.0,147288.0,147293.0
au2510.SHFE,SHFE.au2510,2025-09-04 01:47:00,127620,822.54,822.62,822.46,822.46,198.0,147293.0,147250.0
au2510.SHFE,SHFE.au2510,2025-09-04 01:48:00,127621,822.46,822.46,822.26,822.44,159.0,147250.0,147257.0
au2510.SHFE,SHFE.au2510,2025-09-04 01:49:00,127622,822.44,822.54,822.44,822.5,165.0,147257.0,147220.0
au2510.SHFE,SHFE.au2510,2025-09-04 01:50:00,127623,822.5,822.52,822.26,822.26,201.0,147220.0,147275.0
au2510.SHFE,SHFE.au2510,2025-09-04 01:51:00,127624,822.26,822.58,822.24,822.52,164.0,147275.0,147292.0
au2510.SHFE,SHFE.au2510,2025-09-04 01:52:00,127625,822.52,822.56,822.44,822.48,115.0,147292.0,147308.0
au2510.SHFE,SHFE.au2510,2025-09-04 01:53:00,127626,822.48,822.56,822.46,822.54,82.0,147308.0,147312.0
au2510.SHFE,SHFE.au2510,2025-09-04 01:54:00,127627,822.54,822.72,822.54,822.56,300.0,147312.0,147325.0
au2510.SHFE,SHFE.au2510,2025-09-04 01:55:00,127628,822.56,822.58,822.34,822.44,208.0,147325.0,147320.0
au2510.SHFE,SHFE.au2510,2025-09-04 01:56:00,127629,822.44,822.48,822.24,822.24,161.0,147320.0,147305.0
au2510.SHFE,SHFE.au2510,2025-09-04 01:57:00,127630,822.24,822.3,822.16,822.26,158.0,147305.0,147270.0
au2510.SHFE,SHFE.au2510,2025-09-04 01:58:00,127631,822.26,822.32,822.2,822.3,94.0,147270.0,147271.0
au2510.SHFE,SHFE.au2510,2025-09-04 01:59:00,127632,822.3,822.4,822.3,822.36,127.0,147271.0,147262.0
au2510.SHFE,SHFE.au2510,2025-09-04 02:00:00,127633,822.36,822.54,822.36,822.46,125.0,147262.0,147254.0
au2510.SHFE,SHFE.au2510,2025-09-04 02:01:00,127634,822.46,822.46,822.36,822.42,66.0,147254.0,147271.0
au2510.SHFE,SHFE.au2510,2025-09-04 02:02:00,127635,822.42,822.44,822.3,822.44,96.0,147271.0,147253.0
au2510.SHFE,SHFE.au2510,2025-09-04 02:03:00,127636,822.44,822.48,822.38,822.4,133.0,147253.0,147283.0
au2510.SHFE,SHFE.au2510,2025-09-04 02:04:00,127637,822.4,822.52,822.4,822.48,82.0,147283.0,147280.0
au2510.SHFE,SHFE.au2510,2025-09-04 02:05:00,127638,822.48,822.72,822.48,822.62,235.0,147280.0,147280.0
au2510.SHFE,SHFE.au2510,2025-09-04 02:06:00,127639,822.62,822.72,822.6,822.68,124.0,147280.0,147284.0
au2510.SHFE,SHFE.au2510,2025-09-04 02:07:00,127640,822.68,822.76,822.62,822.66,264.0,147284.0,147207.0
au2510.SHFE,SHFE.au2510,2025-09-04 02:08:00,127641,822.66,822.74,822.66,822.68,84.0,147207.0,147226.0
au2510.SHFE,SHFE.au2510,2025-09-04 02:09:00,127642,822.68,822.92,822.64,822.9,207.0,147226.0,147216.0
au2510.SHFE,SHFE.au2510,2025-09-04 02:10:00,127643,822.9,822.96,822.7,822.7,208.0,147216.0,147213.0
au2510.SHFE,SHFE.au2510,2025-09-04 02:11:00,127644,822.7,822.78,822.64,822.72,127.0,147213.0,147235.0
au2510.SHFE,SHFE.au2510,2025-09-04 02:12:00,127645,822.72,822.94,822.72,822.9,114.0,147235.0,147235.0
au2510.SHFE,SHFE.au2510,2025-09-04 02:13:00,127646,822.9,823.24,822.86,822.9,266.0,147235.0,147188.0
au2510.SHFE,SHFE.au2510,2025-09-04 02:14:00,127647,822.9,823.02,822.8,823.0,113.0,147188.0,147191.0
au2510.SHFE,SHFE.au2510,2025-09-04 02:15:00,127648,823.0,823.04,822.9,822.9,185.0,147191.0,147227.0
au2510.SHFE,SHFE.au2510,2025-09-04 02:16:00,127649,822.9,822.96,822.88,822.92,74.0,147227.0,147225.0
au2510.SHFE,SHFE.au2510,2025-09-04 02:17:00,127650,822.92,823.02,822.88,822.88,106.0,147225.0,147246.0
au2510.SHFE,SHFE.au2510,2025-09-04 02:18:00,127651,822.88,822.9,822.78,822.86,114.0,147246.0,147230.0
au2510.SHFE,SHFE.au2510,2025-09-04 02:19:00,127652,822.86,822.9,822.78,822.78,101.0,147230.0,147224.0
au2510.SHFE,SHFE.au2510,2025-09-04 02:20:00,127653,822.78,822.92,822.74,822.86,98.0,147224.0,147241.0
au2510.SHFE,SHFE.au2510,2025-09-04 02:21:00,127654,822.86,822.88,822.76,822.82,158.0,147241.0,147253.0
au2510.SHFE,SHFE.au2510,2025-09-04 02:22:00,127655,822.82,822.88,822.74,822.78,109.0,147253.0,147204.0
au2510.SHFE,SHFE.au2510,2025-09-04 02:23:00,127656,822.78,822.8,822.6,822.64,173.0,147204.0,147170.0
au2510.SHFE,SHFE.au2510,2025-09-04 02:24:00,127657,822.64,822.64,822.48,822.6,205.0,147170.0,147165.0
au2510.SHFE,SHFE.au2510,2025-09-04 02:25:00,127658,822.6,822.68,822.56,822.68,104.0,147165.0,147153.0
au2510.SHFE,SHFE.au2510,2025-09-04 02:26:00,127659,822.68,822.72,822.54,822.54,190.0,147153.0,147141.0
au2510.SHFE,SHFE.au2510,2025-09-04 02:27:00,127660,822.54,822.58,822.48,822.5,149.0,147141.0,147113.0
au2510.SHFE,SHFE.au2510,2025-09-04 02:28:00,127661,822.5,822.5,822.3,822.32,245.0,147113.0,147053.0
au2510.SHFE,SHFE.au2510,2025-09-04 02:29:00,127662,822.32,822.36,821.68,821.68,338.0,147053.0,146951.0
au2510.SHFE,SHFE.au2510,2025-09-04 09:00:00,127663,819.02,819.76,818.86,819.42,2789.0,146951.0,146848.0
au2510.SHFE,SHFE.au2510,2025-09-04 09:01:00,127664,819.42,819.58,819.02,819.36,1035.0,146848.0,146798.0
au2510.SHFE,SHFE.au2510,2025-09-04 09:02:00,127665,819.36,819.62,819.24,819.44,590.0,146798.0,146826.0
au2510.SHFE,SHFE.au2510,2025-09-04 09:03:00,127666,819.44,819.44,819.12,819.2,837.0,146826.0,146633.0
au2510.SHFE,SHFE.au2510,2025-09-04 09:04:00,127667,819.2,819.38,818.98,819.22,865.0,146633.0,146598.0
au2510.SHFE,SHFE.au2510,2025-09-04 09:05:00,127668,819.22,819.34,819.08,819.18,487.0,146598.0,146607.0
au2510.SHFE,SHFE.au2510,2025-09-04 09:06:00,127669,819.18,819.3,818.5,818.76,1056.0,146607.0,146630.0
au2510.SHFE,SHFE.au2510,2025-09-04 09:07:00,127670,818.76,819.24,818.72,819.2,673.0,146630.0,146609.0
au2510.SHFE,SHFE.au2510,2025-09-04 09:08:00,127671,819.2,819.22,819.04,819.08,403.0,146609.0,146616.0
au2510.SHFE,SHFE.au2510,2025-09-04 09:09:00,127672,819.08,819.54,819.04,819.4,543.0,146616.0,146574.0
au2510.SHFE,SHFE.au2510,2025-09-04 09:10:00,127673,819.4,819.46,819.3,819.42,450.0,146574.0,146538.0
au2510.SHFE,SHFE.au2510,2025-09-04 09:11:00,127674,819.42,819.54,819.3,819.48,278.0,146538.0,146544.0
au2510.SHFE,SHFE.au2510,2025-09-04 09:12:00,127675,819.48,819.66,819.28,819.66,544.0,146544.0,146539.0
au2510.SHFE,SHFE.au2510,2025-09-04 09:13:00,127676,819.66,819.98,819.66,819.86,725.0,146539.0,146519.0
au2510.SHFE,SHFE.au2510,2025-09-04 09:14:00,127677,819.86,819.98,819.78,819.94,350.0,146519.0,146436.0
au2510.SHFE,SHFE.au2510,2025-09-04 09:15:00,127678,819.94,819.94,819.22,819.34,767.0,146436.0,146361.0
au2510.SHFE,SHFE.au2510,2025-09-04 09:16:00,127679,819.34,819.34,819.02,819.06,446.0,146361.0,146318.0
au2510.SHFE,SHFE.au2510,2025-09-04 09:17:00,127680,819.06,819.36,819.0,819.18,449.0,146318.0,146302.0
au2510.SHFE,SHFE.au2510,2025-09-04 09:18:00,127681,819.18,819.2,818.78,818.78,685.0,146302.0,146211.0
au2510.SHFE,SHFE.au2510,2025-09-04 09:19:00,127682,818.78,818.98,818.56,818.62,595.0,146211.0,146139.0
au2510.SHFE,SHFE.au2510,2025-09-04 09:20:00,127683,818.62,818.8,818.28,818.28,785.0,146139.0,146034.0
au2510.SHFE,SHFE.au2510,2025-09-04 09:21:00,127684,818.28,818.44,818.02,818.14,1133.0,146034.0,145965.0
au2510.SHFE,SHFE.au2510,2025-09-04 09:22:00,127685,818.14,818.2,817.8,818.06,949.0,145965.0,145850.0
au2510.SHFE,SHFE.au2510,2025-09-04 09:23:00,127686,818.06,818.08,817.86,817.86,486.0,145850.0,145784.0
au2510.SHFE,SHFE.au2510,2025-09-04 09:24:00,127687,817.86,818.38,817.86,818.22,599.0,145784.0,145722.0
au2510.SHFE,SHFE.au2510,2025-09-04 09:25:00,127688,818.22,818.4,818.2,818.2,434.0,145722.0,145757.0
au2510.SHFE,SHFE.au2510,2025-09-04 09:26:00,127689,818.2,818.22,817.86,817.88,401.0,145757.0,145710.0
au2510.SHFE,SHFE.au2510,2025-09-04 09:27:00,127690,817.88,817.94,817.6,817.76,700.0,145710.0,145669.0
au2510.SHFE,SHFE.au2510,2025-09-04 09:28:00,127691,817.76,817.78,817.54,817.66,599.0,145669.0,145680.0
au2510.SHFE,SHFE.au2510,2025-09-04 09:29:00,127692,817.66,817.74,817.28,817.46,912.0,145680.0,145532.0
au2510.SHFE,SHFE.au2510,2025-09-04 09:30:00,127693,817.46,817.66,817.1,817.44,850.0,145532.0,145447.0
au2510.SHFE,SHFE.au2510,2025-09-04 09:31:00,127694,817.44,817.44,816.4,816.58,1776.0,145447.0,145389.0
au2510.SHFE,SHFE.au2510,2025-09-04 09:32:00,127695,816.58,817.12,816.58,817.1,984.0,145389.0,145499.0
au2510.SHFE,SHFE.au2510,2025-09-04 09:33:00,127696,817.1,817.38,816.66,816.7,905.0,145499.0,145582.0
au2510.SHFE,SHFE.au2510,2025-09-04 09:34:00,127697,816.7,816.7,815.88,816.06,1647.0,145582.0,145513.0
au2510.SHFE,SHFE.au2510,2025-09-04 09:35:00,127698,816.06,816.06,815.3,815.74,1942.0,145513.0,145619.0
au2510.SHFE,SHFE.au2510,2025-09-04 09:36:00,127699,815.74,815.92,815.2,815.78,1231.0,145619.0,145648.0
au2510.SHFE,SHFE.au2510,2025-09-04 09:37:00,127700,815.78,815.86,815.2,815.2,1099.0,145648.0,145756.0
au2510.SHFE,SHFE.au2510,2025-09-04 09:38:00,127701,815.2,815.64,815.12,815.5,1166.0,145756.0,145726.0
au2510.SHFE,SHFE.au2510,2025-09-04 09:39:00,127702,815.5,815.8,814.7,814.7,1522.0,145726.0,146054.0
au2510.SHFE,SHFE.au2510,2025-09-04 09:40:00,127703,814.7,815.36,814.46,815.28,2192.0,146054.0,145957.0
au2510.SHFE,SHFE.au2510,2025-09-04 09:41:00,127704,815.28,815.52,814.9,815.52,860.0,145957.0,145911.0
au2510.SHFE,SHFE.au2510,2025-09-04 09:42:00,127705,815.52,815.78,815.38,815.46,937.0,145911.0,145913.0
au2510.SHFE,SHFE.au2510,2025-09-04 09:43:00,127706,815.46,815.68,815.34,815.4,550.0,145913.0,145854.0
au2510.SHFE,SHFE.au2510,2025-09-04 09:44:00,127707,815.4,815.98,815.34,815.98,667.0,145854.0,145795.0
au2510.SHFE,SHFE.au2510,2025-09-04 09:45:00,127708,815.98,816.22,815.7,815.78,830.0,145795.0,145740.0
au2510.SHFE,SHFE.au2510,2025-09-04 09:46:00,127709,815.78,816.3,815.72,816.22,792.0,145740.0,145740.0
au2510.SHFE,SHFE.au2510,2025-09-04 09:47:00,127710,816.22,816.24,815.96,816.08,476.0,145740.0,145748.0
au2510.SHFE,SHFE.au2510,2025-09-04 09:48:00,127711,816.08,816.08,815.68,816.0,686.0,145748.0,145626.0
au2510.SHFE,SHFE.au2510,2025-09-04 09:49:00,127712,816.0,816.24,815.86,815.92,408.0,145626.0,145603.0
au2510.SHFE,SHFE.au2510,2025-09-04 09:50:00,127713,815.92,816.08,815.8,816.06,316.0,145603.0,145606.0
au2510.SHFE,SHFE.au2510,2025-09-04 09:51:00,127714,816.06,816.16,815.92,815.94,269.0,145606.0,145620.0
au2510.SHFE,SHFE.au2510,2025-09-04 09:52:00,127715,815.94,816.14,815.74,816.12,363.0,145620.0,145571.0
au2510.SHFE,SHFE.au2510,2025-09-04 09:53:00,127716,816.12,816.16,815.8,815.92,272.0,145571.0,145586.0
au2510.SHFE,SHFE.au2510,2025-09-04 09:54:00,127717,815.92,816.14,815.9,816.1,262.0,145586.0,145587.0
au2510.SHFE,SHFE.au2510,2025-09-04 09:55:00,127718,816.1,816.24,816.02,816.14,425.0,145587.0,145594.0
au2510.SHFE,SHFE.au2510,2025-09-04 09:56:00,127719,816.14,816.18,815.66,815.72,612.0,145594.0,145637.0
au2510.SHFE,SHFE.au2510,2025-09-04 09:57:00,127720,815.72,816.06,815.58,815.84,524.0,145637.0,145635.0
au2510.SHFE,SHFE.au2510,2025-09-04 09:58:00,127721,815.84,815.96,815.52,815.54,381.0,145635.0,145591.0
au2510.SHFE,SHFE.au2510,2025-09-04 09:59:00,127722,815.54,815.62,815.18,815.62,658.0,145591.0,145474.0
au2510.SHFE,SHFE.au2510,2025-09-04 10:00:00,127723,815.62,816.28,815.58,816.22,797.0,145474.0,145483.0
au2510.SHFE,SHFE.au2510,2025-09-04 10:01:00,127724,816.22,816.76,816.22,816.64,889.0,145483.0,145516.0
au2510.SHFE,SHFE.au2510,2025-09-04 10:02:00,127725,816.64,816.7,816.32,816.46,629.0,145516.0,145386.0
au2510.SHFE,SHFE.au2510,2025-09-04 10:03:00,127726,816.46,816.46,816.1,816.1,422.0,145386.0,145341.0
au2510.SHFE,SHFE.au2510,2025-09-04 10:04:00,127727,816.1,816.16,815.76,815.84,500.0,145341.0,145297.0
au2510.SHFE,SHFE.au2510,2025-09-04 10:05:00,127728,815.84,816.0,815.48,815.64,583.0,145297.0,145320.0
au2510.SHFE,SHFE.au2510,2025-09-04 10:06:00,127729,815.64,815.74,815.24,815.24,805.0,145320.0,145381.0
au2510.SHFE,SHFE.au2510,2025-09-04 10:07:00,127730,815.24,815.64,815.2,815.34,508.0,145381.0,145308.0
au2510.SHFE,SHFE.au2510,2025-09-04 10:08:00,127731,815.34,815.42,814.8,815.1,772.0,145308.0,145329.0
au2510.SHFE,SHFE.au2510,2025-09-04 10:09:00,127732,815.1,815.14,814.84,815.02,528.0,145329.0,145255.0
au2510.SHFE,SHFE.au2510,2025-09-04 10:10:00,127733,815.02,815.38,814.92,815.38,451.0,145255.0,145206.0
au2510.SHFE,SHFE.au2510,2025-09-04 10:11:00,127734,815.38,815.44,814.9,814.92,655.0,145206.0,145165.0
au2510.SHFE,SHFE.au2510,2025-09-04 10:12:00,127735,814.92,815.0,814.6,814.88,699.0,145165.0,145181.0
au2510.SHFE,SHFE.au2510,2025-09-04 10:13:00,127736,814.88,814.88,814.36,814.44,1070.0,145181.0,145133.0
au2510.SHFE,SHFE.au2510,2025-09-04 10:14:00,127737,814.44,815.0,814.44,814.7,1074.0,145133.0,145093.0
au2510.SHFE,SHFE.au2510,2025-09-04 10:30:00,127738,815.02,815.16,814.56,814.62,1320.0,145093.0,145213.0
au2510.SHFE,SHFE.au2510,2025-09-04 10:31:00,127739,814.62,814.9,814.58,814.9,562.0,145213.0,145192.0
au2510.SHFE,SHFE.au2510,2025-09-04 10:32:00,127740,814.9,815.22,814.84,815.0,550.0,145192.0,145297.0
au2510.SHFE,SHFE.au2510,2025-09-04 10:33:00,127741,815.0,815.04,814.82,814.84,244.0,145297.0,145289.0
au2510.SHFE,SHFE.au2510,2025-09-04 10:34:00,127742,814.84,815.1,814.82,815.08,253.0,145289.0,145291.0
au2510.SHFE,SHFE.au2510,2025-09-04 10:35:00,127743,815.08,815.3,815.06,815.24,263.0,145291.0,145318.0
au2510.SHFE,SHFE.au2510,2025-09-04 10:36:00,127744,815.24,815.24,814.7,814.9,320.0,145318.0,145297.0
au2510.SHFE,SHFE.au2510,2025-09-04 10:37:00,127745,814.9,815.0,813.66,813.96,1099.0,145297.0,145240.0
au2510.SHFE,SHFE.au2510,2025-09-04 10:38:00,127746,813.96,814.18,813.5,813.7,1195.0,145240.0,145244.0
au2510.SHFE,SHFE.au2510,2025-09-04 10:39:00,127747,813.7,813.94,813.36,813.52,1138.0,145244.0,145197.0
au2510.SHFE,SHFE.au2510,2025-09-04 10:40:00,127748,813.52,813.52,812.7,813.06,2032.0,145197.0,145174.0
au2510.SHFE,SHFE.au2510,2025-09-04 10:41:00,127749,813.06,813.8,813.06,813.6,1036.0,145174.0,145094.0
au2510.SHFE,SHFE.au2510,2025-09-04 10:42:00,127750,813.6,813.86,813.58,813.86,779.0,145094.0,144913.0
au2510.SHFE,SHFE.au2510,2025-09-04 10:43:00,127751,813.86,813.86,813.32,813.34,646.0,144913.0,144882.0
au2510.SHFE,SHFE.au2510,2025-09-04 10:44:00,127752,813.34,813.46,812.82,812.82,953.0,144882.0,144760.0
au2510.SHFE,SHFE.au2510,2025-09-04 10:45:00,127753,812.82,812.82,812.0,812.36,2357.0,144760.0,144757.0
au2510.SHFE,SHFE.au2510,2025-09-04 10:46:00,127754,812.36,812.4,811.22,811.58,2730.0,144757.0,144480.0
au2510.SHFE,SHFE.au2510,2025-09-04 10:47:00,127755,811.58,811.62,810.4,810.4,2531.0,144480.0,144515.0
au2510.SHFE,SHFE.au2510,2025-09-04 10:48:00,127756,810.4,811.18,810.18,811.12,2446.0,144515.0,144239.0
au2510.SHFE,SHFE.au2510,2025-09-04 10:49:00,127757,811.12,811.16,810.48,810.7,1919.0,144239.0,144007.0
au2510.SHFE,SHFE.au2510,2025-09-04 10:50:00,127758,810.7,810.84,810.1,810.66,1803.0,144007.0,143778.0
au2510.SHFE,SHFE.au2510,2025-09-04 10:51:00,127759,810.66,811.56,810.54,811.3,1281.0,143778.0,143604.0
au2510.SHFE,SHFE.au2510,2025-09-04 10:52:00,127760,811.3,811.64,811.04,811.58,834.0,143604.0,143404.0
au2510.SHFE,SHFE.au2510,2025-09-04 10:53:00,127761,811.58,811.98,811.22,811.22,1406.0,143404.0,143089.0
au2510.SHFE,SHFE.au2510,2025-09-04 10:54:00,127762,811.22,811.22,810.52,810.82,1426.0,143089.0,142872.0
au2510.SHFE,SHFE.au2510,2025-09-04 10:55:00,127763,810.82,811.22,810.66,810.76,1165.0,142872.0,142755.0
au2510.SHFE,SHFE.au2510,2025-09-04 10:56:00,127764,810.76,811.02,810.76,810.82,568.0,142755.0,142587.0
au2510.SHFE,SHFE.au2510,2025-09-04 10:57:00,127765,810.82,811.48,810.82,811.44,858.0,142587.0,142427.0
au2510.SHFE,SHFE.au2510,2025-09-04 10:58:00,127766,811.44,812.04,811.44,811.86,1051.0,142427.0,142396.0
au2510.SHFE,SHFE.au2510,2025-09-04 10:59:00,127767,811.86,811.98,811.56,811.76,774.0,142396.0,142292.0
au2510.SHFE,SHFE.au2510,2025-09-04 11:00:00,127768,811.76,812.08,810.82,811.46,1143.0,142292.0,142147.0
au2510.SHFE,SHFE.au2510,2025-09-04 11:01:00,127769,811.46,811.6,811.3,811.46,497.0,142147.0,142117.0
au2510.SHFE,SHFE.au2510,2025-09-04 11:02:00,127770,811.46,811.64,811.36,811.46,297.0,142117.0,142106.0
au2510.SHFE,SHFE.au2510,2025-09-04 11:03:00,127771,811.46,811.5,810.8,811.06,877.0,142106.0,142044.0
au2510.SHFE,SHFE.au2510,2025-09-04 11:04:00,127772,811.06,811.32,811.04,811.24,347.0,142044.0,142006.0
au2510.SHFE,SHFE.au2510,2025-09-04 11:05:00,127773,811.24,811.64,811.16,811.38,421.0,142006.0,141997.0
au2510.SHFE,SHFE.au2510,2025-09-04 11:06:00,127774,811.38,811.82,811.26,811.76,519.0,141997.0,142002.0
au2510.SHFE,SHFE.au2510,2025-09-04 11:07:00,127775,811.76,811.88,811.6,811.66,654.0,142002.0,141942.0
au2510.SHFE,SHFE.au2510,2025-09-04 11:08:00,127776,811.66,811.68,811.2,811.2,399.0,141942.0,141887.0
au2510.SHFE,SHFE.au2510,2025-09-04 11:09:00,127777,811.2,811.24,810.96,811.08,416.0,141887.0,141791.0
au2510.SHFE,SHFE.au2510,2025-09-04 11:10:00,127778,811.08,811.24,810.64,810.76,569.0,141791.0,141783.0
au2510.SHFE,SHFE.au2510,2025-09-04 11:11:00,127779,810.76,810.76,810.26,810.32,942.0,141783.0,141614.0
au2510.SHFE,SHFE.au2510,2025-09-04 11:12:00,127780,810.32,810.32,808.44,808.54,3232.0,141614.0,141451.0
au2510.SHFE,SHFE.au2510,2025-09-04 11:13:00,127781,808.54,808.98,807.62,807.62,2111.0,141451.0,141473.0
au2510.SHFE,SHFE.au2510,2025-09-04 11:14:00,127782,807.62,808.02,807.18,807.8,3405.0,141473.0,141523.0
au2510.SHFE,SHFE.au2510,2025-09-04 11:15:00,127783,807.8,808.92,807.5,808.92,2513.0,141523.0,141346.0
au2510.SHFE,SHFE.au2510,2025-09-04 11:16:00,127784,808.92,809.06,808.54,808.66,1452.0,141346.0,141237.0
au2510.SHFE,SHFE.au2510,2025-09-04 11:17:00,127785,808.66,808.82,807.96,808.82,1321.0,141237.0,141214.0
au2510.SHFE,SHFE.au2510,2025-09-04 11:18:00,127786,808.82,809.86,808.82,809.86,1314.0,141214.0,140912.0
au2510.SHFE,SHFE.au2510,2025-09-04 11:19:00,127787,809.86,810.28,809.72,809.98,1200.0,140912.0,140714.0
au2510.SHFE,SHFE.au2510,2025-09-04 11:20:00,127788,809.98,810.54,809.74,810.28,908.0,140714.0,140518.0
au2510.SHFE,SHFE.au2510,2025-09-04 11:21:00,127789,810.28,810.5,809.92,810.48,523.0,140518.0,140495.0
au2510.SHFE,SHFE.au2510,2025-09-04 11:22:00,127790,810.48,810.9,810.4,810.78,900.0,140495.0,140421.0
au2510.SHFE,SHFE.au2510,2025-09-04 11:23:00,127791,810.78,811.18,810.72,811.14,652.0,140421.0,140303.0
au2510.SHFE,SHFE.au2510,2025-09-04 11:24:00,127792,811.14,811.14,810.8,811.02,751.0,140303.0,140255.0
au2510.SHFE,SHFE.au2510,2025-09-04 11:25:00,127793,811.02,811.32,810.76,811.18,753.0,140255.0,140199.0
au2510.SHFE,SHFE.au2510,2025-09-04 11:26:00,127794,811.18,811.18,810.88,810.92,421.0,140199.0,140143.0
au2510.SHFE,SHFE.au2510,2025-09-04 11:27:00,127795,810.92,811.12,810.92,811.0,330.0,140143.0,140059.0
au2510.SHFE,SHFE.au2510,2025-09-04 11:28:00,127796,811.0,811.1,810.84,811.04,426.0,140059.0,139944.0
au2510.SHFE,SHFE.au2510,2025-09-04 11:29:00,127797,811.04,811.48,811.0,811.34,665.0,139944.0,139784.0
au2510.SHFE,SHFE.au2510,2025-09-04 13:30:00,127798,811.54,812.04,811.44,811.7,1373.0,139784.0,139676.0
au2510.SHFE,SHFE.au2510,2025-09-04 13:31:00,127799,811.7,811.7,811.28,811.58,630.0,139676.0,139635.0
au2510.SHFE,SHFE.au2510,2025-09-04 13:32:00,127800,811.58,811.62,811.42,811.56,454.0,139635.0,139559.0
au2510.SHFE,SHFE.au2510,2025-09-04 13:33:00,127801,811.56,811.6,811.14,811.18,569.0,139559.0,139447.0
au2510.SHFE,SHFE.au2510,2025-09-04 13:34:00,127802,811.18,811.32,810.84,811.32,663.0,139447.0,139382.0
au2510.SHFE,SHFE.au2510,2025-09-04 13:35:00,127803,811.32,811.5,811.14,811.44,405.0,139382.0,139321.0
au2510.SHFE,SHFE.au2510,2025-09-04 13:36:00,127804,811.44,811.46,811.1,811.1,292.0,139321.0,139281.0
au2510.SHFE,SHFE.au2510,2025-09-04 13:37:00,127805,811.1,811.36,810.94,811.32,252.0,139281.0,139239.0
au2510.SHFE,SHFE.au2510,2025-09-04 13:38:00,127806,811.32,811.48,811.28,811.3,215.0,139239.0,139234.0
au2510.SHFE,SHFE.au2510,2025-09-04 13:39:00,127807,811.3,811.48,811.28,811.4,222.0,139234.0,139261.0
au2510.SHFE,SHFE.au2510,2025-09-04 13:40:00,127808,811.4,811.48,811.3,811.38,303.0,139261.0,139241.0
au2510.SHFE,SHFE.au2510,2025-09-04 13:41:00,127809,811.38,811.6,811.36,811.58,324.0,139241.0,139252.0
au2510.SHFE,SHFE.au2510,2025-09-04 13:42:00,127810,811.58,811.98,811.58,811.66,828.0,139252.0,139222.0
au2510.SHFE,SHFE.au2510,2025-09-04 13:43:00,127811,811.66,811.86,811.56,811.8,446.0,139222.0,139183.0
au2510.SHFE,SHFE.au2510,2025-09-04 13:44:00,127812,811.8,811.8,811.44,811.44,486.0,139183.0,139136.0
au2510.SHFE,SHFE.au2510,2025-09-04 13:45:00,127813,811.44,811.84,811.42,811.74,440.0,139136.0,139117.0
au2510.SHFE,SHFE.au2510,2025-09-04 13:46:00,127814,811.74,811.9,811.54,811.58,294.0,139117.0,139070.0
au2510.SHFE,SHFE.au2510,2025-09-04 13:47:00,127815,811.58,811.76,811.58,811.62,199.0,139070.0,139017.0
au2510.SHFE,SHFE.au2510,2025-09-04 13:48:00,127816,811.62,811.72,811.42,811.7,287.0,139017.0,138993.0
au2510.SHFE,SHFE.au2510,2025-09-04 13:49:00,127817,811.7,811.72,811.0,811.0,409.0,138993.0,138925.0
au2510.SHFE,SHFE.au2510,2025-09-04 13:50:00,127818,811.0,811.04,810.42,810.64,1224.0,138925.0,138894.0
au2510.SHFE,SHFE.au2510,2025-09-04 13:51:00,127819,810.64,810.72,810.18,810.44,707.0,138894.0,138857.0
au2510.SHFE,SHFE.au2510,2025-09-04 13:52:00,127820,810.44,810.44,809.64,809.82,994.0,138857.0,138798.0
au2510.SHFE,SHFE.au2510,2025-09-04 13:53:00,127821,809.82,810.38,809.82,810.22,744.0,138798.0,138688.0
au2510.SHFE,SHFE.au2510,2025-09-04 13:54:00,127822,810.22,810.58,810.16,810.58,434.0,138688.0,138613.0
au2510.SHFE,SHFE.au2510,2025-09-04 13:55:00,127823,810.58,810.66,810.34,810.4,449.0,138613.0,138540.0
au2510.SHFE,SHFE.au2510,2025-09-04 13:56:00,127824,810.4,810.4,810.02,810.24,413.0,138540.0,138520.0
au2510.SHFE,SHFE.au2510,2025-09-04 13:57:00,127825,810.24,810.46,810.18,810.26,451.0,138520.0,138504.0
au2510.SHFE,SHFE.au2510,2025-09-04 13:58:00,127826,810.26,810.26,809.78,810.02,586.0,138504.0,138458.0
au2510.SHFE,SHFE.au2510,2025-09-04 13:59:00,127827,810.02,810.2,809.74,810.12,434.0,138458.0,138357.0
au2510.SHFE,SHFE.au2510,2025-09-04 14:00:00,127828,810.12,810.16,809.8,809.98,389.0,138357.0,138295.0
au2510.SHFE,SHFE.au2510,2025-09-04 14:01:00,127829,809.98,810.0,809.42,809.42,585.0,138295.0,138212.0
au2510.SHFE,SHFE.au2510,2025-09-04 14:02:00,127830,809.42,810.0,809.4,809.98,595.0,138212.0,138233.0
au2510.SHFE,SHFE.au2510,2025-09-04 14:03:00,127831,809.98,810.3,809.94,810.26,439.0,138233.0,138220.0
au2510.SHFE,SHFE.au2510,2025-09-04 14:04:00,127832,810.26,810.32,810.18,810.28,248.0,138220.0,138159.0
au2510.SHFE,SHFE.au2510,2025-09-04 14:05:00,127833,810.28,810.64,810.26,810.58,511.0,138159.0,138046.0
au2510.SHFE,SHFE.au2510,2025-09-04 14:06:00,127834,810.58,810.66,810.2,810.26,395.0,138046.0,138004.0
au2510.SHFE,SHFE.au2510,2025-09-04 14:07:00,127835,810.26,810.46,810.02,810.44,364.0,138004.0,138008.0
au2510.SHFE,SHFE.au2510,2025-09-04 14:08:00,127836,810.44,810.44,810.24,810.4,192.0,138008.0,137948.0
au2510.SHFE,SHFE.au2510,2025-09-04 14:09:00,127837,810.4,810.68,810.4,810.6,334.0,137948.0,137933.0
au2510.SHFE,SHFE.au2510,2025-09-04 14:10:00,127838,810.6,810.84,810.42,810.84,320.0,137933.0,137934.0
au2510.SHFE,SHFE.au2510,2025-09-04 14:11:00,127839,810.84,811.08,810.84,810.98,382.0,137934.0,137857.0
au2510.SHFE,SHFE.au2510,2025-09-04 14:12:00,127840,810.98,811.0,810.78,810.98,260.0,137857.0,137853.0
au2510.SHFE,SHFE.au2510,2025-09-04 14:13:00,127841,810.98,811.46,810.98,811.36,355.0,137853.0,137848.0
au2510.SHFE,SHFE.au2510,2025-09-04 14:14:00,127842,811.36,811.4,811.22,811.24,315.0,137848.0,137789.0
au2510.SHFE,SHFE.au2510,2025-09-04 14:15:00,127843,811.24,811.42,811.16,811.36,422.0,137789.0,137727.0
au2510.SHFE,SHFE.au2510,2025-09-04 14:16:00,127844,811.36,811.42,811.28,811.36,147.0,137727.0,137748.0
au2510.SHFE,SHFE.au2510,2025-09-04 14:17:00,127845,811.36,811.4,811.16,811.22,200.0,137748.0,137745.0
au2510.SHFE,SHFE.au2510,2025-09-04 14:18:00,127846,811.22,811.42,811.1,811.4,339.0,137745.0,137736.0
au2510.SHFE,SHFE.au2510,2025-09-04 14:19:00,127847,811.4,811.4,811.16,811.24,182.0,137736.0,137720.0
au2510.SHFE,SHFE.au2510,2025-09-04 14:20:00,127848,811.24,811.48,811.18,811.44,261.0,137720.0,137704.0
au2510.SHFE,SHFE.au2510,2025-09-04 14:21:00,127849,811.44,811.64,811.4,811.46,311.0,137704.0,137646.0
au2510.SHFE,SHFE.au2510,2025-09-04 14:22:00,127850,811.46,811.74,811.38,811.72,325.0,137646.0,137581.0
au2510.SHFE,SHFE.au2510,2025-09-04 14:23:00,127851,811.72,811.8,811.54,811.68,405.0,137581.0,137502.0
au2510.SHFE,SHFE.au2510,2025-09-04 14:24:00,127852,811.68,812.0,811.62,812.0,320.0,137502.0,137504.0
au2510.SHFE,SHFE.au2510,2025-09-04 14:25:00,127853,812.0,812.1,811.84,812.08,512.0,137504.0,137523.0
au2510.SHFE,SHFE.au2510,2025-09-04 14:26:00,127854,812.08,812.52,811.96,812.52,462.0,137523.0,137502.0
au2510.SHFE,SHFE.au2510,2025-09-04 14:27:00,127855,812.52,812.54,812.26,812.44,631.0,137502.0,137481.0
au2510.SHFE,SHFE.au2510,2025-09-04 14:28:00,127856,812.44,812.86,812.44,812.84,815.0,137481.0,137660.0
au2510.SHFE,SHFE.au2510,2025-09-04 14:29:00,127857,812.84,812.84,812.68,812.72,476.0,137660.0,137699.0
au2510.SHFE,SHFE.au2510,2025-09-04 14:30:00,127858,812.72,813.26,812.54,813.26,743.0,137699.0,137595.0
au2510.SHFE,SHFE.au2510,2025-09-04 14:31:00,127859,813.26,813.6,813.18,813.54,1095.0,137595.0,137690.0
au2510.SHFE,SHFE.au2510,2025-09-04 14:32:00,127860,813.54,813.78,813.44,813.74,784.0,137690.0,137772.0
au2510.SHFE,SHFE.au2510,2025-09-04 14:33:00,127861,813.74,813.84,813.44,813.56,997.0,137772.0,137683.0
au2510.SHFE,SHFE.au2510,2025-09-04 14:34:00,127862,813.56,813.56,813.12,813.46,701.0,137683.0,137577.0
au2510.SHFE,SHFE.au2510,2025-09-04 14:35:00,127863,813.46,813.66,813.4,813.56,497.0,137577.0,137521.0
au2510.SHFE,SHFE.au2510,2025-09-04 14:36:00,127864,813.56,813.74,813.34,813.36,541.0,137521.0,137467.0
au2510.SHFE,SHFE.au2510,2025-09-04 14:37:00,127865,813.36,813.38,812.62,812.7,730.0,137467.0,137371.0
au2510.SHFE,SHFE.au2510,2025-09-04 14:38:00,127866,812.7,812.7,812.46,812.6,573.0,137371.0,137351.0
au2510.SHFE,SHFE.au2510,2025-09-04 14:39:00,127867,812.6,813.14,812.6,812.96,705.0,137351.0,137304.0
au2510.SHFE,SHFE.au2510,2025-09-04 14:40:00,127868,812.96,813.14,812.72,813.08,345.0,137304.0,137253.0
au2510.SHFE,SHFE.au2510,2025-09-04 14:41:00,127869,813.08,813.32,812.92,813.28,374.0,137253.0,137198.0
au2510.SHFE,SHFE.au2510,2025-09-04 14:42:00,127870,813.28,813.48,813.26,813.42,457.0,137198.0,137186.0
au2510.SHFE,SHFE.au2510,2025-09-04 14:43:00,127871,813.42,813.48,813.06,813.38,412.0,137186.0,137146.0
au2510.SHFE,SHFE.au2510,2025-09-04 14:44:00,127872,813.38,813.66,813.28,813.58,819.0,137146.0,137182.0
au2510.SHFE,SHFE.au2510,2025-09-04 14:45:00,127873,813.58,813.62,813.3,813.56,566.0,137182.0,137242.0
au2510.SHFE,SHFE.au2510,2025-09-04 14:46:00,127874,813.56,813.78,813.48,813.64,545.0,137242.0,137216.0
au2510.SHFE,SHFE.au2510,2025-09-04 14:47:00,127875,813.64,813.8,813.5,813.56,512.0,137216.0,137308.0
au2510.SHFE,SHFE.au2510,2025-09-04 14:48:00,127876,813.56,813.62,813.22,813.3,421.0,137308.0,137296.0
au2510.SHFE,SHFE.au2510,2025-09-04 14:49:00,127877,813.3,813.36,813.08,813.2,276.0,137296.0,137303.0
au2510.SHFE,SHFE.au2510,2025-09-04 14:50:00,127878,813.2,813.3,813.06,813.08,405.0,137303.0,137327.0
au2510.SHFE,SHFE.au2510,2025-09-04 14:51:00,127879,813.08,813.32,813.04,813.06,451.0,137327.0,137324.0
au2510.SHFE,SHFE.au2510,2025-09-04 14:52:00,127880,813.06,813.06,812.78,812.78,429.0,137324.0,137307.0
au2510.SHFE,SHFE.au2510,2025-09-04 14:53:00,127881,812.78,813.04,812.6,812.96,261.0,137307.0,137312.0
au2510.SHFE,SHFE.au2510,2025-09-04 14:54:00,127882,812.96,812.98,812.76,812.98,256.0,137312.0,137280.0
au2510.SHFE,SHFE.au2510,2025-09-04 14:55:00,127883,812.98,812.98,812.68,812.72,357.0,137280.0,137169.0
au2510.SHFE,SHFE.au2510,2025-09-04 14:56:00,127884,812.72,812.8,812.68,812.68,321.0,137169.0,137072.0
au2510.SHFE,SHFE.au2510,2025-09-04 14:57:00,127885,812.68,812.84,812.66,812.76,430.0,137072.0,136953.0
au2510.SHFE,SHFE.au2510,2025-09-04 14:58:00,127886,812.76,812.94,812.76,812.84,474.0,136953.0,136817.0
au2510.SHFE,SHFE.au2510,2025-09-04 14:59:00,127887,812.84,813.0,812.8,812.98,455.0,136817.0,136664.0
au2510.SHFE,SHFE.au2510,2025-09-04 21:00:00,127888,815.06,815.44,814.8,814.88,1629.0,136664.0,136977.0
au2510.SHFE,SHFE.au2510,2025-09-04 21:01:00,127889,814.88,814.9,814.28,814.56,1172.0,136977.0,137046.0
au2510.SHFE,SHFE.au2510,2025-09-04 21:02:00,127890,814.56,814.64,814.44,814.5,1023.0,137046.0,137232.0
au2510.SHFE,SHFE.au2510,2025-09-04 21:03:00,127891,814.5,814.56,814.12,814.18,643.0,137232.0,137284.0
au2510.SHFE,SHFE.au2510,2025-09-04 21:04:00,127892,814.18,814.44,814.0,814.34,602.0,137284.0,137301.0
au2510.SHFE,SHFE.au2510,2025-09-04 21:05:00,127893,814.34,814.36,814.02,814.02,573.0,137301.0,137329.0
au2510.SHFE,SHFE.au2510,2025-09-04 21:06:00,127894,814.02,814.34,814.02,814.3,332.0,137329.0,137272.0
au2510.SHFE,SHFE.au2510,2025-09-04 21:07:00,127895,814.3,814.36,814.08,814.12,383.0,137272.0,137310.0
au2510.SHFE,SHFE.au2510,2025-09-04 21:08:00,127896,814.12,814.18,813.6,814.02,1040.0,137310.0,137256.0
au2510.SHFE,SHFE.au2510,2025-09-04 21:09:00,127897,814.02,814.56,813.92,814.3,1133.0,137256.0,137306.0
au2510.SHFE,SHFE.au2510,2025-09-04 21:10:00,127898,814.3,814.5,814.22,814.48,377.0,137306.0,137368.0
au2510.SHFE,SHFE.au2510,2025-09-04 21:11:00,127899,814.48,814.5,814.2,814.42,388.0,137368.0,137382.0
au2510.SHFE,SHFE.au2510,2025-09-04 21:12:00,127900,814.42,814.64,814.38,814.6,400.0,137382.0,137413.0
au2510.SHFE,SHFE.au2510,2025-09-04 21:13:00,127901,814.6,814.86,814.58,814.72,558.0,137413.0,137418.0
au2510.SHFE,SHFE.au2510,2025-09-04 21:14:00,127902,814.72,814.78,814.52,814.66,404.0,137418.0,137458.0
au2510.SHFE,SHFE.au2510,2025-09-04 21:15:00,127903,814.66,814.74,814.44,814.7,362.0,137458.0,137403.0
au2510.SHFE,SHFE.au2510,2025-09-04 21:16:00,127904,814.7,815.08,814.7,815.02,518.0,137403.0,137456.0
au2510.SHFE,SHFE.au2510,2025-09-04 21:17:00,127905,815.02,815.76,815.02,815.48,999.0,137456.0,137541.0
au2510.SHFE,SHFE.au2510,2025-09-04 21:18:00,127906,815.48,815.5,815.2,815.24,571.0,137541.0,137604.0
au2510.SHFE,SHFE.au2510,2025-09-04 21:19:00,127907,815.24,815.3,815.18,815.26,392.0,137604.0,137697.0
au2510.SHFE,SHFE.au2510,2025-09-04 21:20:00,127908,815.26,815.56,815.24,815.56,619.0,137697.0,137674.0
au2510.SHFE,SHFE.au2510,2025-09-04 21:21:00,127909,815.56,816.0,815.36,815.36,579.0,137674.0,137731.0
au2510.SHFE,SHFE.au2510,2025-09-04 21:22:00,127910,815.36,815.58,815.36,815.52,413.0,137731.0,137772.0
au2510.SHFE,SHFE.au2510,2025-09-04 21:23:00,127911,815.52,815.58,815.4,815.48,406.0,137772.0,137808.0
au2510.SHFE,SHFE.au2510,2025-09-04 21:24:00,127912,815.48,815.78,815.48,815.76,404.0,137808.0,137832.0
au2510.SHFE,SHFE.au2510,2025-09-04 21:25:00,127913,815.76,816.04,815.72,815.74,875.0,137832.0,137984.0
au2510.SHFE,SHFE.au2510,2025-09-04 21:26:00,127914,815.74,816.0,815.72,815.82,524.0,137984.0,138113.0
au2510.SHFE,SHFE.au2510,2025-09-04 21:27:00,127915,815.82,816.04,815.76,816.04,466.0,138113.0,138168.0
au2510.SHFE,SHFE.au2510,2025-09-04 21:28:00,127916,816.04,816.04,815.84,815.94,326.0,138168.0,138160.0
au2510.SHFE,SHFE.au2510,2025-09-04 21:29:00,127917,815.94,815.96,815.64,815.84,495.0,138160.0,138169.0
au2510.SHFE,SHFE.au2510,2025-09-04 21:30:00,127918,815.84,815.86,815.56,815.62,716.0,138169.0,138297.0
au2510.SHFE,SHFE.au2510,2025-09-04 21:31:00,127919,815.62,815.86,815.56,815.78,518.0,138297.0,138300.0
au2510.SHFE,SHFE.au2510,2025-09-04 21:32:00,127920,815.78,816.42,815.76,816.34,891.0,138300.0,138336.0
au2510.SHFE,SHFE.au2510,2025-09-04 21:33:00,127921,816.34,816.56,816.3,816.46,1047.0,138336.0,138452.0
au2510.SHFE,SHFE.au2510,2025-09-04 21:34:00,127922,816.46,816.68,816.4,816.5,942.0,138452.0,138492.0
au2510.SHFE,SHFE.au2510,2025-09-04 21:35:00,127923,816.5,816.86,816.42,816.48,913.0,138492.0,138601.0
au2510.SHFE,SHFE.au2510,2025-09-04 21:36:00,127924,816.48,817.08,816.48,817.08,929.0,138601.0,138553.0
au2510.SHFE,SHFE.au2510,2025-09-04 21:37:00,127925,817.08,817.5,816.92,817.42,962.0,138553.0,138662.0
au2510.SHFE,SHFE.au2510,2025-09-04 21:38:00,127926,817.42,817.76,817.32,817.5,1196.0,138662.0,138787.0
au2510.SHFE,SHFE.au2510,2025-09-04 21:39:00,127927,817.5,817.64,817.32,817.46,688.0,138787.0,138833.0
au2510.SHFE,SHFE.au2510,2025-09-04 21:40:00,127928,817.46,817.54,816.6,816.68,1274.0,138833.0,138721.0
au2510.SHFE,SHFE.au2510,2025-09-04 21:41:00,127929,816.68,816.76,816.52,816.56,681.0,138721.0,138617.0
au2510.SHFE,SHFE.au2510,2025-09-04 21:42:00,127930,816.56,816.66,815.64,815.9,1190.0,138617.0,138550.0
au2510.SHFE,SHFE.au2510,2025-09-04 21:43:00,127931,815.9,816.14,815.84,816.04,689.0,138550.0,138654.0
au2510.SHFE,SHFE.au2510,2025-09-04 21:44:00,127932,816.04,816.04,815.68,815.72,612.0,138654.0,138652.0
au2510.SHFE,SHFE.au2510,2025-09-04 21:45:00,127933,815.72,815.76,814.72,814.9,1685.0,138652.0,138613.0
au2510.SHFE,SHFE.au2510,2025-09-04 21:46:00,127934,814.9,815.04,814.78,814.94,1165.0,138613.0,138624.0
au2510.SHFE,SHFE.au2510,2025-09-04 21:47:00,127935,814.94,814.98,814.32,814.58,1322.0,138624.0,138661.0
au2510.SHFE,SHFE.au2510,2025-09-04 21:48:00,127936,814.58,814.82,814.42,814.52,1066.0,138661.0,138700.0
au2510.SHFE,SHFE.au2510,2025-09-04 21:49:00,127937,814.52,814.84,814.36,814.36,878.0,138700.0,138716.0
au2510.SHFE,SHFE.au2510,2025-09-04 21:50:00,127938,814.36,814.86,814.1,814.82,1405.0,138716.0,138720.0
au2510.SHFE,SHFE.au2510,2025-09-04 21:51:00,127939,814.82,814.84,814.54,814.6,690.0,138720.0,138747.0
au2510.SHFE,SHFE.au2510,2025-09-04 21:52:00,127940,814.6,814.62,814.2,814.2,699.0,138747.0,138820.0
au2510.SHFE,SHFE.au2510,2025-09-04 21:53:00,127941,814.2,814.2,813.38,813.96,1656.0,138820.0,138770.0
au2510.SHFE,SHFE.au2510,2025-09-04 21:54:00,127942,813.96,814.34,813.8,814.22,867.0,138770.0,138876.0
au2510.SHFE,SHFE.au2510,2025-09-04 21:55:00,127943,814.22,814.6,814.22,814.42,805.0,138876.0,138983.0
au2510.SHFE,SHFE.au2510,2025-09-04 21:56:00,127944,814.42,814.52,814.0,814.0,469.0,138983.0,139009.0
au2510.SHFE,SHFE.au2510,2025-09-04 21:57:00,127945,814.0,814.36,813.9,814.14,540.0,139009.0,139003.0
au2510.SHFE,SHFE.au2510,2025-09-04 21:58:00,127946,814.14,814.26,813.96,814.24,351.0,139003.0,139026.0
au2510.SHFE,SHFE.au2510,2025-09-04 21:59:00,127947,814.24,814.44,814.22,814.42,321.0,139026.0,139027.0
au2510.SHFE,SHFE.au2510,2025-09-04 22:00:00,127948,814.42,814.42,812.76,813.24,3376.0,139027.0,138989.0
au2510.SHFE,SHFE.au2510,2025-09-04 22:01:00,127949,813.24,813.44,812.9,813.18,1153.0,138989.0,138849.0
au2510.SHFE,SHFE.au2510,2025-09-04 22:02:00,127950,813.18,813.46,812.2,812.38,1516.0,138849.0,138739.0
au2510.SHFE,SHFE.au2510,2025-09-04 22:03:00,127951,812.38,812.52,811.8,812.06,1551.0,138739.0,138675.0
au2510.SHFE,SHFE.au2510,2025-09-04 22:04:00,127952,812.06,812.06,811.36,811.78,2054.0,138675.0,138446.0
au2510.SHFE,SHFE.au2510,2025-09-04 22:05:00,127953,811.78,812.7,811.78,812.68,1493.0,138446.0,138411.0
au2510.SHFE,SHFE.au2510,2025-09-04 22:06:00,127954,812.68,813.08,812.66,812.98,1310.0,138411.0,138443.0
au2510.SHFE,SHFE.au2510,2025-09-04 22:07:00,127955,812.98,813.1,812.58,812.84,1257.0,138443.0,138230.0
au2510.SHFE,SHFE.au2510,2025-09-04 22:08:00,127956,812.84,812.94,812.46,812.58,702.0,138230.0,138211.0
au2510.SHFE,SHFE.au2510,2025-09-04 22:09:00,127957,812.58,812.92,812.58,812.84,720.0,138211.0,138144.0
au2510.SHFE,SHFE.au2510,2025-09-04 22:10:00,127958,812.84,813.24,812.56,813.14,862.0,138144.0,138152.0
au2510.SHFE,SHFE.au2510,2025-09-04 22:11:00,127959,813.14,813.84,813.14,813.72,1232.0,138152.0,138205.0
au2510.SHFE,SHFE.au2510,2025-09-04 22:12:00,127960,813.72,813.88,813.66,813.76,648.0,138205.0,138217.0
au2510.SHFE,SHFE.au2510,2025-09-04 22:13:00,127961,813.76,813.86,813.52,813.62,591.0,138217.0,138165.0
au2510.SHFE,SHFE.au2510,2025-09-04 22:14:00,127962,813.62,813.8,813.44,813.6,488.0,138165.0,138129.0
au2510.SHFE,SHFE.au2510,2025-09-04 22:15:00,127963,813.6,813.7,812.88,813.04,1108.0,138129.0,138184.0
au2510.SHFE,SHFE.au2510,2025-09-04 22:16:00,127964,813.04,813.1,812.8,812.94,578.0,138184.0,138185.0
au2510.SHFE,SHFE.au2510,2025-09-04 22:17:00,127965,812.94,812.98,812.54,812.62,570.0,138185.0,138206.0
au2510.SHFE,SHFE.au2510,2025-09-04 22:18:00,127966,812.62,812.86,812.46,812.48,941.0,138206.0,138289.0
au2510.SHFE,SHFE.au2510,2025-09-04 22:19:00,127967,812.48,812.5,811.96,812.02,874.0,138289.0,138307.0
au2510.SHFE,SHFE.au2510,2025-09-04 22:20:00,127968,812.02,812.38,811.9,812.0,883.0,138307.0,138302.0
au2510.SHFE,SHFE.au2510,2025-09-04 22:21:00,127969,812.0,812.1,811.64,811.86,919.0,138302.0,138262.0
au2510.SHFE,SHFE.au2510,2025-09-04 22:22:00,127970,811.86,812.42,811.82,812.42,726.0,138262.0,138177.0
au2510.SHFE,SHFE.au2510,2025-09-04 22:23:00,127971,812.42,812.44,811.62,811.8,988.0,138177.0,138111.0
au2510.SHFE,SHFE.au2510,2025-09-04 22:24:00,127972,811.8,812.2,811.8,812.16,490.0,138111.0,138145.0
au2510.SHFE,SHFE.au2510,2025-09-04 22:25:00,127973,812.16,812.36,812.1,812.32,451.0,138145.0,138162.0
au2510.SHFE,SHFE.au2510,2025-09-04 22:26:00,127974,812.32,812.7,812.26,812.66,544.0,138162.0,138196.0
au2510.SHFE,SHFE.au2510,2025-09-04 22:27:00,127975,812.66,812.82,812.3,812.5,499.0,138196.0,138225.0
au2510.SHFE,SHFE.au2510,2025-09-04 22:28:00,127976,812.5,812.9,812.42,812.82,382.0,138225.0,138239.0
au2510.SHFE,SHFE.au2510,2025-09-04 22:29:00,127977,812.82,813.06,812.8,813.04,479.0,138239.0,138322.0
au2510.SHFE,SHFE.au2510,2025-09-04 22:30:00,127978,813.04,813.2,812.92,813.08,473.0,138322.0,138271.0
au2510.SHFE,SHFE.au2510,2025-09-04 22:31:00,127979,813.08,813.32,813.02,813.22,398.0,138271.0,138222.0
au2510.SHFE,SHFE.au2510,2025-09-04 22:32:00,127980,813.22,813.28,812.72,812.72,459.0,138222.0,138240.0
au2510.SHFE,SHFE.au2510,2025-09-04 22:33:00,127981,812.72,813.2,812.6,813.1,590.0,138240.0,138212.0
au2510.SHFE,SHFE.au2510,2025-09-04 22:34:00,127982,813.1,813.12,812.9,813.06,287.0,138212.0,138181.0
au2510.SHFE,SHFE.au2510,2025-09-04 22:35:00,127983,813.06,813.1,812.8,812.98,284.0,138181.0,138141.0
au2510.SHFE,SHFE.au2510,2025-09-04 22:36:00,127984,812.98,813.46,812.92,813.42,442.0,138141.0,138109.0
au2510.SHFE,SHFE.au2510,2025-09-04 22:37:00,127985,813.42,813.58,813.1,813.22,495.0,138109.0,138083.0
au2510.SHFE,SHFE.au2510,2025-09-04 22:38:00,127986,813.22,813.48,813.14,813.46,392.0,138083.0,138127.0
au2510.SHFE,SHFE.au2510,2025-09-04 22:39:00,127987,813.46,813.7,813.4,813.48,476.0,138127.0,138124.0
au2510.SHFE,SHFE.au2510,2025-09-04 22:40:00,127988,813.48,813.76,813.36,813.76,383.0,138124.0,138097.0
au2510.SHFE,SHFE.au2510,2025-09-04 22:41:00,127989,813.76,813.88,813.6,813.62,537.0,138097.0,138116.0
au2510.SHFE,SHFE.au2510,2025-09-04 22:42:00,127990,813.62,813.7,813.48,813.6,324.0,138116.0,138100.0
au2510.SHFE,SHFE.au2510,2025-09-04 22:43:00,127991,813.6,813.82,813.58,813.68,520.0,138100.0,138112.0
au2510.SHFE,SHFE.au2510,2025-09-04 22:44:00,127992,813.68,813.78,813.52,813.64,279.0,138112.0,138126.0
au2510.SHFE,SHFE.au2510,2025-09-04 22:45:00,127993,813.64,813.82,813.64,813.72,230.0,138126.0,138118.0
au2510.SHFE,SHFE.au2510,2025-09-04 22:46:00,127994,813.72,813.74,813.4,813.4,361.0,138118.0,138109.0
au2510.SHFE,SHFE.au2510,2025-09-04 22:47:00,127995,813.4,813.4,813.08,813.2,632.0,138109.0,138057.0
au2510.SHFE,SHFE.au2510,2025-09-04 22:48:00,127996,813.2,813.26,812.86,812.86,394.0,138057.0,138059.0
au2510.SHFE,SHFE.au2510,2025-09-04 22:49:00,127997,812.86,813.1,812.78,812.94,487.0,138059.0,138006.0
au2510.SHFE,SHFE.au2510,2025-09-04 22:50:00,127998,812.94,813.52,812.92,813.46,381.0,138006.0,137998.0
au2510.SHFE,SHFE.au2510,2025-09-04 22:51:00,127999,813.46,813.46,813.28,813.3,335.0,137998.0,138065.0
au2510.SHFE,SHFE.au2510,2025-09-04 22:52:00,128000,813.3,813.44,813.2,813.3,265.0,138065.0,138067.0
au2510.SHFE,SHFE.au2510,2025-09-04 22:53:00,128001,813.3,813.4,813.14,813.24,247.0,138067.0,138092.0
au2510.SHFE,SHFE.au2510,2025-09-04 22:54:00,128002,813.24,813.3,813.02,813.14,237.0,138092.0,138093.0
au2510.SHFE,SHFE.au2510,2025-09-04 22:55:00,128003,813.14,813.52,813.14,813.42,242.0,138093.0,138075.0
au2510.SHFE,SHFE.au2510,2025-09-04 22:56:00,128004,813.42,813.56,813.4,813.56,155.0,138075.0,138065.0
au2510.SHFE,SHFE.au2510,2025-09-04 22:57:00,128005,813.56,813.56,813.42,813.46,171.0,138065.0,138039.0
au2510.SHFE,SHFE.au2510,2025-09-04 22:58:00,128006,813.46,813.78,813.38,813.76,426.0,138039.0,137965.0
au2510.SHFE,SHFE.au2510,2025-09-04 22:59:00,128007,813.76,814.06,813.74,813.9,489.0,137965.0,137975.0
au2510.SHFE,SHFE.au2510,2025-09-04 23:00:00,128008,813.9,814.16,813.76,813.76,458.0,137975.0,138021.0
au2510.SHFE,SHFE.au2510,2025-09-04 23:01:00,128009,813.76,813.9,813.56,813.88,484.0,138021.0,137993.0
au2510.SHFE,SHFE.au2510,2025-09-04 23:02:00,128010,813.88,813.98,813.74,813.82,318.0,137993.0,138012.0
au2510.SHFE,SHFE.au2510,2025-09-04 23:03:00,128011,813.82,813.92,813.78,813.86,80.0,138012.0,138015.0
au2510.SHFE,SHFE.au2510,2025-09-04 23:04:00,128012,813.86,814.0,813.8,813.94,307.0,138015.0,138065.0
au2510.SHFE,SHFE.au2510,2025-09-04 23:05:00,128013,813.94,814.38,813.94,814.28,520.0,138065.0,138067.0
au2510.SHFE,SHFE.au2510,2025-09-04 23:06:00,128014,814.28,814.34,814.14,814.18,332.0,138067.0,138089.0
au2510.SHFE,SHFE.au2510,2025-09-04 23:07:00,128015,814.18,814.62,814.16,814.62,281.0,138089.0,138086.0
au2510.SHFE,SHFE.au2510,2025-09-04 23:08:00,128016,814.62,814.62,814.34,814.38,411.0,138086.0,138094.0
au2510.SHFE,SHFE.au2510,2025-09-04 23:09:00,128017,814.38,814.56,814.36,814.54,314.0,138094.0,138129.0
au2510.SHFE,SHFE.au2510,2025-09-04 23:10:00,128018,814.54,814.6,814.42,814.44,249.0,138129.0,138144.0
au2510.SHFE,SHFE.au2510,2025-09-04 23:11:00,128019,814.44,814.5,814.38,814.48,242.0,138144.0,138113.0
au2510.SHFE,SHFE.au2510,2025-09-04 23:12:00,128020,814.48,814.52,814.34,814.4,173.0,138113.0,138152.0
au2510.SHFE,SHFE.au2510,2025-09-04 23:13:00,128021,814.4,814.42,814.16,814.3,429.0,138152.0,138142.0
au2510.SHFE,SHFE.au2510,2025-09-04 23:14:00,128022,814.3,814.3,814.04,814.1,300.0,138142.0,138121.0
au2510.SHFE,SHFE.au2510,2025-09-04 23:15:00,128023,814.1,814.26,813.86,813.86,329.0,138121.0,138076.0
au2510.SHFE,SHFE.au2510,2025-09-04 23:16:00,128024,813.86,814.16,813.84,814.14,382.0,138076.0,138101.0
au2510.SHFE,SHFE.au2510,2025-09-04 23:17:00,128025,814.14,814.3,814.06,814.18,260.0,138101.0,138086.0
au2510.SHFE,SHFE.au2510,2025-09-04 23:18:00,128026,814.18,814.2,813.98,814.0,145.0,138086.0,138097.0
au2510.SHFE,SHFE.au2510,2025-09-04 23:19:00,128027,814.0,814.14,813.98,814.12,155.0,138097.0,138105.0
au2510.SHFE,SHFE.au2510,2025-09-04 23:20:00,128028,814.12,814.2,814.0,814.02,137.0,138105.0,138094.0
au2510.SHFE,SHFE.au2510,2025-09-04 23:21:00,128029,814.02,814.1,813.78,813.78,263.0,138094.0,138088.0
au2510.SHFE,SHFE.au2510,2025-09-04 23:22:00,128030,813.78,813.82,813.54,813.78,331.0,138088.0,138040.0
au2510.SHFE,SHFE.au2510,2025-09-04 23:23:00,128031,813.78,813.9,813.58,813.6,275.0,138040.0,138035.0
au2510.SHFE,SHFE.au2510,2025-09-04 23:24:00,128032,813.6,813.68,813.46,813.54,393.0,138035.0,138000.0
au2510.SHFE,SHFE.au2510,2025-09-04 23:25:00,128033,813.54,813.74,813.54,813.74,157.0,138000.0,137957.0
au2510.SHFE,SHFE.au2510,2025-09-04 23:26:00,128034,813.74,813.76,813.54,813.58,152.0,137957.0,137938.0
au2510.SHFE,SHFE.au2510,2025-09-04 23:27:00,128035,813.58,813.68,813.38,813.38,334.0,137938.0,137837.0
au2510.SHFE,SHFE.au2510,2025-09-04 23:28:00,128036,813.38,813.44,813.2,813.42,472.0,137837.0,137827.0
au2510.SHFE,SHFE.au2510,2025-09-04 23:29:00,128037,813.42,813.64,813.42,813.54,280.0,137827.0,137809.0
au2510.SHFE,SHFE.au2510,2025-09-04 23:30:00,128038,813.54,813.74,813.52,813.68,149.0,137809.0,137799.0
au2510.SHFE,SHFE.au2510,2025-09-04 23:31:00,128039,813.68,813.78,813.56,813.74,186.0,137799.0,137808.0
au2510.SHFE,SHFE.au2510,2025-09-04 23:32:00,128040,813.74,813.86,813.68,813.82,203.0,137808.0,137777.0
au2510.SHFE,SHFE.au2510,2025-09-04 23:33:00,128041,813.82,814.16,813.78,814.08,386.0,137777.0,137735.0
au2510.SHFE,SHFE.au2510,2025-09-04 23:34:00,128042,814.08,814.08,813.88,813.88,160.0,137735.0,137755.0
au2510.SHFE,SHFE.au2510,2025-09-04 23:35:00,128043,813.88,813.96,813.56,813.64,338.0,137755.0,137756.0
au2510.SHFE,SHFE.au2510,2025-09-04 23:36:00,128044,813.64,813.96,813.56,813.94,238.0,137756.0,137742.0
au2510.SHFE,SHFE.au2510,2025-09-04 23:37:00,128045,813.94,814.1,813.94,814.04,178.0,137742.0,137752.0
au2510.SHFE,SHFE.au2510,2025-09-04 23:38:00,128046,814.04,814.1,813.92,814.0,166.0,137752.0,137759.0
au2510.SHFE,SHFE.au2510,2025-09-04 23:39:00,128047,814.0,814.24,814.0,814.24,173.0,137759.0,137757.0
au2510.SHFE,SHFE.au2510,2025-09-04 23:40:00,128048,814.24,814.46,814.24,814.46,320.0,137757.0,137761.0
au2510.SHFE,SHFE.au2510,2025-09-04 23:41:00,128049,814.46,814.52,814.4,814.46,470.0,137761.0,137722.0
au2510.SHFE,SHFE.au2510,2025-09-04 23:42:00,128050,814.46,814.66,814.46,814.52,328.0,137722.0,137741.0
au2510.SHFE,SHFE.au2510,2025-09-04 23:43:00,128051,814.52,814.72,814.46,814.54,303.0,137741.0,137737.0
au2510.SHFE,SHFE.au2510,2025-09-04 23:44:00,128052,814.54,814.68,814.5,814.56,165.0,137737.0,137747.0
au2510.SHFE,SHFE.au2510,2025-09-04 23:45:00,128053,814.56,814.86,814.56,814.8,247.0,137747.0,137745.0
au2510.SHFE,SHFE.au2510,2025-09-04 23:46:00,128054,814.8,814.94,814.74,814.76,301.0,137745.0,137764.0
au2510.SHFE,SHFE.au2510,2025-09-04 23:47:00,128055,814.76,814.78,814.62,814.64,376.0,137764.0,137788.0
au2510.SHFE,SHFE.au2510,2025-09-04 23:48:00,128056,814.64,814.98,814.64,814.88,291.0,137788.0,137737.0
au2510.SHFE,SHFE.au2510,2025-09-04 23:49:00,128057,814.88,814.94,814.84,814.88,148.0,137737.0,137752.0
au2510.SHFE,SHFE.au2510,2025-09-04 23:50:00,128058,814.88,814.88,814.68,814.7,201.0,137752.0,137745.0
au2510.SHFE,SHFE.au2510,2025-09-04 23:51:00,128059,814.7,814.88,814.7,814.76,101.0,137745.0,137763.0
au2510.SHFE,SHFE.au2510,2025-09-04 23:52:00,128060,814.76,814.86,814.72,814.84,122.0,137763.0,137790.0
au2510.SHFE,SHFE.au2510,2025-09-04 23:53:00,128061,814.84,815.08,814.84,815.0,441.0,137790.0,137873.0
au2510.SHFE,SHFE.au2510,2025-09-04 23:54:00,128062,815.0,815.2,814.98,815.1,304.0,137873.0,137844.0
au2510.SHFE,SHFE.au2510,2025-09-04 23:55:00,128063,815.1,815.12,815.02,815.08,173.0,137844.0,137893.0
au2510.SHFE,SHFE.au2510,2025-09-04 23:56:00,128064,815.08,815.28,815.06,815.26,234.0,137893.0,137919.0
au2510.SHFE,SHFE.au2510,2025-09-04 23:57:00,128065,815.26,815.3,815.2,815.24,319.0,137919.0,137862.0
au2510.SHFE,SHFE.au2510,2025-09-04 23:58:00,128066,815.24,815.32,815.2,815.28,95.0,137862.0,137865.0
au2510.SHFE,SHFE.au2510,2025-09-04 23:59:00,128067,815.28,815.34,815.14,815.32,248.0,137865.0,137872.0
au2510.SHFE,SHFE.au2510,2025-09-05 00:00:00,128068,815.32,815.46,815.16,815.42,352.0,137872.0,137894.0
au2510.SHFE,SHFE.au2510,2025-09-05 00:01:00,128069,815.42,815.6,815.28,815.3,331.0,137894.0,137906.0
au2510.SHFE,SHFE.au2510,2025-09-05 00:02:00,128070,815.3,815.46,815.22,815.38,267.0,137906.0,137951.0
au2510.SHFE,SHFE.au2510,2025-09-05 00:03:00,128071,815.38,815.46,815.22,815.24,178.0,137951.0,137977.0
au2510.SHFE,SHFE.au2510,2025-09-05 00:04:00,128072,815.24,815.3,815.08,815.16,331.0,137977.0,137944.0
au2510.SHFE,SHFE.au2510,2025-09-05 00:05:00,128073,815.16,815.18,814.88,814.92,400.0,137944.0,137987.0
au2510.SHFE,SHFE.au2510,2025-09-05 00:06:00,128074,814.92,815.2,814.92,815.12,332.0,137987.0,138011.0
au2510.SHFE,SHFE.au2510,2025-09-05 00:07:00,128075,815.12,815.2,814.98,815.1,235.0,138011.0,137968.0
au2510.SHFE,SHFE.au2510,2025-09-05 00:08:00,128076,815.1,815.2,815.04,815.18,104.0,137968.0,137977.0
au2510.SHFE,SHFE.au2510,2025-09-05 00:09:00,128077,815.18,815.26,815.08,815.2,145.0,137977.0,137938.0
au2510.SHFE,SHFE.au2510,2025-09-05 00:10:00,128078,815.2,815.36,815.06,815.1,149.0,137938.0,137915.0
au2510.SHFE,SHFE.au2510,2025-09-05 00:11:00,128079,815.1,815.2,815.06,815.16,95.0,137915.0,137919.0
au2510.SHFE,SHFE.au2510,2025-09-05 00:12:00,128080,815.16,815.22,815.12,815.22,82.0,137919.0,137911.0
au2510.SHFE,SHFE.au2510,2025-09-05 00:13:00,128081,815.22,815.36,815.12,815.36,193.0,137911.0,137914.0
au2510.SHFE,SHFE.au2510,2025-09-05 00:14:00,128082,815.36,815.48,815.32,815.42,238.0,137914.0,137923.0
au2510.SHFE,SHFE.au2510,2025-09-05 00:15:00,128083,815.42,815.44,815.26,815.34,186.0,137923.0,137947.0
au2510.SHFE,SHFE.au2510,2025-09-05 00:16:00,128084,815.34,815.42,815.26,815.36,90.0,137947.0,137953.0
au2510.SHFE,SHFE.au2510,2025-09-05 00:17:00,128085,815.36,815.42,815.26,815.36,59.0,137953.0,137960.0
au2510.SHFE,SHFE.au2510,2025-09-05 00:18:00,128086,815.36,815.42,815.34,815.36,73.0,137960.0,137953.0
au2510.SHFE,SHFE.au2510,2025-09-05 00:19:00,128087,815.36,815.4,815.3,815.38,58.0,137953.0,137955.0
au2510.SHFE,SHFE.au2510,2025-09-05 00:20:00,128088,815.38,815.52,815.36,815.38,145.0,137955.0,137966.0
au2510.SHFE,SHFE.au2510,2025-09-05 00:21:00,128089,815.38,815.74,815.32,815.38,472.0,137966.0,137931.0
au2510.SHFE,SHFE.au2510,2025-09-05 00:22:00,128090,815.38,815.48,815.28,815.34,164.0,137931.0,137926.0
au2510.SHFE,SHFE.au2510,2025-09-05 00:23:00,128091,815.34,815.36,814.9,814.96,536.0,137926.0,137933.0
au2510.SHFE,SHFE.au2510,2025-09-05 00:24:00,128092,814.96,815.04,814.86,815.04,237.0,137933.0,137910.0
au2510.SHFE,SHFE.au2510,2025-09-05 00:25:00,128093,815.04,815.24,815.04,815.04,256.0,137910.0,137875.0
au2510.SHFE,SHFE.au2510,2025-09-05 00:26:00,128094,815.04,815.18,814.92,814.98,183.0,137875.0,137833.0
au2510.SHFE,SHFE.au2510,2025-09-05 00:27:00,128095,814.98,815.0,814.7,814.7,327.0,137833.0,137840.0
au2510.SHFE,SHFE.au2510,2025-09-05 00:28:00,128096,814.7,815.06,814.7,815.0,230.0,137840.0,137822.0
au2510.SHFE,SHFE.au2510,2025-09-05 00:29:00,128097,815.0,815.18,815.0,815.08,139.0,137822.0,137814.0
au2510.SHFE,SHFE.au2510,2025-09-05 00:30:00,128098,815.08,815.14,814.94,815.0,109.0,137814.0,137790.0
au2510.SHFE,SHFE.au2510,2025-09-05 00:31:00,128099,815.0,815.06,814.82,814.84,148.0,137790.0,137769.0
au2510.SHFE,SHFE.au2510,2025-09-05 00:32:00,128100,814.84,815.1,814.84,815.1,110.0,137769.0,137787.0
au2510.SHFE,SHFE.au2510,2025-09-05 00:33:00,128101,815.1,815.28,815.1,815.24,158.0,137787.0,137803.0
au2510.SHFE,SHFE.au2510,2025-09-05 00:34:00,128102,815.24,815.24,815.02,815.14,133.0,137803.0,137792.0
au2510.SHFE,SHFE.au2510,2025-09-05 00:35:00,128103,815.14,815.18,815.1,815.14,45.0,137792.0,137781.0
au2510.SHFE,SHFE.au2510,2025-09-05 00:36:00,128104,815.14,815.24,815.14,815.22,73.0,137781.0,137765.0
au2510.SHFE,SHFE.au2510,2025-09-05 00:37:00,128105,815.22,815.36,815.22,815.3,167.0,137765.0,137768.0
au2510.SHFE,SHFE.au2510,2025-09-05 00:38:00,128106,815.3,815.36,815.18,815.26,121.0,137768.0,137779.0
au2510.SHFE,SHFE.au2510,2025-09-05 00:39:00,128107,815.26,815.28,814.92,814.96,158.0,137779.0,137774.0
au2510.SHFE,SHFE.au2510,2025-09-05 00:40:00,128108,814.96,815.08,814.94,814.98,143.0,137774.0,137784.0
au2510.SHFE,SHFE.au2510,2025-09-05 00:41:00,128109,814.98,815.14,814.96,815.14,76.0,137784.0,137775.0
au2510.SHFE,SHFE.au2510,2025-09-05 00:42:00,128110,815.14,815.14,815.0,815.08,101.0,137775.0,137779.0
au2510.SHFE,SHFE.au2510,2025-09-05 00:43:00,128111,815.08,815.1,814.96,814.96,43.0,137779.0,137770.0
au2510.SHFE,SHFE.au2510,2025-09-05 00:44:00,128112,814.96,815.0,814.84,814.86,120.0,137770.0,137767.0
au2510.SHFE,SHFE.au2510,2025-09-05 00:45:00,128113,814.86,815.0,814.82,814.86,116.0,137767.0,137722.0
au2510.SHFE,SHFE.au2510,2025-09-05 00:46:00,128114,814.86,814.86,814.74,814.84,314.0,137722.0,137810.0
au2510.SHFE,SHFE.au2510,2025-09-05 00:47:00,128115,814.84,814.88,814.58,814.74,184.0,137810.0,137817.0
au2510.SHFE,SHFE.au2510,2025-09-05 00:48:00,128116,814.74,814.74,814.54,814.56,172.0,137817.0,137774.0
au2510.SHFE,SHFE.au2510,2025-09-05 00:49:00,128117,814.56,814.56,814.24,814.4,400.0,137774.0,137712.0
au2510.SHFE,SHFE.au2510,2025-09-05 00:50:00,128118,814.4,814.54,814.28,814.54,191.0,137712.0,137693.0
au2510.SHFE,SHFE.au2510,2025-09-05 00:51:00,128119,814.54,814.64,814.42,814.56,175.0,137693.0,137694.0
au2510.SHFE,SHFE.au2510,2025-09-05 00:52:00,128120,814.56,814.74,814.56,814.7,159.0,137694.0,137663.0
au2510.SHFE,SHFE.au2510,2025-09-05 00:53:00,128121,814.7,814.82,814.66,814.8,125.0,137663.0,137651.0
au2510.SHFE,SHFE.au2510,2025-09-05 00:54:00,128122,814.8,814.84,814.66,814.8,110.0,137651.0,137639.0
au2510.SHFE,SHFE.au2510,2025-09-05 00:55:00,128123,814.8,814.9,814.76,814.86,258.0,137639.0,137538.0
au2510.SHFE,SHFE.au2510,2025-09-05 00:56:00,128124,814.86,814.9,814.78,814.86,187.0,137538.0,137479.0
au2510.SHFE,SHFE.au2510,2025-09-05 00:57:00,128125,814.86,815.02,814.86,815.0,204.0,137479.0,137452.0
au2510.SHFE,SHFE.au2510,2025-09-05 00:58:00,128126,815.0,815.0,814.86,814.9,119.0,137452.0,137419.0
au2510.SHFE,SHFE.au2510,2025-09-05 00:59:00,128127,814.9,815.1,814.9,815.06,117.0,137419.0,137433.0
au2510.SHFE,SHFE.au2510,2025-09-05 01:00:00,128128,815.06,815.1,814.98,815.02,75.0,137433.0,137463.0
au2510.SHFE,SHFE.au2510,2025-09-05 01:01:00,128129,815.02,815.16,815.02,815.16,72.0,137463.0,137470.0
au2510.SHFE,SHFE.au2510,2025-09-05 01:02:00,128130,815.16,815.18,815.04,815.14,86.0,137470.0,137475.0
au2510.SHFE,SHFE.au2510,2025-09-05 01:03:00,128131,815.14,815.18,815.1,815.12,63.0,137475.0,137471.0
au2510.SHFE,SHFE.au2510,2025-09-05 01:04:00,128132,815.12,815.22,815.06,815.08,90.0,137471.0,137444.0
au2510.SHFE,SHFE.au2510,2025-09-05 01:05:00,128133,815.08,815.2,815.0,815.2,89.0,137444.0,137442.0
au2510.SHFE,SHFE.au2510,2025-09-05 01:06:00,128134,815.2,815.36,815.18,815.36,170.0,137442.0,137495.0
au2510.SHFE,SHFE.au2510,2025-09-05 01:07:00,128135,815.36,815.42,815.28,815.42,123.0,137495.0,137503.0
au2510.SHFE,SHFE.au2510,2025-09-05 01:08:00,128136,815.42,815.46,815.28,815.36,133.0,137503.0,137519.0
au2510.SHFE,SHFE.au2510,2025-09-05 01:09:00,128137,815.36,815.38,815.28,815.32,58.0,137519.0,137531.0
au2510.SHFE,SHFE.au2510,2025-09-05 01:10:00,128138,815.32,815.32,815.14,815.14,155.0,137531.0,137475.0
au2510.SHFE,SHFE.au2510,2025-09-05 01:11:00,128139,815.14,815.18,815.08,815.08,80.0,137475.0,137454.0
au2510.SHFE,SHFE.au2510,2025-09-05 01:12:00,128140,815.08,815.14,814.92,814.96,146.0,137454.0,137446.0
au2510.SHFE,SHFE.au2510,2025-09-05 01:13:00,128141,814.96,815.04,814.88,815.0,110.0,137446.0,137461.0
au2510.SHFE,SHFE.au2510,2025-09-05 01:14:00,128142,815.0,815.04,814.92,814.94,52.0,137461.0,137464.0
au2510.SHFE,SHFE.au2510,2025-09-05 01:15:00,128143,814.94,814.96,814.8,814.82,120.0,137464.0,137447.0
au2510.SHFE,SHFE.au2510,2025-09-05 01:16:00,128144,814.82,814.9,814.74,814.8,96.0,137447.0,137422.0
au2510.SHFE,SHFE.au2510,2025-09-05 01:17:00,128145,814.8,815.02,814.78,815.0,123.0,137422.0,137409.0
au2510.SHFE,SHFE.au2510,2025-09-05 01:18:00,128146,815.0,815.02,814.84,814.84,107.0,137409.0,137401.0
au2510.SHFE,SHFE.au2510,2025-09-05 01:19:00,128147,814.84,814.94,814.84,814.92,43.0,137401.0,137401.0
au2510.SHFE,SHFE.au2510,2025-09-05 01:20:00,128148,814.92,814.92,814.76,814.78,77.0,137401.0,137397.0
au2510.SHFE,SHFE.au2510,2025-09-05 01:21:00,128149,814.78,814.86,814.72,814.72,51.0,137397.0,137387.0
au2510.SHFE,SHFE.au2510,2025-09-05 01:22:00,128150,814.72,814.8,814.66,814.7,67.0,137387.0,137370.0
au2510.SHFE,SHFE.au2510,2025-09-05 01:23:00,128151,814.7,814.7,814.54,814.62,109.0,137370.0,137349.0
au2510.SHFE,SHFE.au2510,2025-09-05 01:24:00,128152,814.62,814.64,814.58,814.64,68.0,137349.0,137371.0
au2510.SHFE,SHFE.au2510,2025-09-05 01:25:00,128153,814.64,814.7,814.48,814.48,121.0,137371.0,137382.0
au2510.SHFE,SHFE.au2510,2025-09-05 01:26:00,128154,814.48,814.48,814.32,814.42,117.0,137382.0,137393.0
au2510.SHFE,SHFE.au2510,2025-09-05 01:27:00,128155,814.42,814.46,813.88,813.98,423.0,137393.0,137372.0
au2510.SHFE,SHFE.au2510,2025-09-05 01:28:00,128156,813.98,814.2,813.98,814.02,178.0,137372.0,137394.0
au2510.SHFE,SHFE.au2510,2025-09-05 01:29:00,128157,814.02,814.42,814.02,814.32,210.0,137394.0,137375.0
au2510.SHFE,SHFE.au2510,2025-09-05 01:30:00,128158,814.32,814.42,814.04,814.04,110.0,137375.0,137377.0
au2510.SHFE,SHFE.au2510,2025-09-05 01:31:00,128159,814.04,814.16,813.98,814.14,146.0,137377.0,137367.0
au2510.SHFE,SHFE.au2510,2025-09-05 01:32:00,128160,814.14,814.3,814.08,814.12,95.0,137367.0,137362.0
au2510.SHFE,SHFE.au2510,2025-09-05 01:33:00,128161,814.12,814.12,813.78,813.82,163.0,137362.0,137369.0
au2510.SHFE,SHFE.au2510,2025-09-05 01:34:00,128162,813.82,813.9,813.52,813.56,174.0,137369.0,137411.0
au2510.SHFE,SHFE.au2510,2025-09-05 01:35:00,128163,813.56,813.58,813.3,813.44,309.0,137411.0,137393.0
au2510.SHFE,SHFE.au2510,2025-09-05 01:36:00,128164,813.44,813.66,813.4,813.62,195.0,137393.0,137331.0
au2510.SHFE,SHFE.au2510,2025-09-05 01:37:00,128165,813.62,813.66,813.46,813.52,110.0,137331.0,137309.0
au2510.SHFE,SHFE.au2510,2025-09-05 01:38:00,128166,813.52,813.82,813.52,813.78,173.0,137309.0,137298.0
au2510.SHFE,SHFE.au2510,2025-09-05 01:39:00,128167,813.78,813.84,813.64,813.66,126.0,137298.0,137293.0
au2510.SHFE,SHFE.au2510,2025-09-05 01:40:00,128168,813.66,813.74,813.54,813.7,84.0,137293.0,137285.0
au2510.SHFE,SHFE.au2510,2025-09-05 01:41:00,128169,813.7,813.84,813.68,813.74,102.0,137285.0,137308.0
au2510.SHFE,SHFE.au2510,2025-09-05 01:42:00,128170,813.74,813.78,813.7,813.74,42.0,137308.0,137314.0
au2510.SHFE,SHFE.au2510,2025-09-05 01:43:00,128171,813.74,813.86,813.74,813.82,72.0,137314.0,137309.0
au2510.SHFE,SHFE.au2510,2025-09-05 01:44:00,128172,813.82,813.82,813.64,813.78,81.0,137309.0,137298.0
au2510.SHFE,SHFE.au2510,2025-09-05 01:45:00,128173,813.78,813.78,813.6,813.6,47.0,137298.0,137297.0
au2510.SHFE,SHFE.au2510,2025-09-05 01:46:00,128174,813.6,813.6,813.1,813.12,288.0,137297.0,137323.0
au2510.SHFE,SHFE.au2510,2025-09-05 01:47:00,128175,813.12,813.22,813.08,813.12,207.0,137323.0,137286.0
au2510.SHFE,SHFE.au2510,2025-09-05 01:48:00,128176,813.12,813.46,813.12,813.28,130.0,137286.0,137273.0
au2510.SHFE,SHFE.au2510,2025-09-05 01:49:00,128177,813.28,813.4,813.2,813.24,89.0,137273.0,137272.0
au2510.SHFE,SHFE.au2510,2025-09-05 01:50:00,128178,813.24,813.42,813.16,813.42,92.0,137272.0,137261.0
au2510.SHFE,SHFE.au2510,2025-09-05 01:51:00,128179,813.42,813.46,813.18,813.2,82.0,137261.0,137254.0
au2510.SHFE,SHFE.au2510,2025-09-05 01:52:00,128180,813.2,813.46,813.2,813.34,53.0,137254.0,137243.0
au2510.SHFE,SHFE.au2510,2025-09-05 01:53:00,128181,813.34,813.4,813.18,813.2,86.0,137243.0,137225.0
au2510.SHFE,SHFE.au2510,2025-09-05 01:54:00,128182,813.2,813.28,813.2,813.22,36.0,137225.0,137222.0
au2510.SHFE,SHFE.au2510,2025-09-05 01:55:00,128183,813.22,813.24,813.1,813.18,112.0,137222.0,137204.0
au2510.SHFE,SHFE.au2510,2025-09-05 01:56:00,128184,813.18,813.22,813.04,813.12,106.0,137204.0,137202.0
au2510.SHFE,SHFE.au2510,2025-09-05 01:57:00,128185,813.12,813.24,813.08,813.12,83.0,137202.0,137184.0
au2510.SHFE,SHFE.au2510,2025-09-05 01:58:00,128186,813.12,813.22,813.1,813.18,109.0,137184.0,137176.0
au2510.SHFE,SHFE.au2510,2025-09-05 01:59:00,128187,813.18,813.28,813.14,813.2,66.0,137176.0,137171.0
au2510.SHFE,SHFE.au2510,2025-09-05 02:00:00,128188,813.2,813.38,813.2,813.32,136.0,137171.0,137172.0
au2510.SHFE,SHFE.au2510,2025-09-05 02:01:00,128189,813.32,813.32,812.96,812.98,244.0,137172.0,137140.0
au2510.SHFE,SHFE.au2510,2025-09-05 02:02:00,128190,812.98,813.28,812.96,813.28,114.0,137140.0,137126.0
au2510.SHFE,SHFE.au2510,2025-09-05 02:03:00,128191,813.28,813.38,813.28,813.36,71.0,137126.0,137111.0
au2510.SHFE,SHFE.au2510,2025-09-05 02:04:00,128192,813.36,813.62,813.36,813.38,182.0,137111.0,137108.0
au2510.SHFE,SHFE.au2510,2025-09-05 02:05:00,128193,813.38,813.62,813.36,813.5,116.0,137108.0,137131.0
au2510.SHFE,SHFE.au2510,2025-09-05 02:06:00,128194,813.5,813.6,813.44,813.46,59.0,137131.0,137122.0
au2510.SHFE,SHFE.au2510,2025-09-05 02:07:00,128195,813.46,813.56,813.4,813.4,53.0,137122.0,137130.0
au2510.SHFE,SHFE.au2510,2025-09-05 02:08:00,128196,813.4,813.66,813.38,813.64,58.0,137130.0,137122.0
au2510.SHFE,SHFE.au2510,2025-09-05 02:09:00,128197,813.64,813.64,813.54,813.54,50.0,137122.0,137106.0
au2510.SHFE,SHFE.au2510,2025-09-05 02:10:00,128198,813.54,813.54,813.3,813.48,91.0,137106.0,137087.0
au2510.SHFE,SHFE.au2510,2025-09-05 02:11:00,128199,813.48,813.48,813.24,813.36,97.0,137087.0,137081.0
au2510.SHFE,SHFE.au2510,2025-09-05 02:12:00,128200,813.36,813.5,813.36,813.36,39.0,137081.0,137080.0
au2510.SHFE,SHFE.au2510,2025-09-05 02:13:00,128201,813.36,813.38,813.22,813.26,73.0,137080.0,137077.0
au2510.SHFE,SHFE.au2510,2025-09-05 02:14:00,128202,813.26,813.28,813.08,813.2,104.0,137077.0,137046.0
au2510.SHFE,SHFE.au2510,2025-09-05 02:15:00,128203,813.2,813.3,813.08,813.26,71.0,137046.0,137031.0
au2510.SHFE,SHFE.au2510,2025-09-05 02:16:00,128204,813.26,813.34,813.22,813.26,58.0,137031.0,137014.0
au2510.SHFE,SHFE.au2510,2025-09-05 02:17:00,128205,813.26,813.34,813.26,813.3,56.0,137014.0,136990.0
au2510.SHFE,SHFE.au2510,2025-09-05 02:18:00,128206,813.3,813.3,813.16,813.16,60.0,136990.0,136984.0
au2510.SHFE,SHFE.au2510,2025-09-05 02:19:00,128207,813.16,813.22,813.06,813.1,72.0,136984.0,136972.0
au2510.SHFE,SHFE.au2510,2025-09-05 02:20:00,128208,813.1,813.34,813.1,813.3,58.0,136972.0,136963.0
au2510.SHFE,SHFE.au2510,2025-09-05 02:21:00,128209,813.3,813.34,813.24,813.3,45.0,136963.0,136958.0
au2510.SHFE,SHFE.au2510,2025-09-05 02:22:00,128210,813.3,813.48,813.24,813.46,85.0,136958.0,136949.0
au2510.SHFE,SHFE.au2510,2025-09-05 02:23:00,128211,813.46,813.56,813.42,813.42,89.0,136949.0,136917.0
au2510.SHFE,SHFE.au2510,2025-09-05 02:24:00,128212,813.42,813.48,813.18,813.2,95.0,136917.0,136914.0
au2510.SHFE,SHFE.au2510,2025-09-05 02:25:00,128213,813.2,813.42,813.18,813.36,75.0,136914.0,136902.0
au2510.SHFE,SHFE.au2510,2025-09-05 02:26:00,128214,813.36,813.44,813.34,813.44,67.0,136902.0,136902.0
au2510.SHFE,SHFE.au2510,2025-09-05 02:27:00,128215,813.44,813.6,813.42,813.58,72.0,136902.0,136877.0
au2510.SHFE,SHFE.au2510,2025-09-05 02:28:00,128216,813.58,813.76,813.5,813.62,121.0,136877.0,136820.0
au2510.SHFE,SHFE.au2510,2025-09-05 02:29:00,128217,813.62,813.7,813.32,813.44,257.0,136820.0,136730.0
au2510.SHFE,SHFE.au2510,2025-09-05 09:00:00,128218,814.6,815.42,814.6,815.18,1459.0,136730.0,136841.0
au2510.SHFE,SHFE.au2510,2025-09-05 09:01:00,128219,815.18,815.38,815.12,815.22,635.0,136841.0,136931.0
au2510.SHFE,SHFE.au2510,2025-09-05 09:02:00,128220,815.22,815.62,815.22,815.48,788.0,136931.0,137008.0
au2510.SHFE,SHFE.au2510,2025-09-05 09:03:00,128221,815.48,815.54,815.22,815.22,403.0,137008.0,137020.0
au2510.SHFE,SHFE.au2510,2025-09-05 09:04:00,128222,815.22,815.5,815.06,815.46,475.0,137020.0,137033.0
au2510.SHFE,SHFE.au2510,2025-09-05 09:05:00,128223,815.46,815.72,815.46,815.66,537.0,137033.0,137080.0
au2510.SHFE,SHFE.au2510,2025-09-05 09:06:00,128224,815.66,815.98,815.66,815.98,544.0,137080.0,137101.0
au2510.SHFE,SHFE.au2510,2025-09-05 09:07:00,128225,815.98,816.08,815.78,815.92,855.0,137101.0,137047.0
au2510.SHFE,SHFE.au2510,2025-09-05 09:08:00,128226,815.92,816.06,815.62,815.72,455.0,137047.0,137029.0
au2510.SHFE,SHFE.au2510,2025-09-05 09:09:00,128227,815.72,815.76,815.34,815.44,451.0,137029.0,136988.0
au2510.SHFE,SHFE.au2510,2025-09-05 09:10:00,128228,815.44,815.68,815.26,815.3,555.0,136988.0,136895.0
au2510.SHFE,SHFE.au2510,2025-09-05 09:11:00,128229,815.3,815.38,815.08,815.28,368.0,136895.0,136823.0
au2510.SHFE,SHFE.au2510,2025-09-05 09:12:00,128230,815.28,815.3,815.04,815.12,269.0,136823.0,136796.0
au2510.SHFE,SHFE.au2510,2025-09-05 09:13:00,128231,815.12,815.28,815.02,815.04,358.0,136796.0,136793.0
au2510.SHFE,SHFE.au2510,2025-09-05 09:14:00,128232,815.04,815.26,814.88,815.22,388.0,136793.0,136767.0
au2510.SHFE,SHFE.au2510,2025-09-05 09:15:00,128233,815.22,815.22,814.94,815.18,289.0,136767.0,136780.0
au2510.SHFE,SHFE.au2510,2025-09-05 09:16:00,128234,815.18,815.36,815.06,815.34,250.0,136780.0,136733.0
au2510.SHFE,SHFE.au2510,2025-09-05 09:17:00,128235,815.34,815.6,815.34,815.56,249.0,136733.0,136738.0
au2510.SHFE,SHFE.au2510,2025-09-05 09:18:00,128236,815.56,815.56,815.44,815.46,172.0,136738.0,136766.0
au2510.SHFE,SHFE.au2510,2025-09-05 09:19:00,128237,815.46,815.74,815.46,815.7,227.0,136766.0,136782.0
au2510.SHFE,SHFE.au2510,2025-09-05 09:20:00,128238,815.7,815.82,815.62,815.66,200.0,136782.0,136782.0
au2510.SHFE,SHFE.au2510,2025-09-05 09:21:00,128239,815.66,815.76,815.62,815.76,153.0,136782.0,136790.0
au2510.SHFE,SHFE.au2510,2025-09-05 09:22:00,128240,815.76,815.76,815.5,815.52,234.0,136790.0,136766.0
au2510.SHFE,SHFE.au2510,2025-09-05 09:23:00,128241,815.52,815.58,815.5,815.54,112.0,136766.0,136737.0
au2510.SHFE,SHFE.au2510,2025-09-05 09:24:00,128242,815.54,815.72,815.54,815.6,109.0,136737.0,136727.0
au2510.SHFE,SHFE.au2510,2025-09-05 09:25:00,128243,815.6,815.68,815.54,815.64,158.0,136727.0,136721.0
au2510.SHFE,SHFE.au2510,2025-09-05 09:26:00,128244,815.64,815.68,815.58,815.66,99.0,136721.0,136718.0
au2510.SHFE,SHFE.au2510,2025-09-05 09:27:00,128245,815.66,815.78,815.58,815.76,170.0,136718.0,136702.0
au2510.SHFE,SHFE.au2510,2025-09-05 09:28:00,128246,815.76,815.9,815.66,815.9,190.0,136702.0,136717.0
au2510.SHFE,SHFE.au2510,2025-09-05 09:29:00,128247,815.9,815.94,815.76,815.86,302.0,136717.0,136764.0
au2510.SHFE,SHFE.au2510,2025-09-05 09:30:00,128248,815.86,815.94,815.58,815.62,299.0,136764.0,136789.0
au2510.SHFE,SHFE.au2510,2025-09-05 09:31:00,128249,815.62,815.72,815.38,815.68,279.0,136789.0,136794.0
au2510.SHFE,SHFE.au2510,2025-09-05 09:32:00,128250,815.68,815.8,815.62,815.64,91.0,136794.0,136785.0
au2510.SHFE,SHFE.au2510,2025-09-05 09:33:00,128251,815.64,815.92,815.5,815.52,235.0,136785.0,136781.0
au2510.SHFE,SHFE.au2510,2025-09-05 09:34:00,128252,815.52,815.68,815.5,815.6,170.0,136781.0,136718.0
au2510.SHFE,SHFE.au2510,2025-09-05 09:35:00,128253,815.6,815.62,815.2,815.3,258.0,136718.0,136689.0
au2510.SHFE,SHFE.au2510,2025-09-05 09:36:00,128254,815.3,815.38,815.2,815.24,94.0,136689.0,136677.0
au2510.SHFE,SHFE.au2510,2025-09-05 09:37:00,128255,815.24,815.36,815.18,815.3,88.0,136677.0,136660.0
au2510.SHFE,SHFE.au2510,2025-09-05 09:38:00,128256,815.3,815.68,815.3,815.64,147.0,136660.0,136669.0
au2510.SHFE,SHFE.au2510,2025-09-05 09:39:00,128257,815.64,815.68,815.46,815.52,134.0,136669.0,136655.0
au2510.SHFE,SHFE.au2510,2025-09-05 09:40:00,128258,815.52,815.6,815.4,815.56,79.0,136655.0,136645.0
au2510.SHFE,SHFE.au2510,2025-09-05 09:41:00,128259,815.56,816.18,815.56,816.12,515.0,136645.0,136664.0
au2510.SHFE,SHFE.au2510,2025-09-05 09:42:00,128260,816.12,816.26,815.98,816.1,453.0,136664.0,136659.0
au2510.SHFE,SHFE.au2510,2025-09-05 09:43:00,128261,816.1,816.12,815.56,815.7,462.0,136659.0,136617.0
au2510.SHFE,SHFE.au2510,2025-09-05 09:44:00,128262,815.7,815.9,815.54,815.66,256.0,136617.0,136647.0
au2510.SHFE,SHFE.au2510,2025-09-05 09:45:00,128263,815.66,815.76,815.48,815.54,228.0,136647.0,136591.0
au2510.SHFE,SHFE.au2510,2025-09-05 09:46:00,128264,815.54,815.68,815.52,815.66,121.0,136591.0,136581.0
au2510.SHFE,SHFE.au2510,2025-09-05 09:47:00,128265,815.66,815.7,815.26,815.34,245.0,136581.0,136526.0
au2510.SHFE,SHFE.au2510,2025-09-05 09:48:00,128266,815.34,815.48,815.26,815.42,224.0,136526.0,136486.0
au2510.SHFE,SHFE.au2510,2025-09-05 09:49:00,128267,815.42,815.44,815.1,815.16,300.0,136486.0,136464.0
au2510.SHFE,SHFE.au2510,2025-09-05 09:50:00,128268,815.16,815.2,815.0,815.18,430.0,136464.0,136341.0
au2510.SHFE,SHFE.au2510,2025-09-05 09:51:00,128269,815.18,815.36,815.12,815.34,271.0,136341.0,136278.0
au2510.SHFE,SHFE.au2510,2025-09-05 09:52:00,128270,815.34,815.38,815.08,815.1,163.0,136278.0,136245.0
au2510.SHFE,SHFE.au2510,2025-09-05 09:53:00,128271,815.1,815.14,815.02,815.1,183.0,136245.0,136225.0
au2510.SHFE,SHFE.au2510,2025-09-05 09:54:00,128272,815.1,815.14,814.72,814.76,364.0,136225.0,136162.0
au2510.SHFE,SHFE.au2510,2025-09-05 09:55:00,128273,814.76,814.9,814.74,814.86,191.0,136162.0,136154.0
au2510.SHFE,SHFE.au2510,2025-09-05 09:56:00,128274,814.86,815.2,814.84,815.12,211.0,136154.0,136100.0
au2510.SHFE,SHFE.au2510,2025-09-05 09:57:00,128275,815.12,815.18,815.02,815.12,132.0,136100.0,136091.0
au2510.SHFE,SHFE.au2510,2025-09-05 09:58:00,128276,815.12,815.16,815.04,815.06,161.0,136091.0,136069.0
au2510.SHFE,SHFE.au2510,2025-09-05 09:59:00,128277,815.06,815.24,815.06,815.14,254.0,136069.0,135994.0
au2510.SHFE,SHFE.au2510,2025-09-05 10:00:00,128278,815.14,815.18,814.82,814.96,263.0,135994.0,135977.0
au2510.SHFE,SHFE.au2510,2025-09-05 10:01:00,128279,814.96,815.34,814.96,815.14,322.0,135977.0,135931.0
au2510.SHFE,SHFE.au2510,2025-09-05 10:02:00,128280,815.14,815.14,814.9,814.96,182.0,135931.0,135920.0
au2510.SHFE,SHFE.au2510,2025-09-05 10:03:00,128281,814.96,815.02,814.88,815.02,185.0,135920.0,135891.0
au2510.SHFE,SHFE.au2510,2025-09-05 10:04:00,128282,815.02,815.2,815.02,815.12,193.0,135891.0,135883.0
au2510.SHFE,SHFE.au2510,2025-09-05 10:05:00,128283,815.12,815.28,815.1,815.28,161.0,135883.0,135860.0
au2510.SHFE,SHFE.au2510,2025-09-05 10:06:00,128284,815.28,815.62,815.24,815.4,362.0,135860.0,135800.0
au2510.SHFE,SHFE.au2510,2025-09-05 10:07:00,128285,815.4,815.46,815.3,815.4,244.0,135800.0,135757.0
au2510.SHFE,SHFE.au2510,2025-09-05 10:08:00,128286,815.4,815.44,815.2,815.22,231.0,135757.0,135746.0
au2510.SHFE,SHFE.au2510,2025-09-05 10:09:00,128287,815.22,815.24,815.1,815.2,152.0,135746.0,135749.0
au2510.SHFE,SHFE.au2510,2025-09-05 10:10:00,128288,815.2,815.24,815.0,815.04,220.0,135749.0,135709.0
au2510.SHFE,SHFE.au2510,2025-09-05 10:11:00,128289,815.04,815.06,814.9,814.98,155.0,135709.0,135713.0
au2510.SHFE,SHFE.au2510,2025-09-05 10:12:00,128290,814.98,815.16,814.84,815.16,217.0,135713.0,135665.0
au2510.SHFE,SHFE.au2510,2025-09-05 10:13:00,128291,815.16,815.16,814.94,815.0,87.0,135665.0,135643.0
au2510.SHFE,SHFE.au2510,2025-09-05 10:14:00,128292,815.0,815.0,814.8,814.8,226.0,135643.0,135593.0
au2510.SHFE,SHFE.au2510,2025-09-05 10:30:00,128293,814.68,814.68,813.8,813.88,1033.0,135593.0,135547.0
au2510.SHFE,SHFE.au2510,2025-09-05 10:31:00,128294,813.88,814.1,813.54,813.58,680.0,135547.0,135449.0
au2510.SHFE,SHFE.au2510,2025-09-05 10:32:00,128295,813.58,813.88,813.4,813.64,543.0,135449.0,135413.0
au2510.SHFE,SHFE.au2510,2025-09-05 10:33:00,128296,813.64,813.84,813.5,813.74,494.0,135413.0,135339.0
au2510.SHFE,SHFE.au2510,2025-09-05 10:34:00,128297,813.74,813.9,813.66,813.86,300.0,135339.0,135340.0
au2510.SHFE,SHFE.au2510,2025-09-05 10:35:00,128298,813.86,813.94,813.7,813.86,246.0,135340.0,135344.0
au2510.SHFE,SHFE.au2510,2025-09-05 10:36:00,128299,813.86,814.16,813.84,814.1,309.0,135344.0,135310.0
au2510.SHFE,SHFE.au2510,2025-09-05 10:37:00,128300,814.1,814.44,814.1,814.44,263.0,135310.0,135268.0
au2510.SHFE,SHFE.au2510,2025-09-05 10:38:00,128301,814.44,814.52,814.18,814.24,446.0,135268.0,135186.0
au2510.SHFE,SHFE.au2510,2025-09-05 10:39:00,128302,814.24,814.28,814.0,814.18,557.0,135186.0,134922.0
au2510.SHFE,SHFE.au2510,2025-09-05 10:40:00,128303,814.18,814.6,814.18,814.6,218.0,134922.0,134902.0
au2510.SHFE,SHFE.au2510,2025-09-05 10:41:00,128304,814.6,814.64,814.42,814.5,224.0,134902.0,134893.0
au2510.SHFE,SHFE.au2510,2025-09-05 10:42:00,128305,814.5,814.56,814.46,814.52,93.0,134893.0,134888.0
au2510.SHFE,SHFE.au2510,2025-09-05 10:43:00,128306,814.52,814.58,814.38,814.42,148.0,134888.0,134866.0
au2510.SHFE,SHFE.au2510,2025-09-05 10:44:00,128307,814.42,814.48,814.26,814.36,158.0,134866.0,134860.0
au2510.SHFE,SHFE.au2510,2025-09-05 10:45:00,128308,814.36,814.4,814.04,814.08,188.0,134860.0,134851.0
au2510.SHFE,SHFE.au2510,2025-09-05 10:46:00,128309,814.08,814.3,814.08,814.3,179.0,134851.0,134890.0
au2510.SHFE,SHFE.au2510,2025-09-05 10:47:00,128310,814.3,814.3,814.24,814.24,140.0,134890.0,134953.0
au2510.SHFE,SHFE.au2510,2025-09-05 10:48:00,128311,814.24,814.24,814.04,814.16,153.0,134953.0,134961.0
au2510.SHFE,SHFE.au2510,2025-09-05 10:49:00,128312,814.16,814.34,814.16,814.3,132.0,134961.0,134947.0
au2510.SHFE,SHFE.au2510,2025-09-05 10:50:00,128313,814.3,814.66,814.3,814.62,205.0,134947.0,134952.0
au2510.SHFE,SHFE.au2510,2025-09-05 10:51:00,128314,814.62,814.9,814.62,814.82,282.0,134952.0,134900.0
au2510.SHFE,SHFE.au2510,2025-09-05 10:52:00,128315,814.82,814.88,814.54,814.54,186.0,134900.0,134928.0
au2510.SHFE,SHFE.au2510,2025-09-05 10:53:00,128316,814.54,814.64,814.52,814.56,224.0,134928.0,134982.0
au2510.SHFE,SHFE.au2510,2025-09-05 10:54:00,128317,814.56,814.76,814.5,814.76,215.0,134982.0,134974.0
au2510.SHFE,SHFE.au2510,2025-09-05 10:55:00,128318,814.76,814.78,814.56,814.6,121.0,134974.0,134995.0
au2510.SHFE,SHFE.au2510,2025-09-05 10:56:00,128319,814.6,814.66,814.56,814.64,148.0,134995.0,135017.0
au2510.SHFE,SHFE.au2510,2025-09-05 10:57:00,128320,814.64,814.64,814.48,814.48,60.0,135017.0,135017.0
au2510.SHFE,SHFE.au2510,2025-09-05 10:58:00,128321,814.48,814.56,814.42,814.56,150.0,135017.0,135035.0
au2510.SHFE,SHFE.au2510,2025-09-05 10:59:00,128322,814.56,814.8,814.56,814.72,151.0,135035.0,135026.0
au2510.SHFE,SHFE.au2510,2025-09-05 11:00:00,128323,814.72,814.8,814.7,814.7,92.0,135026.0,135017.0
au2510.SHFE,SHFE.au2510,2025-09-05 11:01:00,128324,814.7,814.76,814.54,814.54,147.0,135017.0,135008.0
au2510.SHFE,SHFE.au2510,2025-09-05 11:02:00,128325,814.54,814.54,814.36,814.42,124.0,135008.0,135026.0
au2510.SHFE,SHFE.au2510,2025-09-05 11:03:00,128326,814.42,814.42,814.16,814.32,239.0,135026.0,134928.0
au2510.SHFE,SHFE.au2510,2025-09-05 11:04:00,128327,814.32,814.32,814.14,814.24,151.0,134928.0,134928.0
au2510.SHFE,SHFE.au2510,2025-09-05 11:05:00,128328,814.24,814.32,814.1,814.22,110.0,134928.0,134919.0
au2510.SHFE,SHFE.au2510,2025-09-05 11:06:00,128329,814.22,814.4,814.22,814.38,96.0,134919.0,134919.0
au2510.SHFE,SHFE.au2510,2025-09-05 11:07:00,128330,814.38,814.5,814.28,814.44,248.0,134919.0,134836.0
au2510.SHFE,SHFE.au2510,2025-09-05 11:08:00,128331,814.44,814.54,814.44,814.52,72.0,134836.0,134829.0
au2510.SHFE,SHFE.au2510,2025-09-05 11:09:00,128332,814.52,815.22,814.52,815.18,568.0,134829.0,134769.0
au2510.SHFE,SHFE.au2510,2025-09-05 11:10:00,128333,815.18,815.22,815.04,815.2,263.0,134769.0,134797.0
au2510.SHFE,SHFE.au2510,2025-09-05 11:11:00,128334,815.2,815.2,814.96,815.08,182.0,134797.0,134779.0
au2510.SHFE,SHFE.au2510,2025-09-05 11:12:00,128335,815.08,815.2,815.0,815.12,185.0,134779.0,134776.0
au2510.SHFE,SHFE.au2510,2025-09-05 11:13:00,128336,815.12,815.16,815.0,815.08,107.0,134776.0,134759.0
au2510.SHFE,SHFE.au2510,2025-09-05 11:14:00,128337,815.08,815.14,814.98,815.14,155.0,134759.0,134776.0
au2510.SHFE,SHFE.au2510,2025-09-05 11:15:00,128338,815.14,815.16,815.0,815.1,93.0,134776.0,134788.0
au2510.SHFE,SHFE.au2510,2025-09-05 11:16:00,128339,815.1,815.14,815.02,815.12,73.0,134788.0,134793.0
au2510.SHFE,SHFE.au2510,2025-09-05 11:17:00,128340,815.12,815.12,815.02,815.06,116.0,134793.0,134827.0
au2510.SHFE,SHFE.au2510,2025-09-05 11:18:00,128341,815.06,815.38,815.06,815.36,257.0,134827.0,134853.0
au2510.SHFE,SHFE.au2510,2025-09-05 11:19:00,128342,815.36,815.38,815.08,815.12,117.0,134853.0,134849.0
au2510.SHFE,SHFE.au2510,2025-09-05 11:20:00,128343,815.12,815.36,815.08,815.36,134.0,134849.0,134858.0
au2510.SHFE,SHFE.au2510,2025-09-05 11:21:00,128344,815.36,815.38,815.18,815.24,145.0,134858.0,134862.0
au2510.SHFE,SHFE.au2510,2025-09-05 11:22:00,128345,815.24,815.34,815.22,815.3,59.0,134862.0,134868.0
au2510.SHFE,SHFE.au2510,2025-09-05 11:23:00,128346,815.3,815.38,815.26,815.3,113.0,134868.0,134862.0
au2510.SHFE,SHFE.au2510,2025-09-05 11:24:00,128347,815.3,815.42,815.26,815.3,160.0,134862.0,134844.0
au2510.SHFE,SHFE.au2510,2025-09-05 11:25:00,128348,815.3,815.34,815.08,815.28,100.0,134844.0,134841.0
au2510.SHFE,SHFE.au2510,2025-09-05 11:26:00,128349,815.28,815.32,815.22,815.32,83.0,134841.0,134839.0
au2510.SHFE,SHFE.au2510,2025-09-05 11:27:00,128350,815.32,815.46,815.22,815.46,211.0,134839.0,134836.0
au2510.SHFE,SHFE.au2510,2025-09-05 11:28:00,128351,815.46,815.5,815.32,815.32,181.0,134836.0,134814.0
au2510.SHFE,SHFE.au2510,2025-09-05 11:29:00,128352,815.32,815.34,815.1,815.2,284.0,134814.0,134772.0
au2510.SHFE,SHFE.au2510,2025-09-05 13:30:00,128353,815.64,815.94,815.64,815.88,718.0,134772.0,134879.0
au2510.SHFE,SHFE.au2510,2025-09-05 13:31:00,128354,815.88,816.06,815.88,816.0,500.0,134879.0,134876.0
au2510.SHFE,SHFE.au2510,2025-09-05 13:32:00,128355,816.0,816.38,815.98,816.34,590.0,134876.0,134955.0
au2510.SHFE,SHFE.au2510,2025-09-05 13:33:00,128356,816.34,816.36,815.94,815.94,327.0,134955.0,134944.0
au2510.SHFE,SHFE.au2510,2025-09-05 13:34:00,128357,815.94,816.18,815.94,816.04,202.0,134944.0,134978.0
au2510.SHFE,SHFE.au2510,2025-09-05 13:35:00,128358,816.04,816.24,816.02,816.22,240.0,134978.0,135011.0
au2510.SHFE,SHFE.au2510,2025-09-05 13:36:00,128359,816.22,816.58,816.22,816.48,362.0,135011.0,135047.0
au2510.SHFE,SHFE.au2510,2025-09-05 13:37:00,128360,816.48,816.5,816.18,816.22,203.0,135047.0,135058.0
au2510.SHFE,SHFE.au2510,2025-09-05 13:38:00,128361,816.22,816.32,816.18,816.32,151.0,135058.0,135097.0
au2510.SHFE,SHFE.au2510,2025-09-05 13:39:00,128362,816.32,816.42,816.2,816.26,181.0,135097.0,135116.0
au2510.SHFE,SHFE.au2510,2025-09-05 13:40:00,128363,816.26,816.36,816.14,816.14,258.0,135116.0,135099.0
au2510.SHFE,SHFE.au2510,2025-09-05 13:41:00,128364,816.14,816.2,816.04,816.06,253.0,135099.0,135056.0
au2510.SHFE,SHFE.au2510,2025-09-05 13:42:00,128365,816.06,816.26,816.06,816.06,173.0,135056.0,135036.0
au2510.SHFE,SHFE.au2510,2025-09-05 13:43:00,128366,816.06,816.12,816.0,816.04,122.0,135036.0,135013.0
au2510.SHFE,SHFE.au2510,2025-09-05 13:44:00,128367,816.04,816.16,815.86,815.88,315.0,135013.0,134996.0
au2510.SHFE,SHFE.au2510,2025-09-05 13:45:00,128368,815.88,816.08,815.86,816.08,219.0,134996.0,134994.0
au2510.SHFE,SHFE.au2510,2025-09-05 13:46:00,128369,816.08,816.18,816.02,816.06,123.0,134994.0,135016.0
au2510.SHFE,SHFE.au2510,2025-09-05 13:47:00,128370,816.06,816.14,815.94,816.12,115.0,135016.0,135038.0
au2510.SHFE,SHFE.au2510,2025-09-05 13:48:00,128371,816.12,816.34,816.1,816.32,210.0,135038.0,135033.0
au2510.SHFE,SHFE.au2510,2025-09-05 13:49:00,128372,816.32,816.58,816.3,816.44,342.0,135033.0,135072.0
au2510.SHFE,SHFE.au2510,2025-09-05 13:50:00,128373,816.44,816.46,816.26,816.38,285.0,135072.0,135085.0
au2510.SHFE,SHFE.au2510,2025-09-05 13:51:00,128374,816.38,816.4,816.32,816.32,116.0,135085.0,135074.0
au2510.SHFE,SHFE.au2510,2025-09-05 13:52:00,128375,816.32,816.32,816.14,816.16,113.0,135074.0,135074.0
au2510.SHFE,SHFE.au2510,2025-09-05 13:53:00,128376,816.16,816.2,816.02,816.14,355.0,135074.0,135112.0
au2510.SHFE,SHFE.au2510,2025-09-05 13:54:00,128377,816.14,816.26,816.0,816.26,158.0,135112.0,135101.0
au2510.SHFE,SHFE.au2510,2025-09-05 13:55:00,128378,816.26,816.4,816.1,816.16,236.0,135101.0,135070.0
au2510.SHFE,SHFE.au2510,2025-09-05 13:56:00,128379,816.16,816.5,816.12,816.38,239.0,135070.0,135081.0
au2510.SHFE,SHFE.au2510,2025-09-05 13:57:00,128380,816.38,816.5,816.3,816.42,225.0,135081.0,135084.0
au2510.SHFE,SHFE.au2510,2025-09-05 13:58:00,128381,816.42,816.52,816.3,816.3,245.0,135084.0,135074.0
au2510.SHFE,SHFE.au2510,2025-09-05 13:59:00,128382,816.3,816.46,816.3,816.46,239.0,135074.0,135030.0
au2510.SHFE,SHFE.au2510,2025-09-05 14:00:00,128383,816.46,816.46,816.14,816.14,231.0,135030.0,135010.0
au2510.SHFE,SHFE.au2510,2025-09-05 14:01:00,128384,816.14,816.26,816.08,816.08,191.0,135010.0,135026.0
au2510.SHFE,SHFE.au2510,2025-09-05 14:02:00,128385,816.08,816.26,816.02,816.24,185.0,135026.0,134986.0
au2510.SHFE,SHFE.au2510,2025-09-05 14:03:00,128386,816.24,816.26,815.88,815.94,280.0,134986.0,134966.0
au2510.SHFE,SHFE.au2510,2025-09-05 14:04:00,128387,815.94,816.04,815.7,816.04,294.0,134966.0,134914.0
au2510.SHFE,SHFE.au2510,2025-09-05 14:05:00,128388,816.04,816.08,815.78,815.82,207.0,134914.0,134912.0
au2510.SHFE,SHFE.au2510,2025-09-05 14:06:00,128389,815.82,815.9,815.68,815.7,305.0,134912.0,134898.0
au2510.SHFE,SHFE.au2510,2025-09-05 14:07:00,128390,815.7,815.7,815.32,815.52,400.0,134898.0,134841.0
au2510.SHFE,SHFE.au2510,2025-09-05 14:08:00,128391,815.52,815.82,815.5,815.7,437.0,134841.0,134765.0
au2510.SHFE,SHFE.au2510,2025-09-05 14:09:00,128392,815.7,815.84,815.5,815.64,291.0,134765.0,134751.0
au2510.SHFE,SHFE.au2510,2025-09-05 14:10:00,128393,815.64,815.64,815.4,815.46,224.0,134751.0,134700.0
au2510.SHFE,SHFE.au2510,2025-09-05 14:11:00,128394,815.46,815.52,815.16,815.18,395.0,134700.0,134728.0
au2510.SHFE,SHFE.au2510,2025-09-05 14:12:00,128395,815.18,815.26,814.88,815.12,684.0,134728.0,134598.0
au2510.SHFE,SHFE.au2510,2025-09-05 14:13:00,128396,815.12,815.14,814.82,815.1,404.0,134598.0,134588.0
au2510.SHFE,SHFE.au2510,2025-09-05 14:14:00,128397,815.1,815.18,814.9,814.92,272.0,134588.0,134589.0
au2510.SHFE,SHFE.au2510,2025-09-05 14:15:00,128398,814.92,815.3,814.88,815.28,405.0,134589.0,134566.0
au2510.SHFE,SHFE.au2510,2025-09-05 14:16:00,128399,815.28,815.38,815.2,815.24,281.0,134566.0,134519.0
au2510.SHFE,SHFE.au2510,2025-09-05 14:17:00,128400,815.24,815.38,814.76,815.06,545.0,134519.0,134370.0
au2510.SHFE,SHFE.au2510,2025-09-05 14:18:00,128401,815.06,815.26,815.06,815.06,219.0,134370.0,134345.0
au2510.SHFE,SHFE.au2510,2025-09-05 14:19:00,128402,815.06,815.18,814.96,815.16,332.0,134345.0,134325.0
au2510.SHFE,SHFE.au2510,2025-09-05 14:20:00,128403,815.16,815.16,814.88,815.02,307.0,134325.0,134237.0
au2510.SHFE,SHFE.au2510,2025-09-05 14:21:00,128404,815.02,815.04,814.82,814.96,259.0,134237.0,134155.0
au2510.SHFE,SHFE.au2510,2025-09-05 14:22:00,128405,814.96,815.16,814.78,815.14,388.0,134155.0,134058.0
au2510.SHFE,SHFE.au2510,2025-09-05 14:23:00,128406,815.14,815.22,814.82,814.92,404.0,134058.0,133969.0
au2510.SHFE,SHFE.au2510,2025-09-05 14:24:00,128407,814.92,814.96,814.68,814.92,502.0,133969.0,133867.0
au2510.SHFE,SHFE.au2510,2025-09-05 14:25:00,128408,814.92,815.1,814.9,815.06,279.0,133867.0,133822.0
au2510.SHFE,SHFE.au2510,2025-09-05 14:26:00,128409,815.06,815.22,815.06,815.16,265.0,133822.0,133831.0
au2510.SHFE,SHFE.au2510,2025-09-05 14:27:00,128410,815.16,815.16,814.78,814.82,288.0,133831.0,133842.0
au2510.SHFE,SHFE.au2510,2025-09-05 14:28:00,128411,814.82,815.12,814.82,815.12,264.0,133842.0,133813.0
au2510.SHFE,SHFE.au2510,2025-09-05 14:29:00,128412,815.12,815.46,815.08,815.46,443.0,133813.0,133925.0
au2510.SHFE,SHFE.au2510,2025-09-05 14:30:00,128413,815.46,815.7,815.4,815.44,366.0,133925.0,133898.0
au2510.SHFE,SHFE.au2510,2025-09-05 14:31:00,128414,815.44,815.48,815.32,815.42,223.0,133898.0,133850.0
au2510.SHFE,SHFE.au2510,2025-09-05 14:32:00,128415,815.42,815.5,815.3,815.36,261.0,133850.0,133882.0
au2510.SHFE,SHFE.au2510,2025-09-05 14:33:00,128416,815.36,815.64,815.32,815.56,207.0,133882.0,133838.0
au2510.SHFE,SHFE.au2510,2025-09-05 14:34:00,128417,815.56,815.68,815.52,815.62,162.0,133838.0,133795.0
au2510.SHFE,SHFE.au2510,2025-09-05 14:35:00,128418,815.62,815.68,815.34,815.34,278.0,133795.0,133743.0
au2510.SHFE,SHFE.au2510,2025-09-05 14:36:00,128419,815.34,815.56,815.32,815.56,254.0,133743.0,133717.0
au2510.SHFE,SHFE.au2510,2025-09-05 14:37:00,128420,815.56,815.56,815.32,815.36,163.0,133717.0,133724.0
au2510.SHFE,SHFE.au2510,2025-09-05 14:38:00,128421,815.36,815.58,815.36,815.56,177.0,133724.0,133718.0
au2510.SHFE,SHFE.au2510,2025-09-05 14:39:00,128422,815.56,815.56,815.3,815.38,197.0,133718.0,133701.0
au2510.SHFE,SHFE.au2510,2025-09-05 14:40:00,128423,815.38,815.54,815.36,815.48,210.0,133701.0,133654.0
au2510.SHFE,SHFE.au2510,2025-09-05 14:41:00,128424,815.48,815.52,815.4,815.46,150.0,133654.0,133646.0
au2510.SHFE,SHFE.au2510,2025-09-05 14:42:00,128425,815.46,815.66,815.46,815.6,178.0,133646.0,133591.0
au2510.SHFE,SHFE.au2510,2025-09-05 14:43:00,128426,815.6,815.6,815.48,815.5,206.0,133591.0,133555.0
au2510.SHFE,SHFE.au2510,2025-09-05 14:44:00,128427,815.5,815.5,815.3,815.34,209.0,133555.0,133595.0
au2510.SHFE,SHFE.au2510,2025-09-05 14:45:00,128428,815.34,815.38,815.22,815.26,213.0,133595.0,133574.0
au2510.SHFE,SHFE.au2510,2025-09-05 14:46:00,128429,815.26,815.5,815.24,815.48,234.0,133574.0,133543.0
au2510.SHFE,SHFE.au2510,2025-09-05 14:47:00,128430,815.48,815.62,815.36,815.54,227.0,133543.0,133544.0
au2510.SHFE,SHFE.au2510,2025-09-05 14:48:00,128431,815.54,815.56,815.3,815.4,221.0,133544.0,133498.0
au2510.SHFE,SHFE.au2510,2025-09-05 14:49:00,128432,815.4,815.48,815.26,815.28,232.0,133498.0,133498.0
au2510.SHFE,SHFE.au2510,2025-09-05 14:50:00,128433,815.28,815.38,815.24,815.24,181.0,133498.0,133453.0
au2510.SHFE,SHFE.au2510,2025-09-05 14:51:00,128434,815.24,815.38,815.22,815.28,217.0,133453.0,133429.0
au2510.SHFE,SHFE.au2510,2025-09-05 14:52:00,128435,815.28,815.4,815.28,815.36,233.0,133429.0,133431.0
au2510.SHFE,SHFE.au2510,2025-09-05 14:53:00,128436,815.36,815.38,815.2,815.24,189.0,133431.0,133388.0
au2510.SHFE,SHFE.au2510,2025-09-05 14:54:00,128437,815.24,815.32,815.2,815.2,214.0,133388.0,133319.0
au2510.SHFE,SHFE.au2510,2025-09-05 14:55:00,128438,815.2,815.34,815.2,815.3,230.0,133319.0,133267.0
au2510.SHFE,SHFE.au2510,2025-09-05 14:56:00,128439,815.3,815.4,815.3,815.36,275.0,133267.0,133193.0
au2510.SHFE,SHFE.au2510,2025-09-05 14:57:00,128440,815.36,815.5,815.34,815.48,304.0,133193.0,133112.0
au2510.SHFE,SHFE.au2510,2025-09-05 14:58:00,128441,815.48,815.54,815.38,815.46,323.0,133112.0,132982.0
au2510.SHFE,SHFE.au2510,2025-09-05 14:59:00,128442,815.46,815.74,815.42,815.6,439.0,132982.0,132985.0
au2510.SHFE,SHFE.au2510,2025-09-05 21:00:00,128443,822.1,822.56,821.22,822.1,5995.0,132985.0,133986.0
au2510.SHFE,SHFE.au2510,2025-09-05 21:01:00,128444,822.1,822.34,821.44,821.44,2476.0,133986.0,134238.0
au2510.SHFE,SHFE.au2510,2025-09-05 21:02:00,128445,821.44,821.54,820.76,821.22,2118.0,134238.0,134156.0
au2510.SHFE,SHFE.au2510,2025-09-05 21:03:00,128446,821.22,821.26,820.22,820.3,1649.0,134156.0,134219.0
au2510.SHFE,SHFE.au2510,2025-09-05 21:04:00,128447,820.3,820.34,819.78,820.14,1725.0,134219.0,134123.0
au2510.SHFE,SHFE.au2510,2025-09-05 21:05:00,128448,820.14,820.2,819.52,819.8,1441.0,134123.0,134214.0
au2510.SHFE,SHFE.au2510,2025-09-05 21:06:00,128449,819.8,819.84,819.38,819.66,1277.0,134214.0,134217.0
au2510.SHFE,SHFE.au2510,2025-09-05 21:07:00,128450,819.66,820.54,819.6,820.54,1274.0,134217.0,134235.0
au2510.SHFE,SHFE.au2510,2025-09-05 21:08:00,128451,820.54,820.62,820.08,820.18,1341.0,134235.0,134348.0
au2510.SHFE,SHFE.au2510,2025-09-05 21:09:00,128452,820.18,820.8,820.18,820.62,1000.0,134348.0,134378.0
au2510.SHFE,SHFE.au2510,2025-09-05 21:10:00,128453,820.62,820.82,820.42,820.76,826.0,134378.0,134443.0
au2510.SHFE,SHFE.au2510,2025-09-05 21:11:00,128454,820.76,821.3,820.76,821.24,984.0,134443.0,134570.0
au2510.SHFE,SHFE.au2510,2025-09-05 21:12:00,128455,821.24,821.68,821.2,821.46,1183.0,134570.0,134682.0
au2510.SHFE,SHFE.au2510,2025-09-05 21:13:00,128456,821.46,821.56,821.3,821.3,737.0,134682.0,134716.0
au2510.SHFE,SHFE.au2510,2025-09-05 21:14:00,128457,821.3,821.74,821.28,821.64,971.0,134716.0,134869.0
au2510.SHFE,SHFE.au2510,2025-09-05 21:15:00,128458,821.64,821.66,821.14,821.58,952.0,134869.0,134897.0
au2510.SHFE,SHFE.au2510,2025-09-05 21:16:00,128459,821.58,821.6,821.3,821.46,549.0,134897.0,134899.0
au2510.SHFE,SHFE.au2510,2025-09-05 21:17:00,128460,821.46,821.9,821.4,821.82,921.0,134899.0,134966.0
au2510.SHFE,SHFE.au2510,2025-09-05 21:18:00,128461,821.82,822.08,821.6,822.02,887.0,134966.0,135086.0
au2510.SHFE,SHFE.au2510,2025-09-05 21:19:00,128462,822.02,822.1,821.84,821.92,760.0,135086.0,135201.0
au2510.SHFE,SHFE.au2510,2025-09-05 21:20:00,128463,821.92,822.02,820.42,821.0,1611.0,135201.0,135170.0
au2510.SHFE,SHFE.au2510,2025-09-05 21:21:00,128464,821.0,821.26,820.44,821.24,1447.0,135170.0,135139.0
au2510.SHFE,SHFE.au2510,2025-09-05 21:22:00,128465,821.24,821.4,821.02,821.38,805.0,135139.0,135241.0
au2510.SHFE,SHFE.au2510,2025-09-05 21:23:00,128466,821.38,821.48,821.16,821.4,697.0,135241.0,135265.0
au2510.SHFE,SHFE.au2510,2025-09-05 21:24:00,128467,821.4,821.44,821.1,821.18,518.0,135265.0,135258.0
au2510.SHFE,SHFE.au2510,2025-09-05 21:25:00,128468,821.18,821.24,820.62,820.7,721.0,135258.0,135119.0
au2510.SHFE,SHFE.au2510,2025-09-05 21:26:00,128469,820.7,821.1,820.7,821.04,406.0,135119.0,135128.0
au2510.SHFE,SHFE.au2510,2025-09-05 21:27:00,128470,821.04,821.14,820.82,821.04,374.0,135128.0,135159.0
au2510.SHFE,SHFE.au2510,2025-09-05 21:28:00,128471,821.04,821.16,820.76,820.82,592.0,135159.0,135215.0
au2510.SHFE,SHFE.au2510,2025-09-05 21:29:00,128472,820.82,820.94,820.62,820.64,406.0,135215.0,135211.0
au2510.SHFE,SHFE.au2510,2025-09-05 21:30:00,128473,820.64,820.96,820.2,820.2,1054.0,135211.0,135221.0
au2510.SHFE,SHFE.au2510,2025-09-05 21:31:00,128474,820.2,820.76,819.9,820.7,1146.0,135221.0,135119.0
au2510.SHFE,SHFE.au2510,2025-09-05 21:32:00,128475,820.7,821.0,820.4,820.62,1067.0,135119.0,135031.0
au2510.SHFE,SHFE.au2510,2025-09-05 21:33:00,128476,820.62,820.86,820.4,820.8,695.0,135031.0,135025.0
au2510.SHFE,SHFE.au2510,2025-09-05 21:34:00,128477,820.8,821.0,820.64,820.9,530.0,135025.0,135074.0
au2510.SHFE,SHFE.au2510,2025-09-05 21:35:00,128478,820.9,821.38,820.66,820.66,992.0,135074.0,135021.0
au2510.SHFE,SHFE.au2510,2025-09-05 21:36:00,128479,820.66,820.86,820.22,820.78,742.0,135021.0,135045.0
au2510.SHFE,SHFE.au2510,2025-09-05 21:37:00,128480,820.78,820.9,820.56,820.86,570.0,135045.0,135025.0
au2510.SHFE,SHFE.au2510,2025-09-05 21:38:00,128481,820.86,820.94,820.62,820.84,426.0,135025.0,135033.0
au2510.SHFE,SHFE.au2510,2025-09-05 21:39:00,128482,820.84,820.86,820.26,820.36,658.0,135033.0,135113.0
au2510.SHFE,SHFE.au2510,2025-09-05 21:40:00,128483,820.36,820.62,820.26,820.62,603.0,135113.0,135134.0
au2510.SHFE,SHFE.au2510,2025-09-05 21:41:00,128484,820.62,820.8,820.5,820.68,401.0,135134.0,135117.0
au2510.SHFE,SHFE.au2510,2025-09-05 21:42:00,128485,820.68,821.36,820.6,821.28,978.0,135117.0,135038.0
au2510.SHFE,SHFE.au2510,2025-09-05 21:43:00,128486,821.28,821.6,821.24,821.5,965.0,135038.0,135098.0
au2510.SHFE,SHFE.au2510,2025-09-05 21:44:00,128487,821.5,821.68,821.46,821.56,758.0,135098.0,135052.0
au2510.SHFE,SHFE.au2510,2025-09-05 21:45:00,128488,821.56,821.8,821.56,821.74,730.0,135052.0,135126.0
au2510.SHFE,SHFE.au2510,2025-09-05 21:46:00,128489,821.74,822.5,821.74,822.5,1356.0,135126.0,135274.0
au2510.SHFE,SHFE.au2510,2025-09-05 21:47:00,128490,822.5,823.0,822.42,822.86,1274.0,135274.0,135476.0
au2510.SHFE,SHFE.au2510,2025-09-05 21:48:00,128491,822.86,823.36,822.86,823.04,1489.0,135476.0,135622.0
au2510.SHFE,SHFE.au2510,2025-09-05 21:49:00,128492,823.04,823.16,822.7,822.96,1222.0,135622.0,135617.0
au2510.SHFE,SHFE.au2510,2025-09-05 21:50:00,128493,822.96,823.18,822.9,823.08,843.0,135617.0,135592.0
au2510.SHFE,SHFE.au2510,2025-09-05 21:51:00,128494,823.08,823.8,822.92,823.56,1387.0,135592.0,135539.0
au2510.SHFE,SHFE.au2510,2025-09-05 21:52:00,128495,823.56,823.86,823.36,823.38,1127.0,135539.0,135667.0
au2510.SHFE,SHFE.au2510,2025-09-05 21:53:00,128496,823.38,823.38,822.94,823.02,1113.0,135667.0,135633.0
au2510.SHFE,SHFE.au2510,2025-09-05 21:54:00,128497,823.02,823.38,822.96,823.18,687.0,135633.0,135657.0
au2510.SHFE,SHFE.au2510,2025-09-05 21:55:00,128498,823.18,823.3,822.9,822.92,722.0,135657.0,135683.0
au2510.SHFE,SHFE.au2510,2025-09-05 21:56:00,128499,822.92,823.28,822.88,823.2,748.0,135683.0,135676.0
au2510.SHFE,SHFE.au2510,2025-09-05 21:57:00,128500,823.2,823.82,823.12,823.72,1240.0,135676.0,135753.0
au2510.SHFE,SHFE.au2510,2025-09-05 21:58:00,128501,823.72,824.0,823.68,823.72,800.0,135753.0,135849.0
au2510.SHFE,SHFE.au2510,2025-09-05 21:59:00,128502,823.72,823.98,823.52,823.86,815.0,135849.0,135953.0
au2510.SHFE,SHFE.au2510,2025-09-05 22:00:00,128503,823.86,824.32,823.52,823.58,1456.0,135953.0,136125.0
au2510.SHFE,SHFE.au2510,2025-09-05 22:01:00,128504,823.58,824.28,823.34,824.28,1091.0,136125.0,136132.0
au2510.SHFE,SHFE.au2510,2025-09-05 22:02:00,128505,824.28,824.34,824.06,824.28,809.0,136132.0,136215.0
au2510.SHFE,SHFE.au2510,2025-09-05 22:03:00,128506,824.28,824.32,824.12,824.14,731.0,136215.0,136298.0
au2510.SHFE,SHFE.au2510,2025-09-05 22:04:00,128507,824.14,824.42,824.14,824.38,511.0,136298.0,136284.0
au2510.SHFE,SHFE.au2510,2025-09-05 22:05:00,128508,824.38,824.4,824.04,824.1,712.0,136284.0,136461.0
au2510.SHFE,SHFE.au2510,2025-09-05 22:06:00,128509,824.1,824.36,824.04,824.06,629.0,136461.0,136523.0
au2510.SHFE,SHFE.au2510,2025-09-05 22:07:00,128510,824.06,824.28,823.82,823.92,756.0,136523.0,136540.0
au2510.SHFE,SHFE.au2510,2025-09-05 22:08:00,128511,823.92,824.1,823.56,823.8,878.0,136540.0,136596.0
au2510.SHFE,SHFE.au2510,2025-09-05 22:09:00,128512,823.8,823.92,823.36,823.38,665.0,136596.0,136507.0
au2510.SHFE,SHFE.au2510,2025-09-05 22:10:00,128513,823.38,823.7,823.24,823.5,761.0,136507.0,136431.0
au2510.SHFE,SHFE.au2510,2025-09-05 22:11:00,128514,823.5,823.54,823.3,823.4,392.0,136431.0,136409.0
au2510.SHFE,SHFE.au2510,2025-09-05 22:12:00,128515,823.4,823.54,823.36,823.4,391.0,136409.0,136396.0
au2510.SHFE,SHFE.au2510,2025-09-05 22:13:00,128516,823.4,823.58,823.24,823.48,647.0,136396.0,136352.0
au2510.SHFE,SHFE.au2510,2025-09-05 22:14:00,128517,823.48,823.6,823.44,823.46,374.0,136352.0,136418.0
au2510.SHFE,SHFE.au2510,2025-09-05 22:15:00,128518,823.46,824.02,823.46,823.86,719.0,136418.0,136373.0
au2510.SHFE,SHFE.au2510,2025-09-05 22:16:00,128519,823.86,824.0,823.7,823.84,486.0,136373.0,136361.0
au2510.SHFE,SHFE.au2510,2025-09-05 22:17:00,128520,823.84,823.98,823.8,823.82,314.0,136361.0,136386.0
au2510.SHFE,SHFE.au2510,2025-09-05 22:18:00,128521,823.82,823.84,822.72,822.8,987.0,136386.0,136260.0
au2510.SHFE,SHFE.au2510,2025-09-05 22:19:00,128522,822.8,823.0,822.44,822.8,1363.0,136260.0,136137.0
au2510.SHFE,SHFE.au2510,2025-09-05 22:20:00,128523,822.8,823.12,822.5,823.1,803.0,136137.0,136113.0
au2510.SHFE,SHFE.au2510,2025-09-05 22:21:00,128524,823.1,823.26,822.78,822.86,832.0,136113.0,136137.0
au2510.SHFE,SHFE.au2510,2025-09-05 22:22:00,128525,822.86,823.12,822.66,822.66,567.0,136137.0,136141.0
au2510.SHFE,SHFE.au2510,2025-09-05 22:23:00,128526,822.66,822.66,821.68,822.02,1722.0,136141.0,135879.0
au2510.SHFE,SHFE.au2510,2025-09-05 22:24:00,128527,822.02,822.12,821.6,821.64,1152.0,135879.0,135868.0
au2510.SHFE,SHFE.au2510,2025-09-05 22:25:00,128528,821.64,822.08,821.62,822.0,835.0,135868.0,135818.0
au2510.SHFE,SHFE.au2510,2025-09-05 22:26:00,128529,822.0,822.0,821.16,821.38,1353.0,135818.0,135699.0
au2510.SHFE,SHFE.au2510,2025-09-05 22:27:00,128530,821.38,821.44,820.86,820.92,1244.0,135699.0,135655.0
au2510.SHFE,SHFE.au2510,2025-09-05 22:28:00,128531,820.92,820.98,820.44,820.58,1282.0,135655.0,135651.0
au2510.SHFE,SHFE.au2510,2025-09-05 22:29:00,128532,820.58,820.62,819.64,820.06,2277.0,135651.0,135594.0
au2510.SHFE,SHFE.au2510,2025-09-05 22:30:00,128533,820.06,820.9,820.06,820.76,1811.0,135594.0,135665.0
au2510.SHFE,SHFE.au2510,2025-09-05 22:31:00,128534,820.76,820.84,820.36,820.72,1018.0,135665.0,135774.0
au2510.SHFE,SHFE.au2510,2025-09-05 22:32:00,128535,820.72,820.86,820.3,820.58,828.0,135774.0,135800.0
au2510.SHFE,SHFE.au2510,2025-09-05 22:33:00,128536,820.58,820.76,820.14,820.14,967.0,135800.0,135869.0
au2510.SHFE,SHFE.au2510,2025-09-05 22:34:00,128537,820.14,820.64,820.08,820.5,1055.0,135869.0,135866.0
au2510.SHFE,SHFE.au2510,2025-09-05 22:35:00,128538,820.5,821.22,820.5,821.22,1112.0,135866.0,135875.0
au2510.SHFE,SHFE.au2510,2025-09-05 22:36:00,128539,821.22,821.32,820.84,820.94,899.0,135875.0,135912.0
au2510.SHFE,SHFE.au2510,2025-09-05 22:37:00,128540,820.94,820.96,820.12,820.2,956.0,135912.0,135983.0
au2510.SHFE,SHFE.au2510,2025-09-05 22:38:00,128541,820.2,820.52,819.92,819.92,1077.0,135983.0,136077.0
au2510.SHFE,SHFE.au2510,2025-09-05 22:39:00,128542,819.92,819.98,818.3,818.84,3066.0,136077.0,135843.0
au2510.SHFE,SHFE.au2510,2025-09-05 22:40:00,128543,818.84,819.26,818.7,819.22,1556.0,135843.0,135805.0
au2510.SHFE,SHFE.au2510,2025-09-05 22:41:00,128544,819.22,819.48,818.78,818.88,1227.0,135805.0,135799.0
au2510.SHFE,SHFE.au2510,2025-09-05 22:42:00,128545,818.88,819.06,818.4,818.84,1110.0,135799.0,135876.0
au2510.SHFE,SHFE.au2510,2025-09-05 22:43:00,128546,818.84,819.34,818.84,819.1,881.0,135876.0,135731.0
au2510.SHFE,SHFE.au2510,2025-09-05 22:44:00,128547,819.1,819.92,819.1,819.92,749.0,135731.0,135690.0
au2510.SHFE,SHFE.au2510,2025-09-05 22:45:00,128548,819.92,820.28,819.76,820.26,992.0,135690.0,135659.0
au2510.SHFE,SHFE.au2510,2025-09-05 22:46:00,128549,820.26,820.52,820.16,820.52,841.0,135659.0,135617.0
au2510.SHFE,SHFE.au2510,2025-09-05 22:47:00,128550,820.52,820.56,820.08,820.22,680.0,135617.0,135595.0
au2510.SHFE,SHFE.au2510,2025-09-05 22:48:00,128551,820.22,820.32,819.76,820.08,709.0,135595.0,135580.0
au2510.SHFE,SHFE.au2510,2025-09-05 22:49:00,128552,820.08,820.36,820.02,820.34,559.0,135580.0,135595.0
au2510.SHFE,SHFE.au2510,2025-09-05 22:50:00,128553,820.34,820.68,820.32,820.5,688.0,135595.0,135699.0
au2510.SHFE,SHFE.au2510,2025-09-05 22:51:00,128554,820.5,820.56,820.24,820.56,552.0,135699.0,135747.0
au2510.SHFE,SHFE.au2510,2025-09-05 22:52:00,128555,820.56,820.56,820.26,820.5,375.0,135747.0,135742.0
au2510.SHFE,SHFE.au2510,2025-09-05 22:53:00,128556,820.5,820.56,820.3,820.4,458.0,135742.0,135716.0
au2510.SHFE,SHFE.au2510,2025-09-05 22:54:00,128557,820.4,820.7,820.36,820.46,420.0,135716.0,135687.0
au2510.SHFE,SHFE.au2510,2025-09-05 22:55:00,128558,820.46,821.0,820.44,821.0,565.0,135687.0,135600.0
au2510.SHFE,SHFE.au2510,2025-09-05 22:56:00,128559,821.0,821.36,820.82,821.34,612.0,135600.0,135609.0
au2510.SHFE,SHFE.au2510,2025-09-05 22:57:00,128560,821.34,821.54,821.1,821.46,595.0,135609.0,135672.0
au2510.SHFE,SHFE.au2510,2025-09-05 22:58:00,128561,821.46,821.68,821.42,821.56,594.0,135672.0,135779.0
au2510.SHFE,SHFE.au2510,2025-09-05 22:59:00,128562,821.56,821.88,821.56,821.88,454.0,135779.0,135801.0
au2510.SHFE,SHFE.au2510,2025-09-05 23:00:00,128563,821.88,822.0,821.62,821.68,807.0,135801.0,135807.0
au2510.SHFE,SHFE.au2510,2025-09-05 23:01:00,128564,821.68,821.98,821.66,821.88,567.0,135807.0,135821.0
au2510.SHFE,SHFE.au2510,2025-09-05 23:02:00,128565,821.88,821.88,821.44,821.64,665.0,135821.0,135777.0
au2510.SHFE,SHFE.au2510,2025-09-05 23:03:00,128566,821.64,822.22,821.46,822.22,616.0,135777.0,135754.0
au2510.SHFE,SHFE.au2510,2025-09-05 23:04:00,128567,822.22,822.4,822.18,822.34,688.0,135754.0,135742.0
au2510.SHFE,SHFE.au2510,2025-09-05 23:05:00,128568,822.34,822.34,822.1,822.12,574.0,135742.0,135846.0
au2510.SHFE,SHFE.au2510,2025-09-05 23:06:00,128569,822.12,822.18,821.76,821.8,478.0,135846.0,135759.0
au2510.SHFE,SHFE.au2510,2025-09-05 23:07:00,128570,821.8,822.0,821.62,821.74,457.0,135759.0,135701.0
au2510.SHFE,SHFE.au2510,2025-09-05 23:08:00,128571,821.74,821.74,821.32,821.34,758.0,135701.0,135628.0
au2510.SHFE,SHFE.au2510,2025-09-05 23:09:00,128572,821.34,821.34,820.84,821.16,810.0,135628.0,135606.0
au2510.SHFE,SHFE.au2510,2025-09-05 23:10:00,128573,821.16,821.34,821.06,821.22,538.0,135606.0,135594.0
au2510.SHFE,SHFE.au2510,2025-09-05 23:11:00,128574,821.22,821.4,820.76,820.84,609.0,135594.0,135553.0
au2510.SHFE,SHFE.au2510,2025-09-05 23:12:00,128575,820.84,820.94,820.56,820.84,709.0,135553.0,135506.0
au2510.SHFE,SHFE.au2510,2025-09-05 23:13:00,128576,820.84,820.84,820.4,820.56,612.0,135506.0,135495.0
au2510.SHFE,SHFE.au2510,2025-09-05 23:14:00,128577,820.56,820.7,820.36,820.6,536.0,135495.0,135519.0
au2510.SHFE,SHFE.au2510,2025-09-05 23:15:00,128578,820.6,821.0,820.52,820.64,634.0,135519.0,135418.0
au2510.SHFE,SHFE.au2510,2025-09-05 23:16:00,128579,820.64,820.88,820.52,820.52,439.0,135418.0,135426.0
au2510.SHFE,SHFE.au2510,2025-09-05 23:17:00,128580,820.52,820.52,819.9,820.4,953.0,135426.0,135327.0
au2510.SHFE,SHFE.au2510,2025-09-05 23:18:00,128581,820.4,820.84,820.24,820.54,505.0,135327.0,135338.0
au2510.SHFE,SHFE.au2510,2025-09-05 23:19:00,128582,820.54,820.7,820.48,820.66,371.0,135338.0,135328.0
au2510.SHFE,SHFE.au2510,2025-09-05 23:20:00,128583,820.66,821.08,820.6,820.94,593.0,135328.0,135361.0
au2510.SHFE,SHFE.au2510,2025-09-05 23:21:00,128584,820.94,821.28,820.9,821.2,410.0,135361.0,135406.0
au2510.SHFE,SHFE.au2510,2025-09-05 23:22:00,128585,821.2,821.52,821.14,821.5,578.0,135406.0,135481.0
au2510.SHFE,SHFE.au2510,2025-09-05 23:23:00,128586,821.5,821.54,821.38,821.42,409.0,135481.0,135527.0
au2510.SHFE,SHFE.au2510,2025-09-05 23:24:00,128587,821.42,821.62,821.32,821.36,425.0,135527.0,135480.0
au2510.SHFE,SHFE.au2510,2025-09-05 23:25:00,128588,821.36,821.42,821.22,821.36,509.0,135480.0,135387.0
au2510.SHFE,SHFE.au2510,2025-09-05 23:26:00,128589,821.36,821.4,821.16,821.3,348.0,135387.0,135375.0
au2510.SHFE,SHFE.au2510,2025-09-05 23:27:00,128590,821.3,821.54,821.2,821.24,321.0,135375.0,135356.0
au2510.SHFE,SHFE.au2510,2025-09-05 23:28:00,128591,821.24,821.58,821.22,821.56,285.0,135356.0,135356.0
au2510.SHFE,SHFE.au2510,2025-09-05 23:29:00,128592,821.56,821.58,821.44,821.44,213.0,135356.0,135387.0
au2510.SHFE,SHFE.au2510,2025-09-05 23:30:00,128593,821.44,821.56,821.4,821.42,271.0,135387.0,135340.0
au2510.SHFE,SHFE.au2510,2025-09-05 23:31:00,128594,821.42,821.58,821.4,821.5,183.0,135340.0,135332.0
au2510.SHFE,SHFE.au2510,2025-09-05 23:32:00,128595,821.5,821.52,821.38,821.42,130.0,135332.0,135313.0
au2510.SHFE,SHFE.au2510,2025-09-05 23:33:00,128596,821.42,821.78,821.42,821.5,318.0,135313.0,135279.0
au2510.SHFE,SHFE.au2510,2025-09-05 23:34:00,128597,821.5,821.7,821.5,821.64,164.0,135279.0,135282.0
au2510.SHFE,SHFE.au2510,2025-09-05 23:35:00,128598,821.64,821.76,821.56,821.74,170.0,135282.0,135271.0
au2510.SHFE,SHFE.au2510,2025-09-05 23:36:00,128599,821.74,821.8,821.6,821.64,197.0,135271.0,135287.0
au2510.SHFE,SHFE.au2510,2025-09-05 23:37:00,128600,821.64,821.96,821.36,821.96,549.0,135287.0,135308.0
au2510.SHFE,SHFE.au2510,2025-09-05 23:38:00,128601,821.96,822.14,821.9,822.0,587.0,135308.0,135353.0
au2510.SHFE,SHFE.au2510,2025-09-05 23:39:00,128602,822.0,822.02,821.66,821.74,388.0,135353.0,135398.0
au2510.SHFE,SHFE.au2510,2025-09-05 23:40:00,128603,821.74,821.9,821.68,821.72,296.0,135398.0,135453.0
au2510.SHFE,SHFE.au2510,2025-09-05 23:41:00,128604,821.72,821.9,821.62,821.9,497.0,135453.0,135581.0
au2510.SHFE,SHFE.au2510,2025-09-05 23:42:00,128605,821.9,822.04,821.84,821.84,299.0,135581.0,135634.0
au2510.SHFE,SHFE.au2510,2025-09-05 23:43:00,128606,821.84,822.14,821.84,822.04,348.0,135634.0,135684.0
au2510.SHFE,SHFE.au2510,2025-09-05 23:44:00,128607,822.04,822.2,822.04,822.12,214.0,135684.0,135647.0
au2510.SHFE,SHFE.au2510,2025-09-05 23:45:00,128608,822.12,822.16,821.94,822.02,252.0,135647.0,135668.0
au2510.SHFE,SHFE.au2510,2025-09-05 23:46:00,128609,822.02,822.18,821.98,821.98,224.0,135668.0,135711.0
au2510.SHFE,SHFE.au2510,2025-09-05 23:47:00,128610,821.98,822.3,821.94,822.14,331.0,135711.0,135686.0
au2510.SHFE,SHFE.au2510,2025-09-05 23:48:00,128611,822.14,822.22,822.04,822.04,179.0,135686.0,135698.0
au2510.SHFE,SHFE.au2510,2025-09-05 23:49:00,128612,822.04,822.36,822.04,822.22,390.0,135698.0,135692.0
au2510.SHFE,SHFE.au2510,2025-09-05 23:50:00,128613,822.22,822.34,822.18,822.28,240.0,135692.0,135679.0
au2510.SHFE,SHFE.au2510,2025-09-05 23:51:00,128614,822.28,822.36,822.22,822.32,180.0,135679.0,135700.0
au2510.SHFE,SHFE.au2510,2025-09-05 23:52:00,128615,822.32,822.34,822.16,822.24,121.0,135700.0,135687.0
au2510.SHFE,SHFE.au2510,2025-09-05 23:53:00,128616,822.24,822.48,821.98,822.48,421.0,135687.0,135668.0
au2510.SHFE,SHFE.au2510,2025-09-05 23:54:00,128617,822.48,822.52,822.26,822.3,417.0,135668.0,135612.0
au2510.SHFE,SHFE.au2510,2025-09-05 23:55:00,128618,822.3,822.36,822.0,822.14,339.0,135612.0,135610.0
au2510.SHFE,SHFE.au2510,2025-09-05 23:56:00,128619,822.14,822.14,821.9,822.06,354.0,135610.0,135655.0
au2510.SHFE,SHFE.au2510,2025-09-05 23:57:00,128620,822.06,822.06,821.84,821.98,397.0,135655.0,135725.0
au2510.SHFE,SHFE.au2510,2025-09-05 23:58:00,128621,821.98,822.12,821.9,822.08,169.0,135725.0,135704.0
au2510.SHFE,SHFE.au2510,2025-09-05 23:59:00,128622,822.08,822.08,821.8,821.88,305.0,135704.0,135719.0
au2510.SHFE,SHFE.au2510,2025-09-06 00:00:00,128623,821.88,821.92,821.62,821.74,461.0,135719.0,135725.0
au2510.SHFE,SHFE.au2510,2025-09-06 00:01:00,128624,821.74,821.94,821.66,821.76,280.0,135725.0,135778.0
au2510.SHFE,SHFE.au2510,2025-09-06 00:02:00,128625,821.76,821.94,821.76,821.9,128.0,135778.0,135771.0
au2510.SHFE,SHFE.au2510,2025-09-06 00:03:00,128626,821.9,822.12,821.86,822.12,222.0,135771.0,135741.0
au2510.SHFE,SHFE.au2510,2025-09-06 00:04:00,128627,822.12,822.36,822.08,822.3,407.0,135741.0,135764.0
au2510.SHFE,SHFE.au2510,2025-09-06 00:05:00,128628,822.3,822.68,822.3,822.68,515.0,135764.0,135815.0
au2510.SHFE,SHFE.au2510,2025-09-06 00:06:00,128629,822.68,822.78,822.56,822.68,560.0,135815.0,135834.0
au2510.SHFE,SHFE.au2510,2025-09-06 00:07:00,128630,822.68,822.84,822.56,822.84,315.0,135834.0,135860.0
au2510.SHFE,SHFE.au2510,2025-09-06 00:08:00,128631,822.84,822.84,822.56,822.74,299.0,135860.0,135868.0
au2510.SHFE,SHFE.au2510,2025-09-06 00:09:00,128632,822.74,822.96,822.6,822.62,298.0,135868.0,135843.0
au2510.SHFE,SHFE.au2510,2025-09-06 00:10:00,128633,822.62,822.84,822.52,822.58,300.0,135843.0,135813.0
au2510.SHFE,SHFE.au2510,2025-09-06 00:11:00,128634,822.58,822.72,822.52,822.54,143.0,135813.0,135837.0
au2510.SHFE,SHFE.au2510,2025-09-06 00:12:00,128635,822.54,822.68,822.44,822.48,228.0,135837.0,135846.0
au2510.SHFE,SHFE.au2510,2025-09-06 00:13:00,128636,822.48,822.62,822.44,822.6,167.0,135846.0,135868.0
au2510.SHFE,SHFE.au2510,2025-09-06 00:14:00,128637,822.6,822.68,822.56,822.66,170.0,135868.0,135862.0
au2510.SHFE,SHFE.au2510,2025-09-06 00:15:00,128638,822.66,822.74,822.58,822.6,161.0,135862.0,135876.0
au2510.SHFE,SHFE.au2510,2025-09-06 00:16:00,128639,822.6,822.68,822.6,822.6,71.0,135876.0,135894.0
au2510.SHFE,SHFE.au2510,2025-09-06 00:17:00,128640,822.6,822.66,822.56,822.62,108.0,135894.0,135902.0
au2510.SHFE,SHFE.au2510,2025-09-06 00:18:00,128641,822.62,822.84,822.6,822.76,191.0,135902.0,135912.0
au2510.SHFE,SHFE.au2510,2025-09-06 00:19:00,128642,822.76,822.78,822.62,822.72,186.0,135912.0,135943.0
au2510.SHFE,SHFE.au2510,2025-09-06 00:20:00,128643,822.72,822.8,822.66,822.76,112.0,135943.0,135950.0
au2510.SHFE,SHFE.au2510,2025-09-06 00:21:00,128644,822.76,822.96,822.72,822.82,221.0,135950.0,135956.0
au2510.SHFE,SHFE.au2510,2025-09-06 00:22:00,128645,822.82,822.92,822.72,822.86,183.0,135956.0,135979.0
au2510.SHFE,SHFE.au2510,2025-09-06 00:23:00,128646,822.86,822.98,822.84,822.96,187.0,135979.0,135997.0
au2510.SHFE,SHFE.au2510,2025-09-06 00:24:00,128647,822.96,823.36,822.96,823.28,710.0,135997.0,136054.0
au2510.SHFE,SHFE.au2510,2025-09-06 00:25:00,128648,823.28,823.36,823.2,823.2,246.0,136054.0,136129.0
au2510.SHFE,SHFE.au2510,2025-09-06 00:26:00,128649,823.2,823.22,822.8,822.88,348.0,136129.0,136129.0
au2510.SHFE,SHFE.au2510,2025-09-06 00:27:00,128650,822.88,823.12,822.88,822.98,212.0,136129.0,136139.0
au2510.SHFE,SHFE.au2510,2025-09-06 00:28:00,128651,822.98,823.06,822.94,822.98,124.0,136139.0,136156.0
au2510.SHFE,SHFE.au2510,2025-09-06 00:29:00,128652,822.98,823.26,822.84,823.2,270.0,136156.0,136150.0
au2510.SHFE,SHFE.au2510,2025-09-06 00:30:00,128653,823.2,823.36,823.2,823.32,205.0,136150.0,136168.0
au2510.SHFE,SHFE.au2510,2025-09-06 00:31:00,128654,823.32,823.34,823.2,823.3,140.0,136168.0,136168.0
au2510.SHFE,SHFE.au2510,2025-09-06 00:32:00,128655,823.3,823.3,823.22,823.22,125.0,136168.0,136193.0
au2510.SHFE,SHFE.au2510,2025-09-06 00:33:00,128656,823.22,823.24,823.08,823.16,282.0,136193.0,136245.0
au2510.SHFE,SHFE.au2510,2025-09-06 00:34:00,128657,823.16,823.28,823.08,823.22,327.0,136245.0,136236.0
au2510.SHFE,SHFE.au2510,2025-09-06 00:35:00,128658,823.22,823.22,822.66,822.76,490.0,136236.0,136202.0
au2510.SHFE,SHFE.au2510,2025-09-06 00:36:00,128659,822.76,822.98,822.74,822.78,333.0,136202.0,136240.0
au2510.SHFE,SHFE.au2510,2025-09-06 00:37:00,128660,822.78,822.8,822.54,822.6,299.0,136240.0,136232.0
au2510.SHFE,SHFE.au2510,2025-09-06 00:38:00,128661,822.6,822.8,822.56,822.56,181.0,136232.0,136209.0
au2510.SHFE,SHFE.au2510,2025-09-06 00:39:00,128662,822.56,822.56,822.16,822.28,495.0,136209.0,136215.0
au2510.SHFE,SHFE.au2510,2025-09-06 00:40:00,128663,822.28,822.28,821.98,822.1,548.0,136215.0,136202.0
au2510.SHFE,SHFE.au2510,2025-09-06 00:41:00,128664,822.1,822.4,822.1,822.32,369.0,136202.0,136134.0
au2510.SHFE,SHFE.au2510,2025-09-06 00:42:00,128665,822.32,822.34,821.98,822.14,334.0,136134.0,136101.0
au2510.SHFE,SHFE.au2510,2025-09-06 00:43:00,128666,822.14,822.34,822.1,822.3,149.0,136101.0,136094.0
au2510.SHFE,SHFE.au2510,2025-09-06 00:44:00,128667,822.3,822.54,822.28,822.5,382.0,136094.0,135972.0
au2510.SHFE,SHFE.au2510,2025-09-06 00:45:00,128668,822.5,822.74,822.38,822.72,275.0,135972.0,135985.0
au2510.SHFE,SHFE.au2510,2025-09-06 00:46:00,128669,822.72,822.84,822.68,822.78,198.0,135985.0,135999.0
au2510.SHFE,SHFE.au2510,2025-09-06 00:47:00,128670,822.78,822.8,822.56,822.74,188.0,135999.0,136009.0
au2510.SHFE,SHFE.au2510,2025-09-06 00:48:00,128671,822.74,822.86,822.7,822.82,153.0,136009.0,136018.0
au2510.SHFE,SHFE.au2510,2025-09-06 00:49:00,128672,822.82,822.98,822.82,822.92,174.0,136018.0,136031.0
au2510.SHFE,SHFE.au2510,2025-09-06 00:50:00,128673,822.92,822.96,822.84,822.92,117.0,136031.0,136046.0
au2510.SHFE,SHFE.au2510,2025-09-06 00:51:00,128674,822.92,822.96,822.82,822.94,145.0,136046.0,136042.0
au2510.SHFE,SHFE.au2510,2025-09-06 00:52:00,128675,822.94,823.16,822.92,823.04,213.0,136042.0,136048.0
au2510.SHFE,SHFE.au2510,2025-09-06 00:53:00,128676,823.04,823.04,822.78,822.86,218.0,136048.0,136041.0
au2510.SHFE,SHFE.au2510,2025-09-06 00:54:00,128677,822.86,822.94,822.72,822.76,162.0,136041.0,136055.0
au2510.SHFE,SHFE.au2510,2025-09-06 00:55:00,128678,822.76,822.9,822.68,822.68,397.0,136055.0,136062.0
au2510.SHFE,SHFE.au2510,2025-09-06 00:56:00,128679,822.68,822.8,822.64,822.74,209.0,136062.0,136075.0
au2510.SHFE,SHFE.au2510,2025-09-06 00:57:00,128680,822.74,822.76,822.6,822.72,207.0,136075.0,136019.0
au2510.SHFE,SHFE.au2510,2025-09-06 00:58:00,128681,822.72,822.72,822.58,822.62,162.0,136019.0,136010.0
au2510.SHFE,SHFE.au2510,2025-09-06 00:59:00,128682,822.62,822.84,822.62,822.78,138.0,136010.0,136019.0
au2510.SHFE,SHFE.au2510,2025-09-06 01:00:00,128683,822.78,822.94,822.78,822.94,284.0,136019.0,136034.0
au2510.SHFE,SHFE.au2510,2025-09-06 01:01:00,128684,822.94,822.96,822.78,822.96,145.0,136034.0,136060.0
au2510.SHFE,SHFE.au2510,2025-09-06 01:02:00,128685,822.96,822.96,822.24,822.24,395.0,136060.0,136078.0
au2510.SHFE,SHFE.au2510,2025-09-06 01:03:00,128686,822.24,822.56,822.24,822.42,237.0,136078.0,136080.0
au2510.SHFE,SHFE.au2510,2025-09-06 01:04:00,128687,822.42,822.46,822.1,822.36,276.0,136080.0,136070.0
au2510.SHFE,SHFE.au2510,2025-09-06 01:05:00,128688,822.36,822.4,822.2,822.2,162.0,136070.0,136062.0
au2510.SHFE,SHFE.au2510,2025-09-06 01:06:00,128689,822.2,822.36,822.1,822.26,186.0,136062.0,136062.0
au2510.SHFE,SHFE.au2510,2025-09-06 01:07:00,128690,822.26,822.32,821.74,821.84,573.0,136062.0,136021.0
au2510.SHFE,SHFE.au2510,2025-09-06 01:08:00,128691,821.84,822.28,821.8,822.26,288.0,136021.0,136011.0
au2510.SHFE,SHFE.au2510,2025-09-06 01:09:00,128692,822.26,822.4,822.24,822.3,239.0,136011.0,135989.0
au2510.SHFE,SHFE.au2510,2025-09-06 01:10:00,128693,822.3,822.48,822.24,822.46,158.0,135989.0,135982.0
au2510.SHFE,SHFE.au2510,2025-09-06 01:11:00,128694,822.46,822.46,822.36,822.44,145.0,135982.0,135973.0
au2510.SHFE,SHFE.au2510,2025-09-06 01:12:00,128695,822.44,822.52,822.32,822.36,144.0,135973.0,135978.0
au2510.SHFE,SHFE.au2510,2025-09-06 01:13:00,128696,822.36,822.38,822.24,822.34,92.0,135978.0,135972.0
au2510.SHFE,SHFE.au2510,2025-09-06 01:14:00,128697,822.34,822.42,822.32,822.4,129.0,135972.0,135949.0
au2510.SHFE,SHFE.au2510,2025-09-06 01:15:00,128698,822.4,822.68,822.3,822.54,212.0,135949.0,135952.0
au2510.SHFE,SHFE.au2510,2025-09-06 01:16:00,128699,822.54,822.72,822.54,822.68,123.0,135952.0,135971.0
au2510.SHFE,SHFE.au2510,2025-09-06 01:17:00,128700,822.68,822.68,822.44,822.56,128.0,135971.0,135967.0
au2510.SHFE,SHFE.au2510,2025-09-06 01:18:00,128701,822.56,822.56,822.34,822.4,138.0,135967.0,135963.0
au2510.SHFE,SHFE.au2510,2025-09-06 01:19:00,128702,822.4,822.44,822.32,822.36,96.0,135963.0,135983.0
au2510.SHFE,SHFE.au2510,2025-09-06 01:20:00,128703,822.36,822.68,822.36,822.6,159.0,135983.0,136006.0
au2510.SHFE,SHFE.au2510,2025-09-06 01:21:00,128704,822.6,822.86,822.56,822.86,188.0,136006.0,136032.0
au2510.SHFE,SHFE.au2510,2025-09-06 01:22:00,128705,822.86,822.98,822.8,822.98,168.0,136032.0,136046.0
au2510.SHFE,SHFE.au2510,2025-09-06 01:23:00,128706,822.98,823.16,822.84,823.14,355.0,136046.0,136140.0
au2510.SHFE,SHFE.au2510,2025-09-06 01:24:00,128707,823.14,823.14,822.92,822.92,247.0,136140.0,136164.0
au2510.SHFE,SHFE.au2510,2025-09-06 01:25:00,128708,822.92,823.04,822.9,822.94,139.0,136164.0,136191.0
au2510.SHFE,SHFE.au2510,2025-09-06 01:26:00,128709,822.94,823.04,822.94,822.98,78.0,136191.0,136189.0
au2510.SHFE,SHFE.au2510,2025-09-06 01:27:00,128710,822.98,822.98,822.84,822.9,123.0,136189.0,136189.0
au2510.SHFE,SHFE.au2510,2025-09-06 01:28:00,128711,822.9,823.04,822.9,822.96,123.0,136189.0,136194.0
au2510.SHFE,SHFE.au2510,2025-09-06 01:29:00,128712,822.96,823.32,822.96,823.2,336.0,136194.0,136244.0
au2510.SHFE,SHFE.au2510,2025-09-06 01:30:00,128713,823.2,823.44,823.2,823.42,269.0,136244.0,136242.0
au2510.SHFE,SHFE.au2510,2025-09-06 01:31:00,128714,823.42,823.44,823.26,823.28,196.0,136242.0,136246.0
au2510.SHFE,SHFE.au2510,2025-09-06 01:32:00,128715,823.28,823.38,823.28,823.38,65.0,136246.0,136250.0
au2510.SHFE,SHFE.au2510,2025-09-06 01:33:00,128716,823.38,823.38,823.2,823.32,121.0,136250.0,136277.0
au2510.SHFE,SHFE.au2510,2025-09-06 01:34:00,128717,823.32,823.36,823.22,823.26,150.0,136277.0,136272.0
au2510.SHFE,SHFE.au2510,2025-09-06 01:35:00,128718,823.26,823.3,823.22,823.28,105.0,136272.0,136280.0
au2510.SHFE,SHFE.au2510,2025-09-06 01:36:00,128719,823.28,823.28,823.08,823.1,151.0,136280.0,136292.0
au2510.SHFE,SHFE.au2510,2025-09-06 01:37:00,128720,823.1,823.1,822.86,822.92,284.0,136292.0,136276.0
au2510.SHFE,SHFE.au2510,2025-09-06 01:38:00,128721,822.92,823.0,822.84,822.88,274.0,136276.0,136269.0
au2510.SHFE,SHFE.au2510,2025-09-06 01:39:00,128722,822.88,823.06,822.86,823.0,153.0,136269.0,136245.0
au2510.SHFE,SHFE.au2510,2025-09-06 01:40:00,128723,823.0,823.0,822.74,822.76,226.0,136245.0,136198.0
au2510.SHFE,SHFE.au2510,2025-09-06 01:41:00,128724,822.76,822.86,822.62,822.78,186.0,136198.0,136181.0
au2510.SHFE,SHFE.au2510,2025-09-06 01:42:00,128725,822.78,822.94,822.74,822.88,254.0,136181.0,136194.0
au2510.SHFE,SHFE.au2510,2025-09-06 01:43:00,128726,822.88,822.94,822.7,822.74,119.0,136194.0,136194.0
au2510.SHFE,SHFE.au2510,2025-09-06 01:44:00,128727,822.74,822.86,822.7,822.84,108.0,136194.0,136213.0
au2510.SHFE,SHFE.au2510,2025-09-06 01:45:00,128728,822.84,822.98,822.82,822.98,145.0,136213.0,136213.0
au2510.SHFE,SHFE.au2510,2025-09-06 01:46:00,128729,822.98,823.16,822.98,823.06,224.0,136213.0,136246.0
au2510.SHFE,SHFE.au2510,2025-09-06 01:47:00,128730,823.06,823.12,822.96,822.96,214.0,136246.0,136303.0
au2510.SHFE,SHFE.au2510,2025-09-06 01:48:00,128731,822.96,822.96,822.8,822.88,153.0,136303.0,136312.0
au2510.SHFE,SHFE.au2510,2025-09-06 01:49:00,128732,822.88,822.98,822.86,822.94,50.0,136312.0,136315.0
au2510.SHFE,SHFE.au2510,2025-09-06 01:50:00,128733,822.94,823.0,822.88,822.94,86.0,136315.0,136304.0
au2510.SHFE,SHFE.au2510,2025-09-06 01:51:00,128734,822.94,823.04,822.92,822.94,105.0,136304.0,136306.0
au2510.SHFE,SHFE.au2510,2025-09-06 01:52:00,128735,822.94,823.12,822.94,823.08,101.0,136306.0,136307.0
au2510.SHFE,SHFE.au2510,2025-09-06 01:53:00,128736,823.08,823.2,823.08,823.16,150.0,136307.0,136314.0
au2510.SHFE,SHFE.au2510,2025-09-06 01:54:00,128737,823.16,823.18,823.08,823.16,107.0,136314.0,136321.0
au2510.SHFE,SHFE.au2510,2025-09-06 01:55:00,128738,823.16,823.3,823.08,823.08,127.0,136321.0,136328.0
au2510.SHFE,SHFE.au2510,2025-09-06 01:56:00,128739,823.08,823.12,823.02,823.1,87.0,136328.0,136313.0
au2510.SHFE,SHFE.au2510,2025-09-06 01:57:00,128740,823.1,823.16,823.04,823.08,65.0,136313.0,136312.0
au2510.SHFE,SHFE.au2510,2025-09-06 01:58:00,128741,823.08,823.18,823.08,823.16,90.0,136312.0,136314.0
au2510.SHFE,SHFE.au2510,2025-09-06 01:59:00,128742,823.16,823.22,823.14,823.18,66.0,136314.0,136295.0
au2510.SHFE,SHFE.au2510,2025-09-06 02:00:00,128743,823.18,823.4,823.02,823.1,208.0,136295.0,136289.0
au2510.SHFE,SHFE.au2510,2025-09-06 02:01:00,128744,823.1,823.28,822.9,823.24,153.0,136289.0,136279.0
au2510.SHFE,SHFE.au2510,2025-09-06 02:02:00,128745,823.24,823.38,823.22,823.3,112.0,136279.0,136268.0
au2510.SHFE,SHFE.au2510,2025-09-06 02:03:00,128746,823.3,823.34,823.2,823.3,118.0,136268.0,136265.0
au2510.SHFE,SHFE.au2510,2025-09-06 02:04:00,128747,823.3,823.42,823.22,823.22,99.0,136265.0,136264.0
au2510.SHFE,SHFE.au2510,2025-09-06 02:05:00,128748,823.22,823.32,823.22,823.28,78.0,136264.0,136272.0
au2510.SHFE,SHFE.au2510,2025-09-06 02:06:00,128749,823.28,823.28,823.22,823.22,41.0,136272.0,136272.0
au2510.SHFE,SHFE.au2510,2025-09-06 02:07:00,128750,823.22,823.24,823.16,823.18,59.0,136272.0,136274.0
au2510.SHFE,SHFE.au2510,2025-09-06 02:08:00,128751,823.18,823.18,823.06,823.12,99.0,136274.0,136262.0
au2510.SHFE,SHFE.au2510,2025-09-06 02:09:00,128752,823.12,823.3,823.08,823.2,86.0,136262.0,136241.0
au2510.SHFE,SHFE.au2510,2025-09-06 02:10:00,128753,823.2,823.26,823.1,823.12,88.0,136241.0,136233.0
au2510.SHFE,SHFE.au2510,2025-09-06 02:11:00,128754,823.12,823.18,823.08,823.12,36.0,136233.0,136227.0
au2510.SHFE,SHFE.au2510,2025-09-06 02:12:00,128755,823.12,823.14,822.86,822.94,170.0,136227.0,136183.0
au2510.SHFE,SHFE.au2510,2025-09-06 02:13:00,128756,822.94,823.0,822.76,822.78,174.0,136183.0,136141.0
au2510.SHFE,SHFE.au2510,2025-09-06 02:14:00,128757,822.78,822.82,822.6,822.64,213.0,136141.0,136063.0
au2510.SHFE,SHFE.au2510,2025-09-06 02:15:00,128758,822.64,822.82,822.62,822.76,232.0,136063.0,136018.0
au2510.SHFE,SHFE.au2510,2025-09-06 02:16:00,128759,822.76,822.8,822.72,822.74,111.0,136018.0,136004.0
au2510.SHFE,SHFE.au2510,2025-09-06 02:17:00,128760,822.74,822.76,822.68,822.68,141.0,136004.0,136038.0
au2510.SHFE,SHFE.au2510,2025-09-06 02:18:00,128761,822.68,822.68,822.34,822.58,182.0,136038.0,136011.0
au2510.SHFE,SHFE.au2510,2025-09-06 02:19:00,128762,822.58,822.86,822.58,822.86,145.0,136011.0,135997.0
au2510.SHFE,SHFE.au2510,2025-09-06 02:20:00,128763,822.86,822.92,822.74,822.78,203.0,135997.0,136014.0
au2510.SHFE,SHFE.au2510,2025-09-06 02:21:00,128764,822.78,822.86,822.7,822.82,114.0,136014.0,136025.0
au2510.SHFE,SHFE.au2510,2025-09-06 02:22:00,128765,822.82,822.92,822.76,822.76,90.0,136025.0,136018.0
au2510.SHFE,SHFE.au2510,2025-09-06 02:23:00,128766,822.76,822.86,822.76,822.84,39.0,136018.0,136002.0
au2510.SHFE,SHFE.au2510,2025-09-06 02:24:00,128767,822.84,822.94,822.84,822.88,67.0,136002.0,135987.0
au2510.SHFE,SHFE.au2510,2025-09-06 02:25:00,128768,822.88,822.96,822.86,822.9,78.0,135987.0,135969.0
au2510.SHFE,SHFE.au2510,2025-09-06 02:26:00,128769,822.9,822.94,822.84,822.88,92.0,135969.0,135935.0
au2510.SHFE,SHFE.au2510,2025-09-06 02:27:00,128770,822.88,822.94,822.74,822.86,187.0,135935.0,135847.0
au2510.SHFE,SHFE.au2510,2025-09-06 02:28:00,128771,822.86,822.86,822.74,822.76,142.0,135847.0,135784.0
au2510.SHFE,SHFE.au2510,2025-09-06 02:29:00,128772,822.76,822.9,822.72,822.78,385.0,135784.0,135664.0
au2510.SHFE,SHFE.au2510,2025-09-08 09:00:00,128773,821.8,822.18,820.86,821.24,3125.0,135664.0,135764.0
au2510.SHFE,SHFE.au2510,2025-09-08 09:01:00,128774,821.24,821.78,820.9,821.72,1536.0,135764.0,135817.0
au2510.SHFE,SHFE.au2510,2025-09-08 09:02:00,128775,821.72,821.86,821.3,821.74,1200.0,135817.0,135868.0
au2510.SHFE,SHFE.au2510,2025-09-08 09:03:00,128776,821.74,821.96,821.4,821.52,1123.0,135868.0,135822.0
au2510.SHFE,SHFE.au2510,2025-09-08 09:04:00,128777,821.52,821.52,820.76,820.8,1122.0,135822.0,135710.0
au2510.SHFE,SHFE.au2510,2025-09-08 09:05:00,128778,820.8,820.98,820.16,820.26,1552.0,135710.0,135462.0
au2510.SHFE,SHFE.au2510,2025-09-08 09:06:00,128779,820.26,820.28,819.54,819.74,1624.0,135462.0,135305.0
au2510.SHFE,SHFE.au2510,2025-09-08 09:07:00,128780,819.74,820.14,819.4,820.06,978.0,135305.0,135303.0
au2510.SHFE,SHFE.au2510,2025-09-08 09:08:00,128781,820.06,820.26,819.68,819.7,755.0,135303.0,135297.0
au2510.SHFE,SHFE.au2510,2025-09-08 09:09:00,128782,819.7,819.74,819.06,819.1,1091.0,135297.0,135263.0
au2510.SHFE,SHFE.au2510,2025-09-08 09:10:00,128783,819.1,819.58,818.62,818.62,1422.0,135263.0,135160.0
au2510.SHFE,SHFE.au2510,2025-09-08 09:11:00,128784,818.62,818.88,818.1,818.32,1718.0,135160.0,135190.0
au2510.SHFE,SHFE.au2510,2025-09-08 09:12:00,128785,818.32,819.12,818.04,819.04,1379.0,135190.0,135027.0
au2510.SHFE,SHFE.au2510,2025-09-08 09:13:00,128786,819.04,819.46,818.86,819.3,930.0,135027.0,134988.0
au2510.SHFE,SHFE.au2510,2025-09-08 09:14:00,128787,819.3,819.54,819.28,819.42,632.0,134988.0,134891.0
au2510.SHFE,SHFE.au2510,2025-09-08 09:15:00,128788,819.42,819.44,818.76,819.18,633.0,134891.0,134836.0
au2510.SHFE,SHFE.au2510,2025-09-08 09:16:00,128789,819.18,819.42,818.9,819.02,575.0,134836.0,134796.0
au2510.SHFE,SHFE.au2510,2025-09-08 09:17:00,128790,819.02,819.16,818.9,818.98,554.0,134796.0,134751.0
au2510.SHFE,SHFE.au2510,2025-09-08 09:18:00,128791,818.98,819.3,818.82,819.0,395.0,134751.0,134706.0
au2510.SHFE,SHFE.au2510,2025-09-08 09:19:00,128792,819.0,819.16,818.9,818.98,643.0,134706.0,134802.0
au2510.SHFE,SHFE.au2510,2025-09-08 09:20:00,128793,818.98,819.04,818.5,818.54,606.0,134802.0,134744.0
au2510.SHFE,SHFE.au2510,2025-09-08 09:21:00,128794,818.54,819.0,818.46,818.66,529.0,134744.0,134675.0
au2510.SHFE,SHFE.au2510,2025-09-08 09:22:00,128795,818.66,819.38,818.64,819.34,652.0,134675.0,134608.0
au2510.SHFE,SHFE.au2510,2025-09-08 09:23:00,128796,819.34,819.6,819.32,819.52,509.0,134608.0,134558.0
au2510.SHFE,SHFE.au2510,2025-09-08 09:24:00,128797,819.52,819.94,819.48,819.76,704.0,134558.0,134450.0
au2510.SHFE,SHFE.au2510,2025-09-08 09:25:00,128798,819.76,820.08,819.56,820.04,656.0,134450.0,134442.0
au2510.SHFE,SHFE.au2510,2025-09-08 09:26:00,128799,820.04,820.22,819.76,819.84,585.0,134442.0,134359.0
au2510.SHFE,SHFE.au2510,2025-09-08 09:27:00,128800,819.84,819.86,819.46,819.5,449.0,134359.0,134308.0
au2510.SHFE,SHFE.au2510,2025-09-08 09:28:00,128801,819.5,819.7,819.12,819.24,467.0,134308.0,134210.0
au2510.SHFE,SHFE.au2510,2025-09-08 09:29:00,128802,819.24,819.58,818.88,818.92,342.0,134210.0,134228.0
au2510.SHFE,SHFE.au2510,2025-09-08 09:30:00,128803,818.92,819.52,818.92,819.52,546.0,134228.0,134123.0
au2510.SHFE,SHFE.au2510,2025-09-08 09:31:00,128804,819.52,819.64,819.08,819.64,483.0,134123.0,134041.0
au2510.SHFE,SHFE.au2510,2025-09-08 09:32:00,128805,819.64,819.86,819.58,819.7,433.0,134041.0,134012.0
au2510.SHFE,SHFE.au2510,2025-09-08 09:33:00,128806,819.7,819.8,819.3,819.4,303.0,134012.0,133999.0
au2510.SHFE,SHFE.au2510,2025-09-08 09:34:00,128807,819.4,819.66,819.26,819.58,352.0,133999.0,133908.0
au2510.SHFE,SHFE.au2510,2025-09-08 09:35:00,128808,819.58,819.8,819.52,819.56,350.0,133908.0,133853.0
au2510.SHFE,SHFE.au2510,2025-09-08 09:36:00,128809,819.56,819.64,819.24,819.54,323.0,133853.0,133795.0
au2510.SHFE,SHFE.au2510,2025-09-08 09:37:00,128810,819.54,819.94,819.4,819.94,382.0,133795.0,133783.0
au2510.SHFE,SHFE.au2510,2025-09-08 09:38:00,128811,819.94,820.14,819.72,819.8,541.0,133783.0,133743.0
au2510.SHFE,SHFE.au2510,2025-09-08 09:39:00,128812,819.8,819.86,819.52,819.78,334.0,133743.0,133688.0
au2510.SHFE,SHFE.au2510,2025-09-08 09:40:00,128813,819.78,819.8,819.48,819.78,165.0,133688.0,133669.0
au2510.SHFE,SHFE.au2510,2025-09-08 09:41:00,128814,819.78,820.02,819.78,819.86,192.0,133669.0,133619.0
au2510.SHFE,SHFE.au2510,2025-09-08 09:42:00,128815,819.86,820.02,819.78,819.88,458.0,133619.0,133554.0
au2510.SHFE,SHFE.au2510,2025-09-08 09:43:00,128816,819.88,819.88,819.56,819.72,299.0,133554.0,133460.0
au2510.SHFE,SHFE.au2510,2025-09-08 09:44:00,128817,819.72,819.84,819.6,819.7,187.0,133460.0,133428.0
au2510.SHFE,SHFE.au2510,2025-09-08 09:45:00,128818,819.7,819.86,819.54,819.58,251.0,133428.0,133390.0
au2510.SHFE,SHFE.au2510,2025-09-08 09:46:00,128819,819.58,819.64,819.24,819.26,514.0,133390.0,133241.0
au2510.SHFE,SHFE.au2510,2025-09-08 09:47:00,128820,819.26,819.62,819.02,819.54,640.0,133241.0,133125.0
au2510.SHFE,SHFE.au2510,2025-09-08 09:48:00,128821,819.54,819.76,819.5,819.7,280.0,133125.0,133069.0
au2510.SHFE,SHFE.au2510,2025-09-08 09:49:00,128822,819.7,819.84,819.44,819.48,302.0,133069.0,133035.0
au2510.SHFE,SHFE.au2510,2025-09-08 09:50:00,128823,819.48,819.74,819.44,819.66,286.0,133035.0,132994.0
au2510.SHFE,SHFE.au2510,2025-09-08 09:51:00,128824,819.66,819.8,819.54,819.78,257.0,132994.0,133017.0
au2510.SHFE,SHFE.au2510,2025-09-08 09:52:00,128825,819.78,820.14,819.78,819.84,387.0,133017.0,132971.0
au2510.SHFE,SHFE.au2510,2025-09-08 09:53:00,128826,819.84,819.92,819.62,819.84,236.0,132971.0,132962.0
au2510.SHFE,SHFE.au2510,2025-09-08 09:54:00,128827,819.84,820.0,819.82,819.98,169.0,132962.0,132921.0
au2510.SHFE,SHFE.au2510,2025-09-08 09:55:00,128828,819.98,820.58,819.98,820.56,613.0,132921.0,132982.0
au2510.SHFE,SHFE.au2510,2025-09-08 09:56:00,128829,820.56,820.6,820.22,820.38,381.0,132982.0,132984.0
au2510.SHFE,SHFE.au2510,2025-09-08 09:57:00,128830,820.38,820.42,820.1,820.12,216.0,132984.0,132948.0
au2510.SHFE,SHFE.au2510,2025-09-08 09:58:00,128831,820.12,820.26,820.06,820.24,249.0,132948.0,132916.0
au2510.SHFE,SHFE.au2510,2025-09-08 09:59:00,128832,820.24,820.66,820.2,820.44,393.0,132916.0,132897.0
au2510.SHFE,SHFE.au2510,2025-09-08 10:00:00,128833,820.44,821.18,820.32,821.1,867.0,132897.0,132992.0
au2510.SHFE,SHFE.au2510,2025-09-08 10:01:00,128834,821.1,821.34,820.96,821.04,699.0,132992.0,132924.0
au2510.SHFE,SHFE.au2510,2025-09-08 10:02:00,128835,821.04,821.44,821.04,821.36,371.0,132924.0,132918.0
au2510.SHFE,SHFE.au2510,2025-09-08 10:03:00,128836,821.36,821.4,821.0,821.08,532.0,132918.0,132854.0
au2510.SHFE,SHFE.au2510,2025-09-08 10:04:00,128837,821.08,821.2,820.92,821.08,457.0,132854.0,132880.0
au2510.SHFE,SHFE.au2510,2025-09-08 10:05:00,128838,821.08,821.5,820.9,821.44,534.0,132880.0,132831.0
au2510.SHFE,SHFE.au2510,2025-09-08 10:06:00,128839,821.44,821.6,821.22,821.4,648.0,132831.0,132782.0
au2510.SHFE,SHFE.au2510,2025-09-08 10:07:00,128840,821.4,821.5,821.04,821.1,346.0,132782.0,132803.0
au2510.SHFE,SHFE.au2510,2025-09-08 10:08:00,128841,821.1,821.24,820.88,821.08,331.0,132803.0,132766.0
au2510.SHFE,SHFE.au2510,2025-09-08 10:09:00,128842,821.08,821.08,820.58,820.8,407.0,132766.0,132704.0
au2510.SHFE,SHFE.au2510,2025-09-08 10:10:00,128843,820.8,820.8,820.46,820.48,370.0,132704.0,132661.0
au2510.SHFE,SHFE.au2510,2025-09-08 10:11:00,128844,820.48,820.62,820.08,820.24,604.0,132661.0,132596.0
au2510.SHFE,SHFE.au2510,2025-09-08 10:12:00,128845,820.24,820.4,820.1,820.22,564.0,132596.0,132522.0
au2510.SHFE,SHFE.au2510,2025-09-08 10:13:00,128846,820.22,820.5,820.14,820.32,353.0,132522.0,132438.0
au2510.SHFE,SHFE.au2510,2025-09-08 10:14:00,128847,820.32,820.5,820.28,820.4,225.0,132438.0,132413.0
au2510.SHFE,SHFE.au2510,2025-09-08 10:30:00,128848,820.7,821.3,820.7,821.3,700.0,132413.0,132382.0
au2510.SHFE,SHFE.au2510,2025-09-08 10:31:00,128849,821.3,821.44,821.18,821.3,364.0,132382.0,132396.0
au2510.SHFE,SHFE.au2510,2025-09-08 10:32:00,128850,821.3,821.5,820.88,820.88,556.0,132396.0,132477.0
au2510.SHFE,SHFE.au2510,2025-09-08 10:33:00,128851,820.88,821.16,820.78,821.1,660.0,132477.0,132426.0
au2510.SHFE,SHFE.au2510,2025-09-08 10:34:00,128852,821.1,821.24,821.0,821.22,363.0,132426.0,132404.0
au2510.SHFE,SHFE.au2510,2025-09-08 10:35:00,128853,821.22,821.22,820.96,821.1,176.0,132404.0,132380.0
au2510.SHFE,SHFE.au2510,2025-09-08 10:36:00,128854,821.1,821.2,820.96,820.96,159.0,132380.0,132365.0
au2510.SHFE,SHFE.au2510,2025-09-08 10:37:00,128855,820.96,821.08,820.84,821.08,161.0,132365.0,132347.0
au2510.SHFE,SHFE.au2510,2025-09-08 10:38:00,128856,821.08,821.08,820.82,821.06,136.0,132347.0,132335.0
au2510.SHFE,SHFE.au2510,2025-09-08 10:39:00,128857,821.06,821.24,821.04,821.18,188.0,132335.0,132344.0
au2510.SHFE,SHFE.au2510,2025-09-08 10:40:00,128858,821.18,821.34,820.84,821.02,370.0,132344.0,132297.0
au2510.SHFE,SHFE.au2510,2025-09-08 10:41:00,128859,821.02,821.06,820.86,821.02,211.0,132297.0,132230.0
au2510.SHFE,SHFE.au2510,2025-09-08 10:42:00,128860,821.02,821.08,820.84,820.96,174.0,132230.0,132204.0
au2510.SHFE,SHFE.au2510,2025-09-08 10:43:00,128861,820.96,820.98,820.74,820.84,285.0,132204.0,132147.0
au2510.SHFE,SHFE.au2510,2025-09-08 10:44:00,128862,820.84,820.88,820.7,820.78,257.0,132147.0,132094.0
au2510.SHFE,SHFE.au2510,2025-09-08 10:45:00,128863,820.78,821.06,820.78,820.82,330.0,132094.0,131998.0
au2510.SHFE,SHFE.au2510,2025-09-08 10:46:00,128864,820.82,820.86,820.54,820.86,350.0,131998.0,131964.0
au2510.SHFE,SHFE.au2510,2025-09-08 10:47:00,128865,820.86,821.12,820.8,821.02,217.0,131964.0,131937.0
au2510.SHFE,SHFE.au2510,2025-09-08 10:48:00,128866,821.02,821.24,820.98,821.18,153.0,131937.0,131952.0
au2510.SHFE,SHFE.au2510,2025-09-08 10:49:00,128867,821.18,821.24,821.04,821.1,153.0,131952.0,131946.0
au2510.SHFE,SHFE.au2510,2025-09-08 10:50:00,128868,821.1,821.22,821.02,821.18,116.0,131946.0,131947.0
au2510.SHFE,SHFE.au2510,2025-09-08 10:51:00,128869,821.18,821.2,821.06,821.14,81.0,131947.0,131958.0
au2510.SHFE,SHFE.au2510,2025-09-08 10:52:00,128870,821.14,821.4,821.12,821.32,211.0,131958.0,131936.0
au2510.SHFE,SHFE.au2510,2025-09-08 10:53:00,128871,821.32,821.5,821.28,821.42,267.0,131936.0,131953.0
au2510.SHFE,SHFE.au2510,2025-09-08 10:54:00,128872,821.42,821.6,821.22,821.44,529.0,131953.0,132044.0
au2510.SHFE,SHFE.au2510,2025-09-08 10:55:00,128873,821.44,821.62,821.4,821.6,243.0,132044.0,131998.0
au2510.SHFE,SHFE.au2510,2025-09-08 10:56:00,128874,821.6,821.74,821.5,821.7,234.0,131998.0,132010.0
au2510.SHFE,SHFE.au2510,2025-09-08 10:57:00,128875,821.7,821.82,821.66,821.7,254.0,132010.0,132013.0
au2510.SHFE,SHFE.au2510,2025-09-08 10:58:00,128876,821.7,821.88,821.58,821.76,264.0,132013.0,132054.0
au2510.SHFE,SHFE.au2510,2025-09-08 10:59:00,128877,821.76,821.8,821.4,821.48,294.0,132054.0,132040.0
au2510.SHFE,SHFE.au2510,2025-09-08 11:00:00,128878,821.48,821.66,821.48,821.58,189.0,132040.0,132044.0
au2510.SHFE,SHFE.au2510,2025-09-08 11:01:00,128879,821.58,821.66,821.42,821.44,192.0,132044.0,132031.0
au2510.SHFE,SHFE.au2510,2025-09-08 11:02:00,128880,821.44,821.68,821.44,821.62,111.0,132031.0,132058.0
au2510.SHFE,SHFE.au2510,2025-09-08 11:03:00,128881,821.62,821.62,821.24,821.24,196.0,132058.0,132024.0
au2510.SHFE,SHFE.au2510,2025-09-08 11:04:00,128882,821.24,821.54,821.24,821.5,214.0,132024.0,131988.0
au2510.SHFE,SHFE.au2510,2025-09-08 11:05:00,128883,821.5,821.58,821.38,821.38,222.0,131988.0,132003.0
au2510.SHFE,SHFE.au2510,2025-09-08 11:06:00,128884,821.38,821.44,821.26,821.26,96.0,132003.0,132010.0
au2510.SHFE,SHFE.au2510,2025-09-08 11:07:00,128885,821.26,821.36,821.12,821.3,135.0,132010.0,131991.0
au2510.SHFE,SHFE.au2510,2025-09-08 11:08:00,128886,821.3,821.32,821.12,821.2,128.0,131991.0,131975.0
au2510.SHFE,SHFE.au2510,2025-09-08 11:09:00,128887,821.2,821.28,821.12,821.22,162.0,131975.0,131965.0
au2510.SHFE,SHFE.au2510,2025-09-08 11:10:00,128888,821.22,821.22,820.82,820.84,327.0,131965.0,132005.0
au2510.SHFE,SHFE.au2510,2025-09-08 11:11:00,128889,820.84,820.88,820.7,820.82,273.0,132005.0,131952.0
au2510.SHFE,SHFE.au2510,2025-09-08 11:12:00,128890,820.82,820.94,820.7,820.8,238.0,131952.0,131909.0
au2510.SHFE,SHFE.au2510,2025-09-08 11:13:00,128891,820.8,820.88,820.66,820.68,268.0,131909.0,131844.0
au2510.SHFE,SHFE.au2510,2025-09-08 11:14:00,128892,820.68,820.86,820.66,820.7,210.0,131844.0,131853.0
au2510.SHFE,SHFE.au2510,2025-09-08 11:15:00,128893,820.7,820.8,820.62,820.74,319.0,131853.0,131838.0
au2510.SHFE,SHFE.au2510,2025-09-08 11:16:00,128894,820.74,820.76,820.6,820.72,212.0,131838.0,131780.0
au2510.SHFE,SHFE.au2510,2025-09-08 11:17:00,128895,820.72,820.8,820.68,820.76,171.0,131780.0,131763.0
au2510.SHFE,SHFE.au2510,2025-09-08 11:18:00,128896,820.76,820.84,820.66,820.8,118.0,131763.0,131760.0
au2510.SHFE,SHFE.au2510,2025-09-08 11:19:00,128897,820.8,820.94,820.8,820.88,195.0,131760.0,131749.0
au2510.SHFE,SHFE.au2510,2025-09-08 11:20:00,128898,820.88,820.88,820.66,820.68,117.0,131749.0,131728.0
au2510.SHFE,SHFE.au2510,2025-09-08 11:21:00,128899,820.68,821.12,820.66,821.06,295.0,131728.0,131763.0
au2510.SHFE,SHFE.au2510,2025-09-08 11:22:00,128900,821.06,821.06,820.8,820.8,131.0,131763.0,131735.0
au2510.SHFE,SHFE.au2510,2025-09-08 11:23:00,128901,820.8,820.96,820.76,820.88,75.0,131735.0,131719.0
au2510.SHFE,SHFE.au2510,2025-09-08 11:24:00,128902,820.88,820.88,820.72,820.76,113.0,131719.0,131696.0
au2510.SHFE,SHFE.au2510,2025-09-08 11:25:00,128903,820.76,820.84,820.68,820.68,70.0,131696.0,131672.0
au2510.SHFE,SHFE.au2510,2025-09-08 11:26:00,128904,820.68,820.8,820.6,820.66,200.0,131672.0,131616.0
au2510.SHFE,SHFE.au2510,2025-09-08 11:27:00,128905,820.66,820.72,820.54,820.6,211.0,131616.0,131539.0
au2510.SHFE,SHFE.au2510,2025-09-08 11:28:00,128906,820.6,820.6,820.24,820.34,339.0,131539.0,131476.0
au2510.SHFE,SHFE.au2510,2025-09-08 11:29:00,128907,820.34,820.62,820.32,820.4,322.0,131476.0,131372.0
au2510.SHFE,SHFE.au2510,2025-09-08 13:30:00,128908,819.64,819.86,819.52,819.56,910.0,131372.0,131442.0
au2510.SHFE,SHFE.au2510,2025-09-08 13:31:00,128909,819.56,820.06,819.52,820.06,412.0,131442.0,131508.0
au2510.SHFE,SHFE.au2510,2025-09-08 13:32:00,128910,820.06,820.24,820.06,820.14,334.0,131508.0,131568.0
au2510.SHFE,SHFE.au2510,2025-09-08 13:33:00,128911,820.14,820.14,819.82,819.98,206.0,131568.0,131556.0
au2510.SHFE,SHFE.au2510,2025-09-08 13:34:00,128912,819.98,820.08,819.8,819.96,340.0,131556.0,131576.0
au2510.SHFE,SHFE.au2510,2025-09-08 13:35:00,128913,819.96,820.32,819.96,820.3,509.0,131576.0,131478.0
au2510.SHFE,SHFE.au2510,2025-09-08 13:36:00,128914,820.3,820.38,820.2,820.32,272.0,131478.0,131512.0
au2510.SHFE,SHFE.au2510,2025-09-08 13:37:00,128915,820.32,820.36,820.24,820.32,175.0,131512.0,131490.0
au2510.SHFE,SHFE.au2510,2025-09-08 13:38:00,128916,820.32,820.32,820.12,820.22,235.0,131490.0,131477.0
au2510.SHFE,SHFE.au2510,2025-09-08 13:39:00,128917,820.22,820.6,820.22,820.5,368.0,131477.0,131418.0
au2510.SHFE,SHFE.au2510,2025-09-08 13:40:00,128918,820.5,820.58,820.4,820.52,234.0,131418.0,131372.0
au2510.SHFE,SHFE.au2510,2025-09-08 13:41:00,128919,820.52,820.6,820.36,820.52,215.0,131372.0,131370.0
au2510.SHFE,SHFE.au2510,2025-09-08 13:42:00,128920,820.52,820.58,820.46,820.52,168.0,131370.0,131333.0
au2510.SHFE,SHFE.au2510,2025-09-08 13:43:00,128921,820.52,820.64,820.46,820.52,213.0,131333.0,131279.0
au2510.SHFE,SHFE.au2510,2025-09-08 13:44:00,128922,820.52,820.52,820.42,820.46,126.0,131279.0,131232.0
au2510.SHFE,SHFE.au2510,2025-09-08 13:45:00,128923,820.46,820.74,820.46,820.68,238.0,131232.0,131196.0
au2510.SHFE,SHFE.au2510,2025-09-08 13:46:00,128924,820.68,820.82,820.64,820.76,241.0,131196.0,131104.0
au2510.SHFE,SHFE.au2510,2025-09-08 13:47:00,128925,820.76,820.82,820.64,820.7,161.0,131104.0,131075.0
au2510.SHFE,SHFE.au2510,2025-09-08 13:48:00,128926,820.7,820.96,820.7,820.92,366.0,131075.0,130932.0
au2510.SHFE,SHFE.au2510,2025-09-08 13:49:00,128927,820.92,821.18,820.9,821.1,266.0,130932.0,130924.0
au2510.SHFE,SHFE.au2510,2025-09-08 13:50:00,128928,821.1,821.1,820.88,820.98,277.0,130924.0,130854.0
au2510.SHFE,SHFE.au2510,2025-09-08 13:51:00,128929,820.98,821.0,820.56,820.56,395.0,130854.0,130807.0
au2510.SHFE,SHFE.au2510,2025-09-08 13:52:00,128930,820.56,820.88,820.52,820.84,261.0,130807.0,130794.0
au2510.SHFE,SHFE.au2510,2025-09-08 13:53:00,128931,820.84,821.16,820.84,821.14,254.0,130794.0,130763.0
au2510.SHFE,SHFE.au2510,2025-09-08 13:54:00,128932,821.14,821.2,821.04,821.2,220.0,130763.0,130728.0
au2510.SHFE,SHFE.au2510,2025-09-08 13:55:00,128933,821.2,821.54,821.2,821.42,361.0,130728.0,130759.0
au2510.SHFE,SHFE.au2510,2025-09-08 13:56:00,128934,821.42,821.78,821.38,821.66,819.0,130759.0,130851.0
au2510.SHFE,SHFE.au2510,2025-09-08 13:57:00,128935,821.66,821.72,821.56,821.6,303.0,130851.0,130905.0
au2510.SHFE,SHFE.au2510,2025-09-08 13:58:00,128936,821.6,821.86,821.52,821.74,334.0,130905.0,130919.0
au2510.SHFE,SHFE.au2510,2025-09-08 13:59:00,128937,821.74,821.82,821.62,821.62,161.0,130919.0,130943.0
au2510.SHFE,SHFE.au2510,2025-09-08 14:00:00,128938,821.62,821.8,821.6,821.66,301.0,130943.0,130963.0
au2510.SHFE,SHFE.au2510,2025-09-08 14:01:00,128939,821.66,821.66,821.46,821.56,248.0,130963.0,130916.0
au2510.SHFE,SHFE.au2510,2025-09-08 14:02:00,128940,821.56,821.68,821.5,821.56,260.0,130916.0,130885.0
au2510.SHFE,SHFE.au2510,2025-09-08 14:03:00,128941,821.56,821.76,821.34,821.4,315.0,130885.0,130852.0
au2510.SHFE,SHFE.au2510,2025-09-08 14:04:00,128942,821.4,821.44,821.24,821.44,394.0,130852.0,130826.0
au2510.SHFE,SHFE.au2510,2025-09-08 14:05:00,128943,821.44,821.68,821.26,821.52,276.0,130826.0,130742.0
au2510.SHFE,SHFE.au2510,2025-09-08 14:06:00,128944,821.52,821.7,821.5,821.66,207.0,130742.0,130698.0
au2510.SHFE,SHFE.au2510,2025-09-08 14:07:00,128945,821.66,821.7,821.36,821.38,235.0,130698.0,130673.0
au2510.SHFE,SHFE.au2510,2025-09-08 14:08:00,128946,821.38,821.4,821.24,821.4,340.0,130673.0,130672.0
au2510.SHFE,SHFE.au2510,2025-09-08 14:09:00,128947,821.4,821.56,821.36,821.5,181.0,130672.0,130639.0
au2510.SHFE,SHFE.au2510,2025-09-08 14:10:00,128948,821.5,821.68,821.48,821.64,201.0,130639.0,130647.0
au2510.SHFE,SHFE.au2510,2025-09-08 14:11:00,128949,821.64,821.72,821.56,821.66,187.0,130647.0,130655.0
au2510.SHFE,SHFE.au2510,2025-09-08 14:12:00,128950,821.66,821.78,821.64,821.78,206.0,130655.0,130653.0
au2510.SHFE,SHFE.au2510,2025-09-08 14:13:00,128951,821.78,822.18,821.66,822.06,494.0,130653.0,130678.0
au2510.SHFE,SHFE.au2510,2025-09-08 14:14:00,128952,822.06,822.14,821.94,822.04,287.0,130678.0,130684.0
au2510.SHFE,SHFE.au2510,2025-09-08 14:15:00,128953,822.04,822.12,821.72,821.72,236.0,130684.0,130691.0
au2510.SHFE,SHFE.au2510,2025-09-08 14:16:00,128954,821.72,821.78,821.6,821.68,235.0,130691.0,130659.0
au2510.SHFE,SHFE.au2510,2025-09-08 14:17:00,128955,821.68,821.76,821.6,821.68,168.0,130659.0,130650.0
au2510.SHFE,SHFE.au2510,2025-09-08 14:18:00,128956,821.68,821.84,821.68,821.72,123.0,130650.0,130636.0
au2510.SHFE,SHFE.au2510,2025-09-08 14:19:00,128957,821.72,821.76,821.52,821.58,310.0,130636.0,130603.0
au2510.SHFE,SHFE.au2510,2025-09-08 14:20:00,128958,821.58,821.78,821.52,821.78,194.0,130603.0,130581.0
au2510.SHFE,SHFE.au2510,2025-09-08 14:21:00,128959,821.78,821.82,821.68,821.72,123.0,130581.0,130589.0
au2510.SHFE,SHFE.au2510,2025-09-08 14:22:00,128960,821.72,821.9,821.72,821.86,160.0,130589.0,130577.0
au2510.SHFE,SHFE.au2510,2025-09-08 14:23:00,128961,821.86,821.9,821.76,821.84,123.0,130577.0,130586.0
au2510.SHFE,SHFE.au2510,2025-09-08 14:24:00,128962,821.84,821.98,821.82,821.92,226.0,130586.0,130586.0
au2510.SHFE,SHFE.au2510,2025-09-08 14:25:00,128963,821.92,822.0,821.9,822.0,191.0,130586.0,130567.0
au2510.SHFE,SHFE.au2510,2025-09-08 14:26:00,128964,822.0,822.26,822.0,822.26,348.0,130567.0,130554.0
au2510.SHFE,SHFE.au2510,2025-09-08 14:27:00,128965,822.26,822.32,822.04,822.08,379.0,130554.0,130553.0
au2510.SHFE,SHFE.au2510,2025-09-08 14:28:00,128966,822.08,822.28,822.08,822.18,174.0,130553.0,130523.0
au2510.SHFE,SHFE.au2510,2025-09-08 14:29:00,128967,822.18,822.36,822.14,822.36,166.0,130523.0,130504.0
au2510.SHFE,SHFE.au2510,2025-09-08 14:30:00,128968,822.36,822.42,822.3,822.4,250.0,130504.0,130519.0
au2510.SHFE,SHFE.au2510,2025-09-08 14:31:00,128969,822.4,822.44,822.12,822.16,248.0,130519.0,130491.0
au2510.SHFE,SHFE.au2510,2025-09-08 14:32:00,128970,822.16,822.32,822.0,822.32,235.0,130491.0,130461.0
au2510.SHFE,SHFE.au2510,2025-09-08 14:33:00,128971,822.32,822.48,822.32,822.46,242.0,130461.0,130460.0
au2510.SHFE,SHFE.au2510,2025-09-08 14:34:00,128972,822.46,822.56,822.26,822.28,260.0,130460.0,130470.0
au2510.SHFE,SHFE.au2510,2025-09-08 14:35:00,128973,822.28,822.32,822.18,822.18,298.0,130470.0,130440.0
au2510.SHFE,SHFE.au2510,2025-09-08 14:36:00,128974,822.18,822.38,822.18,822.32,186.0,130440.0,130442.0
au2510.SHFE,SHFE.au2510,2025-09-08 14:37:00,128975,822.32,822.4,822.3,822.36,132.0,130442.0,130433.0
au2510.SHFE,SHFE.au2510,2025-09-08 14:38:00,128976,822.36,822.48,822.36,822.48,202.0,130433.0,130411.0
au2510.SHFE,SHFE.au2510,2025-09-08 14:39:00,128977,822.48,822.54,822.36,822.38,175.0,130411.0,130378.0
au2510.SHFE,SHFE.au2510,2025-09-08 14:40:00,128978,822.38,822.4,822.2,822.3,181.0,130378.0,130365.0
au2510.SHFE,SHFE.au2510,2025-09-08 14:41:00,128979,822.3,822.36,822.16,822.16,158.0,130365.0,130358.0
au2510.SHFE,SHFE.au2510,2025-09-08 14:42:00,128980,822.16,822.44,822.16,822.44,238.0,130358.0,130309.0
au2510.SHFE,SHFE.au2510,2025-09-08 14:43:00,128981,822.44,822.84,822.44,822.84,618.0,130309.0,130183.0
au2510.SHFE,SHFE.au2510,2025-09-08 14:44:00,128982,822.84,822.88,822.68,822.88,319.0,130183.0,130169.0
au2510.SHFE,SHFE.au2510,2025-09-08 14:45:00,128983,822.88,823.02,822.8,822.84,396.0,130169.0,130176.0
au2510.SHFE,SHFE.au2510,2025-09-08 14:46:00,128984,822.84,822.86,822.68,822.8,423.0,130176.0,130139.0
au2510.SHFE,SHFE.au2510,2025-09-08 14:47:00,128985,822.8,822.9,822.76,822.8,225.0,130139.0,130102.0
au2510.SHFE,SHFE.au2510,2025-09-08 14:48:00,128986,822.8,822.8,822.64,822.7,175.0,130102.0,130061.0
au2510.SHFE,SHFE.au2510,2025-09-08 14:49:00,128987,822.7,822.7,822.54,822.64,225.0,130061.0,129987.0
au2510.SHFE,SHFE.au2510,2025-09-08 14:50:00,128988,822.64,822.68,822.28,822.4,344.0,129987.0,129919.0
au2510.SHFE,SHFE.au2510,2025-09-08 14:51:00,128989,822.4,822.58,822.3,822.32,269.0,129919.0,129885.0
au2510.SHFE,SHFE.au2510,2025-09-08 14:52:00,128990,822.32,822.34,822.12,822.3,269.0,129885.0,129841.0
au2510.SHFE,SHFE.au2510,2025-09-08 14:53:00,128991,822.3,822.4,822.28,822.34,224.0,129841.0,129805.0
au2510.SHFE,SHFE.au2510,2025-09-08 14:54:00,128992,822.34,822.44,822.26,822.44,180.0,129805.0,129776.0
au2510.SHFE,SHFE.au2510,2025-09-08 14:55:00,128993,822.44,822.64,822.4,822.62,314.0,129776.0,129767.0
au2510.SHFE,SHFE.au2510,2025-09-08 14:56:00,128994,822.62,822.76,822.54,822.68,248.0,129767.0,129760.0
au2510.SHFE,SHFE.au2510,2025-09-08 14:57:00,128995,822.68,822.88,822.68,822.68,444.0,129760.0,129723.0
au2510.SHFE,SHFE.au2510,2025-09-08 14:58:00,128996,822.68,822.82,822.68,822.76,326.0,129723.0,129649.0
au2510.SHFE,SHFE.au2510,2025-09-08 14:59:00,128997,822.76,822.88,822.66,822.86,592.0,129649.0,129838.0
au2510.SHFE,SHFE.au2510,2025-09-08 21:00:00,128998,827.5,828.42,827.4,828.2,2936.0,129838.0,130378.0
au2510.SHFE,SHFE.au2510,2025-09-08 21:01:00,128999,828.2,828.68,828.04,828.56,1431.0,130378.0,130429.0
au2510.SHFE,SHFE.au2510,2025-09-08 21:02:00,129000,828.56,829.66,828.56,829.66,1610.0,130429.0,130686.0
au2510.SHFE,SHFE.au2510,2025-09-08 21:03:00,129001,829.66,829.68,828.72,828.74,1484.0,130686.0,130771.0
au2510.SHFE,SHFE.au2510,2025-09-08 21:04:00,129002,828.74,828.9,828.48,828.66,1070.0,130771.0,130649.0
au2510.SHFE,SHFE.au2510,2025-09-08 21:05:00,129003,828.66,828.84,828.38,828.38,896.0,130649.0,130758.0
au2510.SHFE,SHFE.au2510,2025-09-08 21:06:00,129004,828.38,828.66,828.12,828.56,1102.0,130758.0,130712.0
au2510.SHFE,SHFE.au2510,2025-09-08 21:07:00,129005,828.56,829.16,828.56,828.96,1097.0,130712.0,130840.0
au2510.SHFE,SHFE.au2510,2025-09-08 21:08:00,129006,828.96,829.12,828.76,829.12,629.0,130840.0,130968.0
au2510.SHFE,SHFE.au2510,2025-09-08 21:09:00,129007,829.12,829.34,829.04,829.26,809.0,130968.0,131065.0
au2510.SHFE,SHFE.au2510,2025-09-08 21:10:00,129008,829.26,829.64,829.08,829.16,1106.0,131065.0,131090.0
au2510.SHFE,SHFE.au2510,2025-09-08 21:11:00,129009,829.16,829.32,828.92,829.06,792.0,131090.0,131038.0
au2510.SHFE,SHFE.au2510,2025-09-08 21:12:00,129010,829.06,829.08,828.8,829.0,686.0,131038.0,130917.0
au2510.SHFE,SHFE.au2510,2025-09-08 21:13:00,129011,829.0,829.42,828.9,829.34,646.0,130917.0,130894.0
au2510.SHFE,SHFE.au2510,2025-09-08 21:14:00,129012,829.34,829.82,829.24,829.44,1238.0,130894.0,131025.0
au2510.SHFE,SHFE.au2510,2025-09-08 21:15:00,129013,829.44,829.54,829.12,829.18,921.0,131025.0,131029.0
au2510.SHFE,SHFE.au2510,2025-09-08 21:16:00,129014,829.18,829.2,828.32,828.5,1251.0,131029.0,130947.0
au2510.SHFE,SHFE.au2510,2025-09-08 21:17:00,129015,828.5,828.58,828.34,828.5,907.0,130947.0,131056.0
au2510.SHFE,SHFE.au2510,2025-09-08 21:18:00,129016,828.5,828.74,828.24,828.32,836.0,131056.0,130996.0
au2510.SHFE,SHFE.au2510,2025-09-08 21:19:00,129017,828.32,828.66,828.26,828.3,637.0,130996.0,130962.0
au2510.SHFE,SHFE.au2510,2025-09-08 21:20:00,129018,828.3,828.48,828.1,828.32,815.0,130962.0,130860.0
au2510.SHFE,SHFE.au2510,2025-09-08 21:21:00,129019,828.32,828.32,827.98,828.1,719.0,130860.0,130797.0
au2510.SHFE,SHFE.au2510,2025-09-08 21:22:00,129020,828.1,828.54,828.1,828.26,557.0,130797.0,130765.0
au2510.SHFE,SHFE.au2510,2025-09-08 21:23:00,129021,828.26,828.76,828.24,828.76,671.0,130765.0,130721.0
au2510.SHFE,SHFE.au2510,2025-09-08 21:24:00,129022,828.76,828.76,828.32,828.4,546.0,130721.0,130776.0
au2510.SHFE,SHFE.au2510,2025-09-08 21:25:00,129023,828.4,828.64,828.3,828.5,448.0,130776.0,130733.0
au2510.SHFE,SHFE.au2510,2025-09-08 21:26:00,129024,828.5,828.52,828.24,828.4,442.0,130733.0,130702.0
au2510.SHFE,SHFE.au2510,2025-09-08 21:27:00,129025,828.4,828.48,828.18,828.34,404.0,130702.0,130704.0
au2510.SHFE,SHFE.au2510,2025-09-08 21:28:00,129026,828.34,828.48,828.06,828.34,616.0,130704.0,130667.0
au2510.SHFE,SHFE.au2510,2025-09-08 21:29:00,129027,828.34,828.64,828.08,828.08,522.0,130667.0,130599.0
au2510.SHFE,SHFE.au2510,2025-09-08 21:30:00,129028,828.08,828.44,827.96,828.18,914.0,130599.0,130671.0
au2510.SHFE,SHFE.au2510,2025-09-08 21:31:00,129029,828.18,828.48,827.64,827.64,836.0,130671.0,130671.0
au2510.SHFE,SHFE.au2510,2025-09-08 21:32:00,129030,827.64,827.8,827.36,827.76,1015.0,130671.0,130679.0
au2510.SHFE,SHFE.au2510,2025-09-08 21:33:00,129031,827.76,828.18,827.72,828.02,670.0,130679.0,130626.0
au2510.SHFE,SHFE.au2510,2025-09-08 21:34:00,129032,828.02,828.32,827.66,828.32,688.0,130626.0,130645.0
au2510.SHFE,SHFE.au2510,2025-09-08 21:35:00,129033,828.32,828.62,828.3,828.62,770.0,130645.0,130633.0
au2510.SHFE,SHFE.au2510,2025-09-08 21:36:00,129034,828.62,828.62,828.08,828.16,537.0,130633.0,130701.0
au2510.SHFE,SHFE.au2510,2025-09-08 21:37:00,129035,828.16,828.24,827.78,828.14,694.0,130701.0,130781.0
au2510.SHFE,SHFE.au2510,2025-09-08 21:38:00,129036,828.14,828.14,827.86,827.98,358.0,130781.0,130849.0
au2510.SHFE,SHFE.au2510,2025-09-08 21:39:00,129037,827.98,828.28,827.84,827.96,461.0,130849.0,130855.0
au2510.SHFE,SHFE.au2510,2025-09-08 21:40:00,129038,827.96,828.24,827.84,827.94,523.0,130855.0,130883.0
au2510.SHFE,SHFE.au2510,2025-09-08 21:41:00,129039,827.94,828.22,827.84,828.16,629.0,130883.0,130829.0
au2510.SHFE,SHFE.au2510,2025-09-08 21:42:00,129040,828.16,828.46,828.14,828.4,539.0,130829.0,130809.0
au2510.SHFE,SHFE.au2510,2025-09-08 21:43:00,129041,828.4,828.76,828.26,828.76,978.0,130809.0,130785.0
au2510.SHFE,SHFE.au2510,2025-09-08 21:44:00,129042,828.76,829.2,828.76,829.18,1032.0,130785.0,130865.0
au2510.SHFE,SHFE.au2510,2025-09-08 21:45:00,129043,829.18,829.64,829.18,829.5,1244.0,130865.0,131022.0
au2510.SHFE,SHFE.au2510,2025-09-08 21:46:00,129044,829.5,829.96,829.34,829.8,1325.0,131022.0,131205.0
au2510.SHFE,SHFE.au2510,2025-09-08 21:47:00,129045,829.8,829.8,829.2,829.4,1095.0,131205.0,131188.0
au2510.SHFE,SHFE.au2510,2025-09-08 21:48:00,129046,829.4,829.7,829.26,829.28,573.0,131188.0,131243.0
au2510.SHFE,SHFE.au2510,2025-09-08 21:49:00,129047,829.28,829.66,829.12,829.5,601.0,131243.0,131211.0
au2510.SHFE,SHFE.au2510,2025-09-08 21:50:00,129048,829.5,829.98,829.34,829.74,786.0,131211.0,131333.0
au2510.SHFE,SHFE.au2510,2025-09-08 21:51:00,129049,829.74,830.12,829.62,829.96,1062.0,131333.0,131516.0
au2510.SHFE,SHFE.au2510,2025-09-08 21:52:00,129050,829.96,830.3,829.92,830.04,786.0,131516.0,131583.0
au2510.SHFE,SHFE.au2510,2025-09-08 21:53:00,129051,830.04,830.26,829.98,830.18,927.0,131583.0,131615.0
au2510.SHFE,SHFE.au2510,2025-09-08 21:54:00,129052,830.18,830.26,829.74,829.76,779.0,131615.0,131423.0
au2510.SHFE,SHFE.au2510,2025-09-08 21:55:00,129053,829.76,829.92,829.28,829.28,1137.0,131423.0,131264.0
au2510.SHFE,SHFE.au2510,2025-09-08 21:56:00,129054,829.28,829.42,828.88,829.36,1721.0,131264.0,131120.0
au2510.SHFE,SHFE.au2510,2025-09-08 21:57:00,129055,829.36,829.66,829.3,829.66,653.0,131120.0,131115.0
au2510.SHFE,SHFE.au2510,2025-09-08 21:58:00,129056,829.66,829.78,829.46,829.56,483.0,131115.0,131100.0
au2510.SHFE,SHFE.au2510,2025-09-08 21:59:00,129057,829.56,829.72,829.54,829.6,315.0,131100.0,131132.0
au2510.SHFE,SHFE.au2510,2025-09-08 22:00:00,129058,829.6,829.68,829.26,829.44,482.0,131132.0,131161.0
au2510.SHFE,SHFE.au2510,2025-09-08 22:01:00,129059,829.44,829.66,829.42,829.56,341.0,131161.0,131172.0
au2510.SHFE,SHFE.au2510,2025-09-08 22:02:00,129060,829.56,830.16,829.52,829.96,1038.0,131172.0,131144.0
au2510.SHFE,SHFE.au2510,2025-09-08 22:03:00,129061,829.96,830.08,829.92,829.94,422.0,131144.0,131183.0
au2510.SHFE,SHFE.au2510,2025-09-08 22:04:00,129062,829.94,830.2,829.92,830.02,475.0,131183.0,131276.0
au2510.SHFE,SHFE.au2510,2025-09-08 22:05:00,129063,830.02,830.12,829.78,829.96,473.0,131276.0,131303.0
au2510.SHFE,SHFE.au2510,2025-09-08 22:06:00,129064,829.96,830.1,829.82,830.04,381.0,131303.0,131341.0
au2510.SHFE,SHFE.au2510,2025-09-08 22:07:00,129065,830.04,830.42,829.8,829.84,815.0,131341.0,131315.0
au2510.SHFE,SHFE.au2510,2025-09-08 22:08:00,129066,829.84,830.32,829.64,830.32,629.0,131315.0,131333.0
au2510.SHFE,SHFE.au2510,2025-09-08 22:09:00,129067,830.32,830.44,830.2,830.3,487.0,131333.0,131426.0
au2510.SHFE,SHFE.au2510,2025-09-08 22:10:00,129068,830.3,830.42,830.16,830.3,391.0,131426.0,131453.0
au2510.SHFE,SHFE.au2510,2025-09-08 22:11:00,129069,830.3,830.3,830.04,830.18,349.0,131453.0,131475.0
au2510.SHFE,SHFE.au2510,2025-09-08 22:12:00,129070,830.18,830.32,830.06,830.2,316.0,131475.0,131479.0
au2510.SHFE,SHFE.au2510,2025-09-08 22:13:00,129071,830.2,830.44,830.16,830.2,397.0,131479.0,131561.0
au2510.SHFE,SHFE.au2510,2025-09-08 22:14:00,129072,830.2,830.24,829.84,829.92,994.0,131561.0,131646.0
au2510.SHFE,SHFE.au2510,2025-09-08 22:15:00,129073,829.92,829.96,829.56,829.96,677.0,131646.0,131602.0
au2510.SHFE,SHFE.au2510,2025-09-08 22:16:00,129074,829.96,830.08,829.72,830.06,298.0,131602.0,131606.0
au2510.SHFE,SHFE.au2510,2025-09-08 22:17:00,129075,830.06,830.2,829.94,830.04,362.0,131606.0,131620.0
au2510.SHFE,SHFE.au2510,2025-09-08 22:18:00,129076,830.04,830.04,829.28,829.38,790.0,131620.0,131576.0
au2510.SHFE,SHFE.au2510,2025-09-08 22:19:00,129077,829.38,829.5,829.36,829.4,833.0,131576.0,131671.0
au2510.SHFE,SHFE.au2510,2025-09-08 22:20:00,129078,829.4,829.42,829.04,829.16,657.0,131671.0,131568.0
au2510.SHFE,SHFE.au2510,2025-09-08 22:21:00,129079,829.16,829.38,828.88,828.88,680.0,131568.0,131500.0
au2510.SHFE,SHFE.au2510,2025-09-08 22:22:00,129080,828.88,829.12,828.76,828.9,601.0,131500.0,131455.0
au2510.SHFE,SHFE.au2510,2025-09-08 22:23:00,129081,828.9,829.0,828.76,828.9,562.0,131455.0,131450.0
au2510.SHFE,SHFE.au2510,2025-09-08 22:24:00,129082,828.9,829.12,828.6,829.02,632.0,131450.0,131454.0
au2510.SHFE,SHFE.au2510,2025-09-08 22:25:00,129083,829.02,829.16,828.86,829.1,549.0,131454.0,131441.0
au2510.SHFE,SHFE.au2510,2025-09-08 22:26:00,129084,829.1,829.12,828.86,828.86,366.0,131441.0,131470.0
au2510.SHFE,SHFE.au2510,2025-09-08 22:27:00,129085,828.86,829.3,828.72,829.3,428.0,131470.0,131433.0
au2510.SHFE,SHFE.au2510,2025-09-08 22:28:00,129086,829.3,829.62,829.18,829.26,648.0,131433.0,131459.0
au2510.SHFE,SHFE.au2510,2025-09-08 22:29:00,129087,829.26,829.26,829.02,829.06,292.0,131459.0,131445.0
au2510.SHFE,SHFE.au2510,2025-09-08 22:30:00,129088,829.06,829.26,829.04,829.26,388.0,131445.0,131517.0
au2510.SHFE,SHFE.au2510,2025-09-08 22:31:00,129089,829.26,829.32,828.82,829.1,511.0,131517.0,131568.0
au2510.SHFE,SHFE.au2510,2025-09-08 22:32:00,129090,829.1,829.2,828.78,828.96,459.0,131568.0,131559.0
au2510.SHFE,SHFE.au2510,2025-09-08 22:33:00,129091,828.96,829.08,828.9,828.94,278.0,131559.0,131594.0
au2510.SHFE,SHFE.au2510,2025-09-08 22:34:00,129092,828.94,829.22,828.88,829.16,267.0,131594.0,131607.0
au2510.SHFE,SHFE.au2510,2025-09-08 22:35:00,129093,829.16,829.54,829.1,829.54,420.0,131607.0,131607.0
au2510.SHFE,SHFE.au2510,2025-09-08 22:36:00,129094,829.54,829.86,829.52,829.8,574.0,131607.0,131608.0
au2510.SHFE,SHFE.au2510,2025-09-08 22:37:00,129095,829.8,830.0,829.76,829.96,552.0,131608.0,131656.0
au2510.SHFE,SHFE.au2510,2025-09-08 22:38:00,129096,829.96,829.96,829.66,829.74,380.0,131656.0,131686.0
au2510.SHFE,SHFE.au2510,2025-09-08 22:39:00,129097,829.74,829.96,829.74,829.9,306.0,131686.0,131641.0
au2510.SHFE,SHFE.au2510,2025-09-08 22:40:00,129098,829.9,830.22,829.9,830.18,603.0,131641.0,131658.0
au2510.SHFE,SHFE.au2510,2025-09-08 22:41:00,129099,830.18,830.36,830.06,830.14,722.0,131658.0,131799.0
au2510.SHFE,SHFE.au2510,2025-09-08 22:42:00,129100,830.14,830.18,830.02,830.16,367.0,131799.0,131867.0
au2510.SHFE,SHFE.au2510,2025-09-08 22:43:00,129101,830.16,830.28,830.06,830.22,283.0,131867.0,131861.0
au2510.SHFE,SHFE.au2510,2025-09-08 22:44:00,129102,830.22,830.3,830.04,830.22,329.0,131861.0,131855.0
au2510.SHFE,SHFE.au2510,2025-09-08 22:45:00,129103,830.22,830.6,830.22,830.48,864.0,131855.0,132037.0
au2510.SHFE,SHFE.au2510,2025-09-08 22:46:00,129104,830.48,830.54,830.3,830.34,392.0,132037.0,132093.0
au2510.SHFE,SHFE.au2510,2025-09-08 22:47:00,129105,830.34,830.34,830.04,830.3,896.0,132093.0,132230.0
au2510.SHFE,SHFE.au2510,2025-09-08 22:48:00,129106,830.3,830.46,830.24,830.26,351.0,132230.0,132301.0
au2510.SHFE,SHFE.au2510,2025-09-08 22:49:00,129107,830.26,830.44,830.26,830.36,263.0,132301.0,132359.0
au2510.SHFE,SHFE.au2510,2025-09-08 22:50:00,129108,830.36,830.38,830.16,830.22,308.0,132359.0,132362.0
au2510.SHFE,SHFE.au2510,2025-09-08 22:51:00,129109,830.22,830.28,830.1,830.22,238.0,132362.0,132385.0
au2510.SHFE,SHFE.au2510,2025-09-08 22:52:00,129110,830.22,830.52,830.1,830.44,481.0,132385.0,132419.0
au2510.SHFE,SHFE.au2510,2025-09-08 22:53:00,129111,830.44,830.54,830.28,830.42,537.0,132419.0,132485.0
au2510.SHFE,SHFE.au2510,2025-09-08 22:54:00,129112,830.42,830.54,830.36,830.5,251.0,132485.0,132514.0
au2510.SHFE,SHFE.au2510,2025-09-08 22:55:00,129113,830.5,830.7,830.42,830.6,548.0,132514.0,132578.0
au2510.SHFE,SHFE.au2510,2025-09-08 22:56:00,129114,830.6,830.76,830.52,830.7,357.0,132578.0,132666.0
au2510.SHFE,SHFE.au2510,2025-09-08 22:57:00,129115,830.7,830.8,830.64,830.68,595.0,132666.0,132718.0
au2510.SHFE,SHFE.au2510,2025-09-08 22:58:00,129116,830.68,830.94,830.66,830.86,415.0,132718.0,132748.0
au2510.SHFE,SHFE.au2510,2025-09-08 22:59:00,129117,830.86,830.9,830.74,830.84,542.0,132748.0,132623.0
au2510.SHFE,SHFE.au2510,2025-09-08 23:00:00,129118,830.84,831.36,830.8,831.22,1138.0,132623.0,132687.0
au2510.SHFE,SHFE.au2510,2025-09-08 23:01:00,129119,831.22,831.72,831.18,831.52,1474.0,132687.0,132651.0
au2510.SHFE,SHFE.au2510,2025-09-08 23:02:00,129120,831.52,831.52,830.88,831.22,732.0,132651.0,132683.0
au2510.SHFE,SHFE.au2510,2025-09-08 23:03:00,129121,831.22,831.32,831.08,831.22,412.0,132683.0,132687.0
au2510.SHFE,SHFE.au2510,2025-09-08 23:04:00,129122,831.22,831.46,831.14,831.46,507.0,132687.0,132653.0
au2510.SHFE,SHFE.au2510,2025-09-08 23:05:00,129123,831.46,831.58,831.22,831.28,666.0,132653.0,132692.0
au2510.SHFE,SHFE.au2510,2025-09-08 23:06:00,129124,831.28,831.3,830.78,830.78,495.0,132692.0,132731.0
au2510.SHFE,SHFE.au2510,2025-09-08 23:07:00,129125,830.78,831.26,830.78,831.26,432.0,132731.0,132766.0
au2510.SHFE,SHFE.au2510,2025-09-08 23:08:00,129126,831.26,831.38,831.22,831.3,380.0,132766.0,132787.0
au2510.SHFE,SHFE.au2510,2025-09-08 23:09:00,129127,831.3,831.58,831.3,831.52,370.0,132787.0,132826.0
au2510.SHFE,SHFE.au2510,2025-09-08 23:10:00,129128,831.52,831.78,831.5,831.62,431.0,132826.0,132866.0
au2510.SHFE,SHFE.au2510,2025-09-08 23:11:00,129129,831.62,831.8,831.46,831.66,406.0,132866.0,132886.0
au2510.SHFE,SHFE.au2510,2025-09-08 23:12:00,129130,831.66,831.76,831.56,831.76,325.0,132886.0,132947.0
au2510.SHFE,SHFE.au2510,2025-09-08 23:13:00,129131,831.76,831.94,831.74,831.84,658.0,132947.0,132830.0
au2510.SHFE,SHFE.au2510,2025-09-08 23:14:00,129132,831.84,832.0,831.74,831.8,624.0,132830.0,132806.0
au2510.SHFE,SHFE.au2510,2025-09-08 23:15:00,129133,831.8,831.8,831.58,831.66,458.0,132806.0,132850.0
au2510.SHFE,SHFE.au2510,2025-09-08 23:16:00,129134,831.66,831.8,831.6,831.78,452.0,132850.0,132848.0
au2510.SHFE,SHFE.au2510,2025-09-08 23:17:00,129135,831.78,831.8,831.3,831.36,532.0,132848.0,132887.0
au2510.SHFE,SHFE.au2510,2025-09-08 23:18:00,129136,831.36,831.4,831.14,831.34,484.0,132887.0,132883.0
au2510.SHFE,SHFE.au2510,2025-09-08 23:19:00,129137,831.34,831.7,831.26,831.32,614.0,132883.0,132932.0
au2510.SHFE,SHFE.au2510,2025-09-08 23:20:00,129138,831.32,831.42,831.1,831.1,624.0,132932.0,132946.0
au2510.SHFE,SHFE.au2510,2025-09-08 23:21:00,129139,831.1,831.12,830.76,830.92,710.0,132946.0,132853.0
au2510.SHFE,SHFE.au2510,2025-09-08 23:22:00,129140,830.92,830.92,830.74,830.88,272.0,132853.0,132835.0
au2510.SHFE,SHFE.au2510,2025-09-08 23:23:00,129141,830.88,831.26,830.86,831.26,491.0,132835.0,132846.0
au2510.SHFE,SHFE.au2510,2025-09-08 23:24:00,129142,831.26,831.28,831.04,831.08,278.0,132846.0,132841.0
au2510.SHFE,SHFE.au2510,2025-09-08 23:25:00,129143,831.08,831.16,831.0,831.06,188.0,132841.0,132830.0
au2510.SHFE,SHFE.au2510,2025-09-08 23:26:00,129144,831.06,831.16,830.64,830.7,546.0,132830.0,132781.0
au2510.SHFE,SHFE.au2510,2025-09-08 23:27:00,129145,830.7,830.74,830.34,830.36,886.0,132781.0,132700.0
au2510.SHFE,SHFE.au2510,2025-09-08 23:28:00,129146,830.36,830.54,830.32,830.4,504.0,132700.0,132662.0
au2510.SHFE,SHFE.au2510,2025-09-08 23:29:00,129147,830.4,830.46,830.22,830.22,386.0,132662.0,132712.0
au2510.SHFE,SHFE.au2510,2025-09-08 23:30:00,129148,830.22,830.46,830.02,830.34,670.0,132712.0,132648.0
au2510.SHFE,SHFE.au2510,2025-09-08 23:31:00,129149,830.34,830.34,829.66,829.82,838.0,132648.0,132538.0
au2510.SHFE,SHFE.au2510,2025-09-08 23:32:00,129150,829.82,830.18,829.8,830.18,438.0,132538.0,132514.0
au2510.SHFE,SHFE.au2510,2025-09-08 23:33:00,129151,830.18,830.52,830.12,830.5,502.0,132514.0,132507.0
au2510.SHFE,SHFE.au2510,2025-09-08 23:34:00,129152,830.5,830.66,830.4,830.44,536.0,132507.0,132512.0
au2510.SHFE,SHFE.au2510,2025-09-08 23:35:00,129153,830.44,830.44,830.08,830.08,413.0,132512.0,132471.0
au2510.SHFE,SHFE.au2510,2025-09-08 23:36:00,129154,830.08,830.36,830.02,830.06,392.0,132471.0,132438.0
au2510.SHFE,SHFE.au2510,2025-09-08 23:37:00,129155,830.06,830.14,829.98,830.06,420.0,132438.0,132362.0
au2510.SHFE,SHFE.au2510,2025-09-08 23:38:00,129156,830.06,830.22,829.9,829.9,339.0,132362.0,132341.0
au2510.SHFE,SHFE.au2510,2025-09-08 23:39:00,129157,829.9,830.04,829.72,830.02,366.0,132341.0,132298.0
au2510.SHFE,SHFE.au2510,2025-09-08 23:40:00,129158,830.02,830.24,829.96,830.2,472.0,132298.0,132177.0
au2510.SHFE,SHFE.au2510,2025-09-08 23:41:00,129159,830.2,830.2,830.08,830.16,330.0,132177.0,132220.0
au2510.SHFE,SHFE.au2510,2025-09-08 23:42:00,129160,830.16,830.2,830.1,830.18,124.0,132220.0,132213.0
au2510.SHFE,SHFE.au2510,2025-09-08 23:43:00,129161,830.18,830.36,830.16,830.16,318.0,132213.0,132238.0
au2510.SHFE,SHFE.au2510,2025-09-08 23:44:00,129162,830.16,830.3,830.12,830.3,142.0,132238.0,132215.0
au2510.SHFE,SHFE.au2510,2025-09-08 23:45:00,129163,830.3,830.58,830.28,830.52,360.0,132215.0,132247.0
au2510.SHFE,SHFE.au2510,2025-09-08 23:46:00,129164,830.52,830.7,830.5,830.62,290.0,132247.0,132302.0
au2510.SHFE,SHFE.au2510,2025-09-08 23:47:00,129165,830.62,830.66,830.54,830.58,247.0,132302.0,132326.0
au2510.SHFE,SHFE.au2510,2025-09-08 23:48:00,129166,830.58,830.8,830.58,830.8,182.0,132326.0,132316.0
au2510.SHFE,SHFE.au2510,2025-09-08 23:49:00,129167,830.8,830.96,830.76,830.94,377.0,132316.0,132355.0
au2510.SHFE,SHFE.au2510,2025-09-08 23:50:00,129168,830.94,831.06,830.88,830.96,349.0,132355.0,132374.0
au2510.SHFE,SHFE.au2510,2025-09-08 23:51:00,129169,830.96,831.0,830.88,830.92,227.0,132374.0,132386.0
au2510.SHFE,SHFE.au2510,2025-09-08 23:52:00,129170,830.92,831.0,830.78,830.98,262.0,132386.0,132361.0
au2510.SHFE,SHFE.au2510,2025-09-08 23:53:00,129171,830.98,831.0,830.86,830.98,164.0,132361.0,132330.0
au2510.SHFE,SHFE.au2510,2025-09-08 23:54:00,129172,830.98,831.0,830.9,830.92,103.0,132330.0,132330.0
au2510.SHFE,SHFE.au2510,2025-09-08 23:55:00,129173,830.92,830.96,830.8,830.84,131.0,132330.0,132308.0
au2510.SHFE,SHFE.au2510,2025-09-08 23:56:00,129174,830.84,830.9,830.72,830.74,99.0,132308.0,132285.0
au2510.SHFE,SHFE.au2510,2025-09-08 23:57:00,129175,830.74,830.9,830.68,830.86,181.0,132285.0,132274.0
au2510.SHFE,SHFE.au2510,2025-09-08 23:58:00,129176,830.86,830.88,830.78,830.86,65.0,132274.0,132271.0
au2510.SHFE,SHFE.au2510,2025-09-08 23:59:00,129177,830.86,830.86,830.76,830.84,73.0,132271.0,132253.0
au2510.SHFE,SHFE.au2510,2025-09-09 00:00:00,129178,830.84,830.88,830.68,830.8,177.0,132253.0,132242.0
au2510.SHFE,SHFE.au2510,2025-09-09 00:01:00,129179,830.8,830.82,830.32,830.42,311.0,132242.0,132239.0
au2510.SHFE,SHFE.au2510,2025-09-09 00:02:00,129180,830.42,830.54,830.3,830.54,276.0,132239.0,132262.0
au2510.SHFE,SHFE.au2510,2025-09-09 00:03:00,129181,830.54,830.56,830.32,830.56,171.0,132262.0,132222.0
au2510.SHFE,SHFE.au2510,2025-09-09 00:04:00,129182,830.56,830.72,830.56,830.7,137.0,132222.0,132229.0
au2510.SHFE,SHFE.au2510,2025-09-09 00:05:00,129183,830.7,830.86,830.68,830.8,160.0,132229.0,132247.0
au2510.SHFE,SHFE.au2510,2025-09-09 00:06:00,129184,830.8,830.84,830.62,830.78,123.0,132247.0,132266.0
au2510.SHFE,SHFE.au2510,2025-09-09 00:07:00,129185,830.78,830.9,830.6,830.82,217.0,132266.0,132271.0
au2510.SHFE,SHFE.au2510,2025-09-09 00:08:00,129186,830.82,830.98,830.74,830.82,155.0,132271.0,132285.0
au2510.SHFE,SHFE.au2510,2025-09-09 00:09:00,129187,830.82,830.84,830.64,830.84,188.0,132285.0,132293.0
au2510.SHFE,SHFE.au2510,2025-09-09 00:10:00,129188,830.84,830.9,830.76,830.82,91.0,132293.0,132306.0
au2510.SHFE,SHFE.au2510,2025-09-09 00:11:00,129189,830.82,830.84,830.68,830.74,70.0,132306.0,132290.0
au2510.SHFE,SHFE.au2510,2025-09-09 00:12:00,129190,830.74,830.82,830.64,830.82,170.0,132290.0,132271.0
au2510.SHFE,SHFE.au2510,2025-09-09 00:13:00,129191,830.82,830.96,830.82,830.96,177.0,132271.0,132253.0
au2510.SHFE,SHFE.au2510,2025-09-09 00:14:00,129192,830.96,831.18,830.92,831.02,283.0,132253.0,132284.0
au2510.SHFE,SHFE.au2510,2025-09-09 00:15:00,129193,831.02,831.12,830.86,830.94,219.0,132284.0,132287.0
au2510.SHFE,SHFE.au2510,2025-09-09 00:16:00,129194,830.94,831.04,830.86,830.94,110.0,132287.0,132292.0
au2510.SHFE,SHFE.au2510,2025-09-09 00:17:00,129195,830.94,830.94,830.82,830.9,107.0,132292.0,132290.0
au2510.SHFE,SHFE.au2510,2025-09-09 00:18:00,129196,830.9,831.1,830.9,830.98,133.0,132290.0,132279.0
au2510.SHFE,SHFE.au2510,2025-09-09 00:19:00,129197,830.98,831.06,830.94,831.02,59.0,132279.0,132260.0
au2510.SHFE,SHFE.au2510,2025-09-09 00:20:00,129198,831.02,831.02,830.72,830.74,222.0,132260.0,132243.0
au2510.SHFE,SHFE.au2510,2025-09-09 00:21:00,129199,830.74,831.04,830.7,831.02,142.0,132243.0,132227.0
au2510.SHFE,SHFE.au2510,2025-09-09 00:22:00,129200,831.02,831.16,831.0,831.12,336.0,132227.0,132252.0
au2510.SHFE,SHFE.au2510,2025-09-09 00:23:00,129201,831.12,831.12,830.98,831.0,72.0,132252.0,132256.0
au2510.SHFE,SHFE.au2510,2025-09-09 00:24:00,129202,831.0,831.08,830.86,830.98,145.0,132256.0,132280.0
au2510.SHFE,SHFE.au2510,2025-09-09 00:25:00,129203,830.98,831.06,830.9,831.0,106.0,132280.0,132276.0
au2510.SHFE,SHFE.au2510,2025-09-09 00:26:00,129204,831.0,831.1,830.98,831.1,114.0,132276.0,132270.0
au2510.SHFE,SHFE.au2510,2025-09-09 00:27:00,129205,831.1,831.14,831.06,831.12,113.0,132270.0,132255.0
au2510.SHFE,SHFE.au2510,2025-09-09 00:28:00,129206,831.12,831.22,831.12,831.12,167.0,132255.0,132224.0
au2510.SHFE,SHFE.au2510,2025-09-09 00:29:00,129207,831.12,831.18,831.08,831.18,55.0,132224.0,132220.0
au2510.SHFE,SHFE.au2510,2025-09-09 00:30:00,129208,831.18,831.24,830.96,831.0,167.0,132220.0,132214.0
au2510.SHFE,SHFE.au2510,2025-09-09 00:31:00,129209,831.0,831.14,831.0,831.1,96.0,132214.0,132232.0
au2510.SHFE,SHFE.au2510,2025-09-09 00:32:00,129210,831.1,831.1,830.92,830.96,95.0,132232.0,132242.0
au2510.SHFE,SHFE.au2510,2025-09-09 00:33:00,129211,830.96,831.02,830.82,830.86,96.0,132242.0,132240.0
au2510.SHFE,SHFE.au2510,2025-09-09 00:34:00,129212,830.86,831.02,830.84,830.94,108.0,132240.0,132257.0
au2510.SHFE,SHFE.au2510,2025-09-09 00:35:00,129213,830.94,831.0,830.7,830.7,190.0,132257.0,132274.0
au2510.SHFE,SHFE.au2510,2025-09-09 00:36:00,129214,830.7,830.8,830.66,830.7,112.0,132274.0,132291.0
au2510.SHFE,SHFE.au2510,2025-09-09 00:37:00,129215,830.7,830.7,830.54,830.56,204.0,132291.0,132283.0
au2510.SHFE,SHFE.au2510,2025-09-09 00:38:00,129216,830.56,830.58,830.34,830.34,187.0,132283.0,132275.0
au2510.SHFE,SHFE.au2510,2025-09-09 00:39:00,129217,830.34,830.4,830.18,830.38,230.0,132275.0,132263.0
au2510.SHFE,SHFE.au2510,2025-09-09 00:40:00,129218,830.38,830.58,830.26,830.5,177.0,132263.0,132267.0
au2510.SHFE,SHFE.au2510,2025-09-09 00:41:00,129219,830.5,830.58,830.48,830.56,103.0,132267.0,132259.0
au2510.SHFE,SHFE.au2510,2025-09-09 00:42:00,129220,830.56,830.68,830.5,830.56,184.0,132259.0,132218.0
au2510.SHFE,SHFE.au2510,2025-09-09 00:43:00,129221,830.56,830.74,830.54,830.64,192.0,132218.0,132269.0
au2510.SHFE,SHFE.au2510,2025-09-09 00:44:00,129222,830.64,830.76,830.64,830.7,114.0,132269.0,132243.0
au2510.SHFE,SHFE.au2510,2025-09-09 00:45:00,129223,830.7,830.96,830.7,830.8,167.0,132243.0,132225.0
au2510.SHFE,SHFE.au2510,2025-09-09 00:46:00,129224,830.8,830.9,830.68,830.72,114.0,132225.0,132208.0
au2510.SHFE,SHFE.au2510,2025-09-09 00:47:00,129225,830.72,830.78,830.64,830.74,155.0,132208.0,132244.0
au2510.SHFE,SHFE.au2510,2025-09-09 00:48:00,129226,830.74,830.76,830.64,830.68,76.0,132244.0,132233.0
au2510.SHFE,SHFE.au2510,2025-09-09 00:49:00,129227,830.68,830.74,830.62,830.62,68.0,132233.0,132242.0
au2510.SHFE,SHFE.au2510,2025-09-09 00:50:00,129228,830.62,830.88,830.6,830.8,124.0,132242.0,132243.0
au2510.SHFE,SHFE.au2510,2025-09-09 00:51:00,129229,830.8,830.88,830.8,830.86,86.0,132243.0,132237.0
au2510.SHFE,SHFE.au2510,2025-09-09 00:52:00,129230,830.86,830.94,830.82,830.86,104.0,132237.0,132223.0
au2510.SHFE,SHFE.au2510,2025-09-09 00:53:00,129231,830.86,830.9,830.78,830.9,77.0,132223.0,132207.0
au2510.SHFE,SHFE.au2510,2025-09-09 00:54:00,129232,830.9,830.9,830.76,830.8,70.0,132207.0,132232.0
au2510.SHFE,SHFE.au2510,2025-09-09 00:55:00,129233,830.8,830.88,830.74,830.76,100.0,132232.0,132221.0
au2510.SHFE,SHFE.au2510,2025-09-09 00:56:00,129234,830.76,830.92,830.7,830.92,85.0,132221.0,132225.0
au2510.SHFE,SHFE.au2510,2025-09-09 00:57:00,129235,830.92,830.92,830.8,830.9,56.0,132225.0,132232.0
au2510.SHFE,SHFE.au2510,2025-09-09 00:58:00,129236,830.9,830.92,830.8,830.82,41.0,132232.0,132220.0
au2510.SHFE,SHFE.au2510,2025-09-09 00:59:00,129237,830.82,830.96,830.8,830.92,56.0,132220.0,132208.0
au2510.SHFE,SHFE.au2510,2025-09-09 01:00:00,129238,830.92,831.02,830.92,831.0,94.0,132208.0,132223.0
au2510.SHFE,SHFE.au2510,2025-09-09 01:01:00,129239,831.0,831.04,830.84,830.84,117.0,132223.0,132224.0
au2510.SHFE,SHFE.au2510,2025-09-09 01:02:00,129240,830.84,830.86,830.68,830.76,139.0,132224.0,132251.0
au2510.SHFE,SHFE.au2510,2025-09-09 01:03:00,129241,830.76,830.78,830.5,830.54,192.0,132251.0,132238.0
au2510.SHFE,SHFE.au2510,2025-09-09 01:04:00,129242,830.54,830.6,830.36,830.42,235.0,132238.0,132218.0
au2510.SHFE,SHFE.au2510,2025-09-09 01:05:00,129243,830.42,830.48,829.94,829.96,427.0,132218.0,132189.0
au2510.SHFE,SHFE.au2510,2025-09-09 01:06:00,129244,829.96,830.3,829.9,830.16,289.0,132189.0,132142.0
au2510.SHFE,SHFE.au2510,2025-09-09 01:07:00,129245,830.16,830.18,829.88,829.98,159.0,132142.0,132116.0
au2510.SHFE,SHFE.au2510,2025-09-09 01:08:00,129246,829.98,830.2,829.96,830.16,114.0,132116.0,132125.0
au2510.SHFE,SHFE.au2510,2025-09-09 01:09:00,129247,830.16,830.16,830.04,830.16,69.0,132125.0,132106.0
au2510.SHFE,SHFE.au2510,2025-09-09 01:10:00,129248,830.16,830.2,830.12,830.18,76.0,132106.0,132093.0
au2510.SHFE,SHFE.au2510,2025-09-09 01:11:00,129249,830.18,830.18,830.0,830.0,72.0,132093.0,132100.0
au2510.SHFE,SHFE.au2510,2025-09-09 01:12:00,129250,830.0,830.06,829.88,829.92,140.0,132100.0,132095.0
au2510.SHFE,SHFE.au2510,2025-09-09 01:13:00,129251,829.92,829.96,829.8,829.94,117.0,132095.0,132075.0
au2510.SHFE,SHFE.au2510,2025-09-09 01:14:00,129252,829.94,830.14,829.92,830.1,139.0,132075.0,132050.0
au2510.SHFE,SHFE.au2510,2025-09-09 01:15:00,129253,830.1,830.32,830.1,830.28,186.0,132050.0,132026.0
au2510.SHFE,SHFE.au2510,2025-09-09 01:16:00,129254,830.28,830.32,830.2,830.22,78.0,132026.0,132005.0
au2510.SHFE,SHFE.au2510,2025-09-09 01:17:00,129255,830.22,830.24,830.16,830.2,60.0,132005.0,132000.0
au2510.SHFE,SHFE.au2510,2025-09-09 01:18:00,129256,830.2,830.26,830.2,830.24,48.0,132000.0,131994.0
au2510.SHFE,SHFE.au2510,2025-09-09 01:19:00,129257,830.24,830.3,830.22,830.26,65.0,131994.0,131980.0
au2510.SHFE,SHFE.au2510,2025-09-09 01:20:00,129258,830.26,830.3,830.14,830.28,107.0,131980.0,131946.0
au2510.SHFE,SHFE.au2510,2025-09-09 01:21:00,129259,830.28,830.44,830.26,830.42,170.0,131946.0,131962.0
au2510.SHFE,SHFE.au2510,2025-09-09 01:22:00,129260,830.42,830.5,830.4,830.46,134.0,131962.0,131952.0
au2510.SHFE,SHFE.au2510,2025-09-09 01:23:00,129261,830.46,830.46,830.18,830.24,253.0,131952.0,131918.0
au2510.SHFE,SHFE.au2510,2025-09-09 01:24:00,129262,830.24,830.38,830.22,830.36,62.0,131918.0,131933.0
au2510.SHFE,SHFE.au2510,2025-09-09 01:25:00,129263,830.36,830.46,830.32,830.46,190.0,131933.0,131866.0
au2510.SHFE,SHFE.au2510,2025-09-09 01:26:00,129264,830.46,830.48,830.38,830.4,43.0,131866.0,131866.0
au2510.SHFE,SHFE.au2510,2025-09-09 01:27:00,129265,830.4,830.42,830.3,830.36,87.0,131866.0,131864.0
au2510.SHFE,SHFE.au2510,2025-09-09 01:28:00,129266,830.36,830.5,830.28,830.28,96.0,131864.0,131856.0
au2510.SHFE,SHFE.au2510,2025-09-09 01:29:00,129267,830.28,830.52,830.28,830.52,113.0,131856.0,131866.0
au2510.SHFE,SHFE.au2510,2025-09-09 01:30:00,129268,830.52,830.62,830.3,830.5,150.0,131866.0,131850.0
au2510.SHFE,SHFE.au2510,2025-09-09 01:31:00,129269,830.5,830.52,830.34,830.36,60.0,131850.0,131845.0
au2510.SHFE,SHFE.au2510,2025-09-09 01:32:00,129270,830.36,830.42,830.3,830.42,38.0,131845.0,131844.0
au2510.SHFE,SHFE.au2510,2025-09-09 01:33:00,129271,830.42,830.42,830.3,830.36,46.0,131844.0,131844.0
au2510.SHFE,SHFE.au2510,2025-09-09 01:34:00,129272,830.36,830.46,830.36,830.46,26.0,131844.0,131835.0
au2510.SHFE,SHFE.au2510,2025-09-09 01:35:00,129273,830.46,830.5,830.36,830.46,57.0,131835.0,131814.0
au2510.SHFE,SHFE.au2510,2025-09-09 01:36:00,129274,830.46,830.52,830.46,830.52,37.0,131814.0,131804.0
au2510.SHFE,SHFE.au2510,2025-09-09 01:37:00,129275,830.52,830.52,830.44,830.5,15.0,131804.0,131794.0
au2510.SHFE,SHFE.au2510,2025-09-09 01:38:00,129276,830.5,830.54,830.44,830.44,35.0,131794.0,131783.0
au2510.SHFE,SHFE.au2510,2025-09-09 01:39:00,129277,830.44,830.54,830.44,830.5,38.0,131783.0,131788.0
au2510.SHFE,SHFE.au2510,2025-09-09 01:40:00,129278,830.5,830.52,830.44,830.46,38.0,131788.0,131787.0
au2510.SHFE,SHFE.au2510,2025-09-09 01:41:00,129279,830.46,830.48,830.38,830.44,43.0,131787.0,131792.0
au2510.SHFE,SHFE.au2510,2025-09-09 01:42:00,129280,830.44,830.44,830.12,830.34,163.0,131792.0,131766.0
au2510.SHFE,SHFE.au2510,2025-09-09 01:43:00,129281,830.34,830.34,830.26,830.3,41.0,131766.0,131755.0
au2510.SHFE,SHFE.au2510,2025-09-09 01:44:00,129282,830.3,830.34,830.2,830.2,90.0,131755.0,131751.0
au2510.SHFE,SHFE.au2510,2025-09-09 01:45:00,129283,830.2,830.28,830.14,830.14,62.0,131751.0,131758.0
au2510.SHFE,SHFE.au2510,2025-09-09 01:46:00,129284,830.14,830.14,830.02,830.06,85.0,131758.0,131749.0
au2510.SHFE,SHFE.au2510,2025-09-09 01:47:00,129285,830.06,830.16,830.04,830.1,63.0,131749.0,131757.0
au2510.SHFE,SHFE.au2510,2025-09-09 01:48:00,129286,830.1,830.2,830.1,830.2,37.0,131757.0,131757.0
au2510.SHFE,SHFE.au2510,2025-09-09 01:49:00,129287,830.2,830.26,830.18,830.18,41.0,131757.0,131753.0
au2510.SHFE,SHFE.au2510,2025-09-09 01:50:00,129288,830.18,830.22,830.18,830.22,22.0,131753.0,131748.0
au2510.SHFE,SHFE.au2510,2025-09-09 01:51:00,129289,830.22,830.34,830.2,830.34,61.0,131748.0,131733.0
au2510.SHFE,SHFE.au2510,2025-09-09 01:52:00,129290,830.34,830.34,830.16,830.18,68.0,131733.0,131709.0
au2510.SHFE,SHFE.au2510,2025-09-09 01:53:00,129291,830.18,830.18,829.92,829.92,143.0,131709.0,131672.0
au2510.SHFE,SHFE.au2510,2025-09-09 01:54:00,129292,829.92,830.02,829.9,829.98,102.0,131672.0,131638.0
au2510.SHFE,SHFE.au2510,2025-09-09 01:55:00,129293,829.98,829.98,829.76,829.84,145.0,131638.0,131622.0
au2510.SHFE,SHFE.au2510,2025-09-09 01:56:00,129294,829.84,829.88,829.78,829.78,78.0,131622.0,131609.0
au2510.SHFE,SHFE.au2510,2025-09-09 01:57:00,129295,829.78,829.8,829.5,829.66,386.0,131609.0,131539.0
au2510.SHFE,SHFE.au2510,2025-09-09 01:58:00,129296,829.66,829.68,829.54,829.6,106.0,131539.0,131544.0
au2510.SHFE,SHFE.au2510,2025-09-09 01:59:00,129297,829.6,829.62,829.4,829.52,184.0,131544.0,131525.0
au2510.SHFE,SHFE.au2510,2025-09-09 02:00:00,129298,829.52,829.58,829.48,829.5,63.0,131525.0,131523.0
au2510.SHFE,SHFE.au2510,2025-09-09 02:01:00,129299,829.5,829.52,829.4,829.44,56.0,131523.0,131518.0
au2510.SHFE,SHFE.au2510,2025-09-09 02:02:00,129300,829.44,829.44,829.3,829.4,94.0,131518.0,131517.0
au2510.SHFE,SHFE.au2510,2025-09-09 02:03:00,129301,829.4,829.7,829.38,829.6,112.0,131517.0,131517.0
au2510.SHFE,SHFE.au2510,2025-09-09 02:04:00,129302,829.6,829.66,829.58,829.58,51.0,131517.0,131515.0
au2510.SHFE,SHFE.au2510,2025-09-09 02:05:00,129303,829.58,829.6,829.42,829.44,91.0,131515.0,131509.0
au2510.SHFE,SHFE.au2510,2025-09-09 02:06:00,129304,829.44,829.58,829.42,829.56,64.0,131509.0,131517.0
au2510.SHFE,SHFE.au2510,2025-09-09 02:07:00,129305,829.56,829.7,829.54,829.64,67.0,131517.0,131507.0
au2510.SHFE,SHFE.au2510,2025-09-09 02:08:00,129306,829.64,829.7,829.62,829.62,99.0,131507.0,131537.0
au2510.SHFE,SHFE.au2510,2025-09-09 02:09:00,129307,829.62,829.9,829.62,829.84,126.0,131537.0,131556.0
au2510.SHFE,SHFE.au2510,2025-09-09 02:10:00,129308,829.84,829.9,829.78,829.88,60.0,131556.0,131547.0
au2510.SHFE,SHFE.au2510,2025-09-09 02:11:00,129309,829.88,829.94,829.82,829.92,63.0,131547.0,131534.0
au2510.SHFE,SHFE.au2510,2025-09-09 02:12:00,129310,829.92,829.96,829.86,829.9,30.0,131534.0,131531.0
au2510.SHFE,SHFE.au2510,2025-09-09 02:13:00,129311,829.9,829.94,829.84,829.84,36.0,131531.0,131525.0
au2510.SHFE,SHFE.au2510,2025-09-09 02:14:00,129312,829.84,829.84,829.72,829.8,95.0,131525.0,131501.0
au2510.SHFE,SHFE.au2510,2025-09-09 02:15:00,129313,829.8,829.82,829.6,829.66,90.0,131501.0,131494.0
au2510.SHFE,SHFE.au2510,2025-09-09 02:16:00,129314,829.66,829.72,829.64,829.66,29.0,131494.0,131498.0
au2510.SHFE,SHFE.au2510,2025-09-09 02:17:00,129315,829.66,829.68,829.58,829.68,58.0,131498.0,131487.0
au2510.SHFE,SHFE.au2510,2025-09-09 02:18:00,129316,829.68,829.72,829.6,829.7,46.0,131487.0,131489.0
au2510.SHFE,SHFE.au2510,2025-09-09 02:19:00,129317,829.7,829.74,829.66,829.66,58.0,131489.0,131481.0
au2510.SHFE,SHFE.au2510,2025-09-09 02:20:00,129318,829.66,829.68,829.46,829.46,93.0,131481.0,131448.0
au2510.SHFE,SHFE.au2510,2025-09-09 02:21:00,129319,829.46,829.5,829.34,829.38,215.0,131448.0,131429.0
au2510.SHFE,SHFE.au2510,2025-09-09 02:22:00,129320,829.38,829.42,829.34,829.4,69.0,131429.0,131396.0
au2510.SHFE,SHFE.au2510,2025-09-09 02:23:00,129321,829.4,829.4,829.28,829.36,99.0,131396.0,131399.0
au2510.SHFE,SHFE.au2510,2025-09-09 02:24:00,129322,829.36,829.36,829.26,829.3,240.0,131399.0,131360.0
au2510.SHFE,SHFE.au2510,2025-09-09 02:25:00,129323,829.3,829.44,829.26,829.44,99.0,131360.0,131352.0
au2510.SHFE,SHFE.au2510,2025-09-09 02:26:00,129324,829.44,829.48,829.38,829.4,56.0,131352.0,131339.0
au2510.SHFE,SHFE.au2510,2025-09-09 02:27:00,129325,829.4,829.46,829.38,829.4,50.0,131339.0,131314.0
au2510.SHFE,SHFE.au2510,2025-09-09 02:28:00,129326,829.4,829.44,829.36,829.44,108.0,131314.0,131264.0
au2510.SHFE,SHFE.au2510,2025-09-09 02:29:00,129327,829.44,829.46,829.2,829.26,263.0,131264.0,131177.0
au2510.SHFE,SHFE.au2510,2025-09-09 09:00:00,129328,830.68,830.8,830.24,830.74,1436.0,131177.0,131168.0
au2510.SHFE,SHFE.au2510,2025-09-09 09:01:00,129329,830.74,831.1,830.72,830.84,993.0,131168.0,131148.0
au2510.SHFE,SHFE.au2510,2025-09-09 09:02:00,129330,830.84,831.26,830.8,831.2,742.0,131148.0,131108.0
au2510.SHFE,SHFE.au2510,2025-09-09 09:03:00,129331,831.2,831.54,831.18,831.48,720.0,131108.0,131147.0
au2510.SHFE,SHFE.au2510,2025-09-09 09:04:00,129332,831.48,831.58,831.26,831.3,708.0,131147.0,131224.0
au2510.SHFE,SHFE.au2510,2025-09-09 09:05:00,129333,831.3,831.38,831.14,831.18,393.0,131224.0,131197.0
au2510.SHFE,SHFE.au2510,2025-09-09 09:06:00,129334,831.18,831.2,830.84,830.9,446.0,131197.0,131160.0
au2510.SHFE,SHFE.au2510,2025-09-09 09:07:00,129335,830.9,830.9,830.56,830.72,614.0,131160.0,131038.0
au2510.SHFE,SHFE.au2510,2025-09-09 09:08:00,129336,830.72,830.84,830.54,830.66,421.0,131038.0,131031.0
au2510.SHFE,SHFE.au2510,2025-09-09 09:09:00,129337,830.66,830.66,830.16,830.28,620.0,131031.0,130959.0
au2510.SHFE,SHFE.au2510,2025-09-09 09:10:00,129338,830.28,830.42,830.08,830.26,495.0,130959.0,130936.0
au2510.SHFE,SHFE.au2510,2025-09-09 09:11:00,129339,830.26,830.8,830.2,830.76,497.0,130936.0,130882.0
au2510.SHFE,SHFE.au2510,2025-09-09 09:12:00,129340,830.76,830.76,830.56,830.68,315.0,130882.0,130858.0
au2510.SHFE,SHFE.au2510,2025-09-09 09:13:00,129341,830.68,830.94,830.68,830.86,284.0,130858.0,130813.0
au2510.SHFE,SHFE.au2510,2025-09-09 09:14:00,129342,830.86,830.96,830.72,830.96,243.0,130813.0,130751.0
au2510.SHFE,SHFE.au2510,2025-09-09 09:15:00,129343,830.96,830.96,830.72,830.8,268.0,130751.0,130721.0
au2510.SHFE,SHFE.au2510,2025-09-09 09:16:00,129344,830.8,831.48,830.72,831.38,534.0,130721.0,130658.0
au2510.SHFE,SHFE.au2510,2025-09-09 09:17:00,129345,831.38,831.66,831.28,831.5,774.0,130658.0,130670.0
au2510.SHFE,SHFE.au2510,2025-09-09 09:18:00,129346,831.5,831.72,831.48,831.56,495.0,130670.0,130735.0
au2510.SHFE,SHFE.au2510,2025-09-09 09:19:00,129347,831.56,831.9,831.56,831.84,593.0,130735.0,130758.0
au2510.SHFE,SHFE.au2510,2025-09-09 09:20:00,129348,831.84,832.2,831.64,832.2,1090.0,130758.0,130877.0
au2510.SHFE,SHFE.au2510,2025-09-09 09:21:00,129349,832.2,832.48,832.06,832.06,1295.0,130877.0,130905.0
au2510.SHFE,SHFE.au2510,2025-09-09 09:22:00,129350,832.06,832.3,831.7,831.78,598.0,130905.0,130903.0
au2510.SHFE,SHFE.au2510,2025-09-09 09:23:00,129351,831.78,832.1,831.64,832.02,589.0,130903.0,130883.0
au2510.SHFE,SHFE.au2510,2025-09-09 09:24:00,129352,832.02,832.06,831.72,831.72,359.0,130883.0,130827.0
au2510.SHFE,SHFE.au2510,2025-09-09 09:25:00,129353,831.72,831.9,831.62,831.7,442.0,130827.0,130800.0
au2510.SHFE,SHFE.au2510,2025-09-09 09:26:00,129354,831.7,831.8,831.48,831.54,316.0,130800.0,130751.0
au2510.SHFE,SHFE.au2510,2025-09-09 09:27:00,129355,831.54,831.84,831.5,831.84,348.0,130751.0,130741.0
au2510.SHFE,SHFE.au2510,2025-09-09 09:28:00,129356,831.84,831.96,831.62,831.92,254.0,130741.0,130704.0
au2510.SHFE,SHFE.au2510,2025-09-09 09:29:00,129357,831.92,832.2,831.92,832.2,514.0,130704.0,130725.0
au2510.SHFE,SHFE.au2510,2025-09-09 09:30:00,129358,832.2,832.38,832.16,832.36,525.0,130725.0,130746.0
au2510.SHFE,SHFE.au2510,2025-09-09 09:31:00,129359,832.36,832.76,832.2,832.54,820.0,130746.0,130793.0
au2510.SHFE,SHFE.au2510,2025-09-09 09:32:00,129360,832.54,832.64,832.24,832.34,477.0,130793.0,130758.0
au2510.SHFE,SHFE.au2510,2025-09-09 09:33:00,129361,832.34,832.5,832.24,832.26,442.0,130758.0,130695.0
au2510.SHFE,SHFE.au2510,2025-09-09 09:34:00,129362,832.26,832.54,832.18,832.18,637.0,130695.0,130687.0
au2510.SHFE,SHFE.au2510,2025-09-09 09:35:00,129363,832.18,832.82,832.14,832.8,615.0,130687.0,130682.0
au2510.SHFE,SHFE.au2510,2025-09-09 09:36:00,129364,832.8,832.8,832.44,832.48,546.0,130682.0,130631.0
au2510.SHFE,SHFE.au2510,2025-09-09 09:37:00,129365,832.48,832.54,832.0,832.08,764.0,130631.0,130517.0
au2510.SHFE,SHFE.au2510,2025-09-09 09:38:00,129366,832.08,832.28,832.06,832.26,262.0,130517.0,130460.0
au2510.SHFE,SHFE.au2510,2025-09-09 09:39:00,129367,832.26,832.58,832.2,832.46,320.0,130460.0,130430.0
au2510.SHFE,SHFE.au2510,2025-09-09 09:40:00,129368,832.46,832.62,832.3,832.46,339.0,130430.0,130438.0
au2510.SHFE,SHFE.au2510,2025-09-09 09:41:00,129369,832.46,832.6,832.4,832.6,333.0,130438.0,130390.0
au2510.SHFE,SHFE.au2510,2025-09-09 09:42:00,129370,832.6,832.6,832.44,832.52,187.0,130390.0,130334.0
au2510.SHFE,SHFE.au2510,2025-09-09 09:43:00,129371,832.52,832.6,832.42,832.54,295.0,130334.0,130294.0
au2510.SHFE,SHFE.au2510,2025-09-09 09:44:00,129372,832.54,832.54,832.1,832.34,292.0,130294.0,130268.0
au2510.SHFE,SHFE.au2510,2025-09-09 09:45:00,129373,832.34,832.48,832.2,832.48,289.0,130268.0,130207.0
au2510.SHFE,SHFE.au2510,2025-09-09 09:46:00,129374,832.48,832.72,832.48,832.56,562.0,130207.0,130061.0
au2510.SHFE,SHFE.au2510,2025-09-09 09:47:00,129375,832.56,832.66,832.42,832.58,296.0,130061.0,130040.0
au2510.SHFE,SHFE.au2510,2025-09-09 09:48:00,129376,832.58,832.96,832.56,832.76,630.0,130040.0,129954.0
au2510.SHFE,SHFE.au2510,2025-09-09 09:49:00,129377,832.76,832.94,832.74,832.8,339.0,129954.0,129947.0
au2510.SHFE,SHFE.au2510,2025-09-09 09:50:00,129378,832.8,832.8,832.42,832.66,502.0,129947.0,129858.0
au2510.SHFE,SHFE.au2510,2025-09-09 09:51:00,129379,832.66,832.72,832.5,832.52,255.0,129858.0,129839.0
au2510.SHFE,SHFE.au2510,2025-09-09 09:52:00,129380,832.52,832.88,832.52,832.88,430.0,129839.0,129777.0
au2510.SHFE,SHFE.au2510,2025-09-09 09:53:00,129381,832.88,833.1,832.82,832.92,754.0,129777.0,129928.0
au2510.SHFE,SHFE.au2510,2025-09-09 09:54:00,129382,832.92,833.0,832.7,832.74,334.0,129928.0,129874.0
au2510.SHFE,SHFE.au2510,2025-09-09 09:55:00,129383,832.74,832.98,832.72,832.78,380.0,129874.0,129865.0
au2510.SHFE,SHFE.au2510,2025-09-09 09:56:00,129384,832.78,832.86,832.66,832.8,319.0,129865.0,129821.0
au2510.SHFE,SHFE.au2510,2025-09-09 09:57:00,129385,832.8,832.92,832.76,832.88,247.0,129821.0,129754.0
au2510.SHFE,SHFE.au2510,2025-09-09 09:58:00,129386,832.88,833.08,832.82,833.02,353.0,129754.0,129741.0
au2510.SHFE,SHFE.au2510,2025-09-09 09:59:00,129387,833.02,833.16,832.94,833.0,340.0,129741.0,129772.0
au2510.SHFE,SHFE.au2510,2025-09-09 10:00:00,129388,833.0,833.14,832.82,832.9,360.0,129772.0,129801.0
au2510.SHFE,SHFE.au2510,2025-09-09 10:01:00,129389,832.9,832.98,832.72,832.78,293.0,129801.0,129794.0
au2510.SHFE,SHFE.au2510,2025-09-09 10:02:00,129390,832.78,833.34,832.78,833.3,625.0,129794.0,129723.0
au2510.SHFE,SHFE.au2510,2025-09-09 10:03:00,129391,833.3,833.48,833.18,833.28,599.0,129723.0,129726.0
au2510.SHFE,SHFE.au2510,2025-09-09 10:04:00,129392,833.28,833.36,833.06,833.08,390.0,129726.0,129670.0
au2510.SHFE,SHFE.au2510,2025-09-09 10:05:00,129393,833.08,833.26,832.98,833.06,448.0,129670.0,129666.0
au2510.SHFE,SHFE.au2510,2025-09-09 10:06:00,129394,833.06,833.38,833.02,833.38,512.0,129666.0,129623.0
au2510.SHFE,SHFE.au2510,2025-09-09 10:07:00,129395,833.38,833.7,833.38,833.64,550.0,129623.0,129591.0
au2510.SHFE,SHFE.au2510,2025-09-09 10:08:00,129396,833.64,833.98,833.6,833.88,877.0,129591.0,129746.0
au2510.SHFE,SHFE.au2510,2025-09-09 10:09:00,129397,833.88,834.86,833.88,834.78,1494.0,129746.0,129796.0
au2510.SHFE,SHFE.au2510,2025-09-09 10:10:00,129398,834.78,834.78,834.24,834.6,845.0,129796.0,129807.0
au2510.SHFE,SHFE.au2510,2025-09-09 10:11:00,129399,834.6,834.84,834.52,834.74,955.0,129807.0,129966.0
au2510.SHFE,SHFE.au2510,2025-09-09 10:12:00,129400,834.74,834.74,834.12,834.12,644.0,129966.0,129964.0
au2510.SHFE,SHFE.au2510,2025-09-09 10:13:00,129401,834.12,834.32,834.0,834.12,584.0,129964.0,129828.0
au2510.SHFE,SHFE.au2510,2025-09-09 10:14:00,129402,834.12,834.24,834.06,834.2,434.0,129828.0,129714.0
au2510.SHFE,SHFE.au2510,2025-09-09 10:30:00,129403,834.8,835.44,834.76,835.04,1898.0,129714.0,129666.0
au2510.SHFE,SHFE.au2510,2025-09-09 10:31:00,129404,835.04,835.18,834.7,834.78,815.0,129666.0,129695.0
au2510.SHFE,SHFE.au2510,2025-09-09 10:32:00,129405,834.78,835.02,834.7,835.02,440.0,129695.0,129710.0
au2510.SHFE,SHFE.au2510,2025-09-09 10:33:00,129406,835.02,835.08,834.76,834.82,474.0,129710.0,129741.0
au2510.SHFE,SHFE.au2510,2025-09-09 10:34:00,129407,834.82,834.84,834.68,834.72,484.0,129741.0,129669.0
au2510.SHFE,SHFE.au2510,2025-09-09 10:35:00,129408,834.72,834.8,834.56,834.72,642.0,129669.0,129479.0
au2510.SHFE,SHFE.au2510,2025-09-09 10:36:00,129409,834.72,834.92,834.48,834.48,572.0,129479.0,129418.0
au2510.SHFE,SHFE.au2510,2025-09-09 10:37:00,129410,834.48,835.1,834.48,835.1,464.0,129418.0,129427.0
au2510.SHFE,SHFE.au2510,2025-09-09 10:38:00,129411,835.1,835.3,835.04,835.08,517.0,129427.0,129466.0
au2510.SHFE,SHFE.au2510,2025-09-09 10:39:00,129412,835.08,835.14,834.92,835.08,387.0,129466.0,129472.0
au2510.SHFE,SHFE.au2510,2025-09-09 10:40:00,129413,835.08,835.34,835.08,835.2,452.0,129472.0,129496.0
au2510.SHFE,SHFE.au2510,2025-09-09 10:41:00,129414,835.2,835.2,834.82,834.84,368.0,129496.0,129449.0
au2510.SHFE,SHFE.au2510,2025-09-09 10:42:00,129415,834.84,834.88,834.62,834.7,368.0,129449.0,129406.0
au2510.SHFE,SHFE.au2510,2025-09-09 10:43:00,129416,834.7,834.86,834.52,834.6,554.0,129406.0,129406.0
au2510.SHFE,SHFE.au2510,2025-09-09 10:44:00,129417,834.6,834.9,834.58,834.88,251.0,129406.0,129378.0
au2510.SHFE,SHFE.au2510,2025-09-09 10:45:00,129418,834.88,834.92,834.66,834.72,250.0,129378.0,129348.0
au2510.SHFE,SHFE.au2510,2025-09-09 10:46:00,129419,834.72,834.88,834.7,834.8,153.0,129348.0,129347.0
au2510.SHFE,SHFE.au2510,2025-09-09 10:47:00,129420,834.8,834.84,834.66,834.72,130.0,129347.0,129350.0
au2510.SHFE,SHFE.au2510,2025-09-09 10:48:00,129421,834.72,834.76,834.5,834.58,305.0,129350.0,129288.0
au2510.SHFE,SHFE.au2510,2025-09-09 10:49:00,129422,834.58,834.62,834.48,834.6,318.0,129288.0,129258.0
au2510.SHFE,SHFE.au2510,2025-09-09 10:50:00,129423,834.6,834.6,833.78,833.9,901.0,129258.0,129172.0
au2510.SHFE,SHFE.au2510,2025-09-09 10:51:00,129424,833.9,833.94,833.32,833.56,1253.0,129172.0,128976.0
au2510.SHFE,SHFE.au2510,2025-09-09 10:52:00,129425,833.56,833.86,833.56,833.64,470.0,128976.0,128944.0
au2510.SHFE,SHFE.au2510,2025-09-09 10:53:00,129426,833.64,833.64,833.2,833.22,550.0,128944.0,128885.0
au2510.SHFE,SHFE.au2510,2025-09-09 10:54:00,129427,833.22,833.52,833.2,833.36,430.0,128885.0,128854.0
au2510.SHFE,SHFE.au2510,2025-09-09 10:55:00,129428,833.36,833.72,833.36,833.54,419.0,128854.0,128844.0
au2510.SHFE,SHFE.au2510,2025-09-09 10:56:00,129429,833.54,833.54,833.3,833.42,266.0,128844.0,128815.0
au2510.SHFE,SHFE.au2510,2025-09-09 10:57:00,129430,833.42,833.66,833.4,833.5,293.0,128815.0,128828.0
au2510.SHFE,SHFE.au2510,2025-09-09 10:58:00,129431,833.5,833.68,833.44,833.58,356.0,128828.0,128816.0
au2510.SHFE,SHFE.au2510,2025-09-09 10:59:00,129432,833.58,833.86,833.56,833.7,575.0,128816.0,128829.0
au2510.SHFE,SHFE.au2510,2025-09-09 11:00:00,129433,833.7,833.76,833.32,833.32,633.0,128829.0,128766.0
au2510.SHFE,SHFE.au2510,2025-09-09 11:01:00,129434,833.32,834.46,833.26,834.28,944.0,128766.0,128731.0
au2510.SHFE,SHFE.au2510,2025-09-09 11:02:00,129435,834.28,834.56,834.16,834.3,695.0,128731.0,128779.0
au2510.SHFE,SHFE.au2510,2025-09-09 11:03:00,129436,834.3,834.62,834.3,834.58,489.0,128779.0,128769.0
au2510.SHFE,SHFE.au2510,2025-09-09 11:04:00,129437,834.58,834.74,834.48,834.58,447.0,128769.0,128793.0
au2510.SHFE,SHFE.au2510,2025-09-09 11:05:00,129438,834.58,834.66,834.38,834.44,398.0,128793.0,128768.0
au2510.SHFE,SHFE.au2510,2025-09-09 11:06:00,129439,834.44,834.48,834.18,834.3,238.0,128768.0,128761.0
au2510.SHFE,SHFE.au2510,2025-09-09 11:07:00,129440,834.3,834.44,834.22,834.3,144.0,128761.0,128760.0
au2510.SHFE,SHFE.au2510,2025-09-09 11:08:00,129441,834.3,834.3,834.06,834.2,289.0,128760.0,128771.0
au2510.SHFE,SHFE.au2510,2025-09-09 11:09:00,129442,834.2,834.2,833.84,833.94,237.0,128771.0,128741.0
au2510.SHFE,SHFE.au2510,2025-09-09 11:10:00,129443,833.94,834.06,833.72,833.8,429.0,128741.0,128720.0
au2510.SHFE,SHFE.au2510,2025-09-09 11:11:00,129444,833.8,833.8,833.34,833.34,900.0,128720.0,128680.0
au2510.SHFE,SHFE.au2510,2025-09-09 11:12:00,129445,833.34,833.36,832.86,832.96,1115.0,128680.0,128587.0
au2510.SHFE,SHFE.au2510,2025-09-09 11:13:00,129446,832.96,833.4,832.6,833.36,823.0,128587.0,128433.0
au2510.SHFE,SHFE.au2510,2025-09-09 11:14:00,129447,833.36,833.88,833.34,833.64,1204.0,128433.0,128498.0
au2510.SHFE,SHFE.au2510,2025-09-09 11:15:00,129448,833.64,833.7,833.22,833.38,654.0,128498.0,128317.0
au2510.SHFE,SHFE.au2510,2025-09-09 11:16:00,129449,833.38,833.38,832.96,833.1,499.0,128317.0,128211.0
au2510.SHFE,SHFE.au2510,2025-09-09 11:17:00,129450,833.1,833.28,833.06,833.26,241.0,128211.0,128192.0
au2510.SHFE,SHFE.au2510,2025-09-09 11:18:00,129451,833.26,833.6,833.24,833.48,487.0,128192.0,128272.0
au2510.SHFE,SHFE.au2510,2025-09-09 11:19:00,129452,833.48,833.66,833.48,833.62,270.0,128272.0,128243.0
au2510.SHFE,SHFE.au2510,2025-09-09 11:20:00,129453,833.62,833.72,833.4,833.5,421.0,128243.0,128173.0
au2510.SHFE,SHFE.au2510,2025-09-09 11:21:00,129454,833.5,833.78,833.38,833.74,438.0,128173.0,128066.0
au2510.SHFE,SHFE.au2510,2025-09-09 11:22:00,129455,833.74,834.02,833.7,833.7,397.0,128066.0,128017.0
au2510.SHFE,SHFE.au2510,2025-09-09 11:23:00,129456,833.7,833.94,833.66,833.88,204.0,128017.0,128018.0
au2510.SHFE,SHFE.au2510,2025-09-09 11:24:00,129457,833.88,834.0,833.84,833.92,274.0,128018.0,127954.0
au2510.SHFE,SHFE.au2510,2025-09-09 11:25:00,129458,833.92,834.02,833.9,833.96,335.0,127954.0,127980.0
au2510.SHFE,SHFE.au2510,2025-09-09 11:26:00,129459,833.96,834.32,833.96,834.26,294.0,127980.0,127913.0
au2510.SHFE,SHFE.au2510,2025-09-09 11:27:00,129460,834.26,834.38,834.12,834.32,437.0,127913.0,127870.0
au2510.SHFE,SHFE.au2510,2025-09-09 11:28:00,129461,834.32,834.4,834.06,834.14,228.0,127870.0,127872.0
au2510.SHFE,SHFE.au2510,2025-09-09 11:29:00,129462,834.14,834.34,834.1,834.22,399.0,127872.0,127821.0
au2510.SHFE,SHFE.au2510,2025-09-09 13:30:00,129463,835.26,835.76,835.14,835.6,1585.0,127821.0,127921.0
au2510.SHFE,SHFE.au2510,2025-09-09 13:31:00,129464,835.6,836.1,835.52,835.84,1019.0,127921.0,127966.0
au2510.SHFE,SHFE.au2510,2025-09-09 13:32:00,129465,835.84,836.04,835.78,836.0,641.0,127966.0,128055.0
au2510.SHFE,SHFE.au2510,2025-09-09 13:33:00,129466,836.0,836.14,835.92,836.0,518.0,128055.0,128102.0
au2510.SHFE,SHFE.au2510,2025-09-09 13:34:00,129467,836.0,836.12,835.84,835.88,412.0,128102.0,128132.0
au2510.SHFE,SHFE.au2510,2025-09-09 13:35:00,129468,835.88,836.0,835.84,836.0,378.0,128132.0,128181.0
au2510.SHFE,SHFE.au2510,2025-09-09 13:36:00,129469,836.0,836.04,835.74,835.92,486.0,128181.0,128257.0
au2510.SHFE,SHFE.au2510,2025-09-09 13:37:00,129470,835.92,836.28,835.76,836.26,606.0,128257.0,128215.0
au2510.SHFE,SHFE.au2510,2025-09-09 13:38:00,129471,836.26,836.42,836.06,836.4,685.0,128215.0,128103.0
au2510.SHFE,SHFE.au2510,2025-09-09 13:39:00,129472,836.4,836.66,836.38,836.62,698.0,128103.0,128111.0
au2510.SHFE,SHFE.au2510,2025-09-09 13:40:00,129473,836.62,836.96,836.62,836.88,695.0,128111.0,128205.0
au2510.SHFE,SHFE.au2510,2025-09-09 13:41:00,129474,836.88,836.9,836.64,836.68,733.0,128205.0,128331.0
au2510.SHFE,SHFE.au2510,2025-09-09 13:42:00,129475,836.68,836.78,836.52,836.58,483.0,128331.0,128290.0
au2510.SHFE,SHFE.au2510,2025-09-09 13:43:00,129476,836.58,836.58,836.1,836.5,551.0,128290.0,128203.0
au2510.SHFE,SHFE.au2510,2025-09-09 13:44:00,129477,836.5,836.52,836.04,836.2,422.0,128203.0,128263.0
au2510.SHFE,SHFE.au2510,2025-09-09 13:45:00,129478,836.2,836.44,836.08,836.44,497.0,128263.0,128157.0
au2510.SHFE,SHFE.au2510,2025-09-09 13:46:00,129479,836.44,836.94,836.4,836.76,589.0,128157.0,128111.0
au2510.SHFE,SHFE.au2510,2025-09-09 13:47:00,129480,836.76,836.76,836.52,836.7,395.0,128111.0,128058.0
au2510.SHFE,SHFE.au2510,2025-09-09 13:48:00,129481,836.7,836.7,836.36,836.54,455.0,128058.0,127954.0
au2510.SHFE,SHFE.au2510,2025-09-09 13:49:00,129482,836.54,836.68,836.46,836.58,331.0,127954.0,127931.0
au2510.SHFE,SHFE.au2510,2025-09-09 13:50:00,129483,836.58,836.94,836.56,836.84,510.0,127931.0,127942.0
au2510.SHFE,SHFE.au2510,2025-09-09 13:51:00,129484,836.84,836.86,836.52,836.56,473.0,127942.0,127919.0
au2510.SHFE,SHFE.au2510,2025-09-09 13:52:00,129485,836.56,836.56,836.16,836.16,542.0,127919.0,127825.0
au2510.SHFE,SHFE.au2510,2025-09-09 13:53:00,129486,836.16,836.34,836.04,836.26,463.0,127825.0,127788.0
au2510.SHFE,SHFE.au2510,2025-09-09 13:54:00,129487,836.26,836.42,836.24,836.38,208.0,127788.0,127786.0
au2510.SHFE,SHFE.au2510,2025-09-09 13:55:00,129488,836.38,836.4,836.26,836.3,238.0,127786.0,127793.0
au2510.SHFE,SHFE.au2510,2025-09-09 13:56:00,129489,836.3,836.56,836.16,836.48,430.0,127793.0,127793.0
au2510.SHFE,SHFE.au2510,2025-09-09 13:57:00,129490,836.48,836.48,835.88,835.88,497.0,127793.0,127797.0
au2510.SHFE,SHFE.au2510,2025-09-09 13:58:00,129491,835.88,836.12,835.88,836.1,459.0,127797.0,127691.0
au2510.SHFE,SHFE.au2510,2025-09-09 13:59:00,129492,836.1,836.46,836.1,836.18,481.0,127691.0,127683.0
au2510.SHFE,SHFE.au2510,2025-09-09 14:00:00,129493,836.18,836.44,836.12,836.18,392.0,127683.0,127665.0
au2510.SHFE,SHFE.au2510,2025-09-09 14:01:00,129494,836.18,836.18,835.94,835.98,450.0,127665.0,127652.0
au2510.SHFE,SHFE.au2510,2025-09-09 14:02:00,129495,835.98,836.04,835.34,835.46,753.0,127652.0,127493.0
au2510.SHFE,SHFE.au2510,2025-09-09 14:03:00,129496,835.46,835.54,835.22,835.24,674.0,127493.0,127403.0
au2510.SHFE,SHFE.au2510,2025-09-09 14:04:00,129497,835.24,835.28,834.7,834.7,1374.0,127403.0,127161.0
au2510.SHFE,SHFE.au2510,2025-09-09 14:05:00,129498,834.7,834.7,832.06,832.36,3998.0,127161.0,126720.0
au2510.SHFE,SHFE.au2510,2025-09-09 14:06:00,129499,832.36,832.42,831.36,831.84,4072.0,126720.0,126460.0
au2510.SHFE,SHFE.au2510,2025-09-09 14:07:00,129500,831.84,833.34,831.84,833.16,3427.0,126460.0,126393.0
au2510.SHFE,SHFE.au2510,2025-09-09 14:08:00,129501,833.16,833.32,832.2,832.36,2228.0,126393.0,126316.0
au2510.SHFE,SHFE.au2510,2025-09-09 14:09:00,129502,832.36,832.4,831.28,831.72,2315.0,126316.0,126327.0
au2510.SHFE,SHFE.au2510,2025-09-09 14:10:00,129503,831.72,832.8,831.5,832.46,1703.0,126327.0,126200.0
au2510.SHFE,SHFE.au2510,2025-09-09 14:11:00,129504,832.46,832.5,831.5,831.9,993.0,126200.0,126168.0
au2510.SHFE,SHFE.au2510,2025-09-09 14:12:00,129505,831.9,832.88,831.86,832.62,773.0,126168.0,126112.0
au2510.SHFE,SHFE.au2510,2025-09-09 14:13:00,129506,832.62,832.7,832.16,832.7,710.0,126112.0,126056.0
au2510.SHFE,SHFE.au2510,2025-09-09 14:14:00,129507,832.7,833.38,832.6,833.16,1061.0,126056.0,125890.0
au2510.SHFE,SHFE.au2510,2025-09-09 14:15:00,129508,833.16,833.86,833.06,833.8,1337.0,125890.0,125921.0
au2510.SHFE,SHFE.au2510,2025-09-09 14:16:00,129509,833.8,833.84,832.9,832.92,818.0,125921.0,125963.0
au2510.SHFE,SHFE.au2510,2025-09-09 14:17:00,129510,832.92,832.92,832.4,832.66,718.0,125963.0,125892.0
au2510.SHFE,SHFE.au2510,2025-09-09 14:18:00,129511,832.66,833.24,832.6,833.1,576.0,125892.0,125854.0
au2510.SHFE,SHFE.au2510,2025-09-09 14:19:00,129512,833.1,833.24,832.46,832.84,529.0,125854.0,125805.0
au2510.SHFE,SHFE.au2510,2025-09-09 14:20:00,129513,832.84,832.88,832.36,832.6,599.0,125805.0,125756.0
au2510.SHFE,SHFE.au2510,2025-09-09 14:21:00,129514,832.6,832.64,832.06,832.2,600.0,125756.0,125717.0
au2510.SHFE,SHFE.au2510,2025-09-09 14:22:00,129515,832.2,832.2,831.8,831.98,914.0,125717.0,125612.0
au2510.SHFE,SHFE.au2510,2025-09-09 14:23:00,129516,831.98,832.28,831.8,832.06,928.0,125612.0,125620.0
au2510.SHFE,SHFE.au2510,2025-09-09 14:24:00,129517,832.06,832.72,832.02,832.64,633.0,125620.0,125609.0
au2510.SHFE,SHFE.au2510,2025-09-09 14:25:00,129518,832.64,832.82,832.22,832.48,583.0,125609.0,125651.0
au2510.SHFE,SHFE.au2510,2025-09-09 14:26:00,129519,832.48,832.54,831.98,831.98,523.0,125651.0,125623.0
au2510.SHFE,SHFE.au2510,2025-09-09 14:27:00,129520,831.98,832.32,831.88,832.28,1094.0,125623.0,125633.0
au2510.SHFE,SHFE.au2510,2025-09-09 14:28:00,129521,832.28,832.54,832.14,832.14,683.0,125633.0,125672.0
au2510.SHFE,SHFE.au2510,2025-09-09 14:29:00,129522,832.14,832.48,832.1,832.46,389.0,125672.0,125640.0
au2510.SHFE,SHFE.au2510,2025-09-09 14:30:00,129523,832.46,832.64,832.22,832.52,516.0,125640.0,125677.0
au2510.SHFE,SHFE.au2510,2025-09-09 14:31:00,129524,832.52,832.6,832.3,832.6,509.0,125677.0,125575.0
au2510.SHFE,SHFE.au2510,2025-09-09 14:32:00,129525,832.6,833.4,832.42,833.12,921.0,125575.0,125494.0
au2510.SHFE,SHFE.au2510,2025-09-09 14:33:00,129526,833.12,833.16,832.74,832.92,491.0,125494.0,125449.0
au2510.SHFE,SHFE.au2510,2025-09-09 14:34:00,129527,832.92,833.14,832.5,833.1,363.0,125449.0,125387.0
au2510.SHFE,SHFE.au2510,2025-09-09 14:35:00,129528,833.1,833.36,832.96,833.3,536.0,125387.0,125333.0
au2510.SHFE,SHFE.au2510,2025-09-09 14:36:00,129529,833.3,833.6,833.28,833.6,486.0,125333.0,125267.0
au2510.SHFE,SHFE.au2510,2025-09-09 14:37:00,129530,833.6,833.74,833.4,833.7,496.0,125267.0,125247.0
au2510.SHFE,SHFE.au2510,2025-09-09 14:38:00,129531,833.7,833.82,833.5,833.82,373.0,125247.0,125242.0
au2510.SHFE,SHFE.au2510,2025-09-09 14:39:00,129532,833.82,834.36,833.76,834.34,763.0,125242.0,125219.0
au2510.SHFE,SHFE.au2510,2025-09-09 14:40:00,129533,834.34,834.86,834.3,834.62,829.0,125219.0,125249.0
au2510.SHFE,SHFE.au2510,2025-09-09 14:41:00,129534,834.62,834.96,834.58,834.84,540.0,125249.0,125196.0
au2510.SHFE,SHFE.au2510,2025-09-09 14:42:00,129535,834.84,834.92,834.64,834.86,620.0,125196.0,125112.0
au2510.SHFE,SHFE.au2510,2025-09-09 14:43:00,129536,834.86,835.06,834.66,835.02,572.0,125112.0,125104.0
au2510.SHFE,SHFE.au2510,2025-09-09 14:44:00,129537,835.02,835.38,835.02,835.32,610.0,125104.0,125148.0
au2510.SHFE,SHFE.au2510,2025-09-09 14:45:00,129538,835.32,835.42,834.5,834.54,774.0,125148.0,125077.0
au2510.SHFE,SHFE.au2510,2025-09-09 14:46:00,129539,834.54,834.78,834.4,834.74,513.0,125077.0,125072.0
au2510.SHFE,SHFE.au2510,2025-09-09 14:47:00,129540,834.74,834.74,834.2,834.2,345.0,125072.0,125077.0
au2510.SHFE,SHFE.au2510,2025-09-09 14:48:00,129541,834.2,834.34,833.78,834.28,740.0,125077.0,124981.0
au2510.SHFE,SHFE.au2510,2025-09-09 14:49:00,129542,834.28,834.7,834.22,834.22,434.0,124981.0,124924.0
au2510.SHFE,SHFE.au2510,2025-09-09 14:50:00,129543,834.22,834.48,834.14,834.38,414.0,124924.0,124970.0
au2510.SHFE,SHFE.au2510,2025-09-09 14:51:00,129544,834.38,834.5,834.24,834.38,204.0,124970.0,124923.0
au2510.SHFE,SHFE.au2510,2025-09-09 14:52:00,129545,834.38,834.56,834.26,834.4,252.0,124923.0,124869.0
au2510.SHFE,SHFE.au2510,2025-09-09 14:53:00,129546,834.4,834.44,834.26,834.34,198.0,124869.0,124855.0
au2510.SHFE,SHFE.au2510,2025-09-09 14:54:00,129547,834.34,834.5,834.22,834.46,265.0,124855.0,124851.0
au2510.SHFE,SHFE.au2510,2025-09-09 14:55:00,129548,834.46,834.8,834.42,834.7,426.0,124851.0,124834.0
au2510.SHFE,SHFE.au2510,2025-09-09 14:56:00,129549,834.7,834.82,834.5,834.52,392.0,124834.0,124835.0
au2510.SHFE,SHFE.au2510,2025-09-09 14:57:00,129550,834.52,834.58,834.36,834.58,277.0,124835.0,124778.0
au2510.SHFE,SHFE.au2510,2025-09-09 14:58:00,129551,834.58,834.62,834.42,834.54,423.0,124778.0,124735.0
au2510.SHFE,SHFE.au2510,2025-09-09 14:59:00,129552,834.54,834.68,834.48,834.48,499.0,124735.0,124881.0
au2510.SHFE,SHFE.au2510,2025-09-09 21:00:00,129553,834.06,834.48,833.44,833.68,2094.0,124881.0,124919.0
au2510.SHFE,SHFE.au2510,2025-09-09 21:01:00,129554,833.68,834.32,833.68,834.06,1040.0,124919.0,125011.0
au2510.SHFE,SHFE.au2510,2025-09-09 21:02:00,129555,834.06,834.48,833.98,834.38,769.0,125011.0,125092.0
au2510.SHFE,SHFE.au2510,2025-09-09 21:03:00,129556,834.38,834.58,834.16,834.48,809.0,125092.0,125137.0
au2510.SHFE,SHFE.au2510,2025-09-09 21:04:00,129557,834.48,835.12,834.42,835.1,956.0,125137.0,125183.0
au2510.SHFE,SHFE.au2510,2025-09-09 21:05:00,129558,835.1,835.16,834.52,834.78,1024.0,125183.0,125251.0
au2510.SHFE,SHFE.au2510,2025-09-09 21:06:00,129559,834.78,834.78,834.38,834.42,581.0,125251.0,125326.0
au2510.SHFE,SHFE.au2510,2025-09-09 21:07:00,129560,834.42,834.82,834.42,834.68,562.0,125326.0,125380.0
au2510.SHFE,SHFE.au2510,2025-09-09 21:08:00,129561,834.68,834.78,834.32,834.52,730.0,125380.0,125444.0
au2510.SHFE,SHFE.au2510,2025-09-09 21:09:00,129562,834.52,834.78,834.5,834.74,593.0,125444.0,125401.0
au2510.SHFE,SHFE.au2510,2025-09-09 21:10:00,129563,834.74,835.06,834.72,835.06,606.0,125401.0,125384.0
au2510.SHFE,SHFE.au2510,2025-09-09 21:11:00,129564,835.06,835.6,835.06,835.5,956.0,125384.0,125341.0
au2510.SHFE,SHFE.au2510,2025-09-09 21:12:00,129565,835.5,835.68,835.4,835.5,656.0,125341.0,125369.0
au2510.SHFE,SHFE.au2510,2025-09-09 21:13:00,129566,835.5,835.8,835.32,835.34,746.0,125369.0,125418.0
au2510.SHFE,SHFE.au2510,2025-09-09 21:14:00,129567,835.34,835.62,835.26,835.56,530.0,125418.0,125418.0
au2510.SHFE,SHFE.au2510,2025-09-09 21:15:00,129568,835.56,835.64,835.46,835.58,499.0,125418.0,125492.0
au2510.SHFE,SHFE.au2510,2025-09-09 21:16:00,129569,835.58,835.98,835.4,835.58,624.0,125492.0,125478.0
au2510.SHFE,SHFE.au2510,2025-09-09 21:17:00,129570,835.58,835.84,835.56,835.76,437.0,125478.0,125439.0
au2510.SHFE,SHFE.au2510,2025-09-09 21:18:00,129571,835.76,835.96,835.62,835.7,485.0,125439.0,125482.0
au2510.SHFE,SHFE.au2510,2025-09-09 21:19:00,129572,835.7,835.9,835.62,835.76,384.0,125482.0,125489.0
au2510.SHFE,SHFE.au2510,2025-09-09 21:20:00,129573,835.76,836.1,835.74,836.02,583.0,125489.0,125527.0
au2510.SHFE,SHFE.au2510,2025-09-09 21:21:00,129574,836.02,836.3,835.96,836.0,832.0,125527.0,125629.0
au2510.SHFE,SHFE.au2510,2025-09-09 21:22:00,129575,836.0,836.16,835.9,836.12,440.0,125629.0,125677.0
au2510.SHFE,SHFE.au2510,2025-09-09 21:23:00,129576,836.12,836.34,836.06,836.28,622.0,125677.0,125744.0
au2510.SHFE,SHFE.au2510,2025-09-09 21:24:00,129577,836.28,836.58,836.16,836.58,624.0,125744.0,125839.0
au2510.SHFE,SHFE.au2510,2025-09-09 21:25:00,129578,836.58,837.48,836.58,837.08,1799.0,125839.0,126058.0
au2510.SHFE,SHFE.au2510,2025-09-09 21:26:00,129579,837.08,837.34,837.0,837.32,999.0,126058.0,126146.0
au2510.SHFE,SHFE.au2510,2025-09-09 21:27:00,129580,837.32,837.82,837.28,837.66,1351.0,126146.0,126282.0
au2510.SHFE,SHFE.au2510,2025-09-09 21:28:00,129581,837.66,837.7,837.4,837.5,877.0,126282.0,126317.0
au2510.SHFE,SHFE.au2510,2025-09-09 21:29:00,129582,837.5,837.6,837.38,837.48,618.0,126317.0,126332.0
au2510.SHFE,SHFE.au2510,2025-09-09 21:30:00,129583,837.48,837.64,836.82,837.06,1373.0,126332.0,126226.0
au2510.SHFE,SHFE.au2510,2025-09-09 21:31:00,129584,837.06,837.42,836.86,837.42,864.0,126226.0,126173.0
au2510.SHFE,SHFE.au2510,2025-09-09 21:32:00,129585,837.42,838.24,837.34,838.22,1345.0,126173.0,126314.0
au2510.SHFE,SHFE.au2510,2025-09-09 21:33:00,129586,838.22,838.26,837.74,838.0,1019.0,126314.0,126294.0
au2510.SHFE,SHFE.au2510,2025-09-09 21:34:00,129587,838.0,838.72,837.9,838.52,1485.0,126294.0,126558.0
au2510.SHFE,SHFE.au2510,2025-09-09 21:35:00,129588,838.52,838.62,838.36,838.44,962.0,126558.0,126622.0
au2510.SHFE,SHFE.au2510,2025-09-09 21:36:00,129589,838.44,838.92,838.22,838.54,1213.0,126622.0,126661.0
au2510.SHFE,SHFE.au2510,2025-09-09 21:37:00,129590,838.54,838.86,838.4,838.76,916.0,126661.0,126738.0
au2510.SHFE,SHFE.au2510,2025-09-09 21:38:00,129591,838.76,838.76,838.08,838.14,1002.0,126738.0,126773.0
au2510.SHFE,SHFE.au2510,2025-09-09 21:39:00,129592,838.14,838.18,837.76,838.08,1096.0,126773.0,126710.0
au2510.SHFE,SHFE.au2510,2025-09-09 21:40:00,129593,838.08,838.22,837.84,838.14,745.0,126710.0,126684.0
au2510.SHFE,SHFE.au2510,2025-09-09 21:41:00,129594,838.14,838.2,837.12,837.38,1326.0,126684.0,126548.0
au2510.SHFE,SHFE.au2510,2025-09-09 21:42:00,129595,837.38,838.0,837.26,837.7,852.0,126548.0,126564.0
au2510.SHFE,SHFE.au2510,2025-09-09 21:43:00,129596,837.7,838.06,837.66,837.94,494.0,126564.0,126550.0
au2510.SHFE,SHFE.au2510,2025-09-09 21:44:00,129597,837.94,838.12,837.84,837.94,485.0,126550.0,126630.0
au2510.SHFE,SHFE.au2510,2025-09-09 21:45:00,129598,837.94,838.24,837.86,838.0,709.0,126630.0,126630.0
au2510.SHFE,SHFE.au2510,2025-09-09 21:46:00,129599,838.0,838.0,837.52,837.68,877.0,126630.0,126520.0
au2510.SHFE,SHFE.au2510,2025-09-09 21:47:00,129600,837.68,838.26,837.68,838.24,489.0,126520.0,126502.0
au2510.SHFE,SHFE.au2510,2025-09-09 21:48:00,129601,838.24,838.32,838.18,838.2,622.0,126502.0,126587.0
au2510.SHFE,SHFE.au2510,2025-09-09 21:49:00,129602,838.2,838.66,838.2,838.48,814.0,126587.0,126687.0
au2510.SHFE,SHFE.au2510,2025-09-09 21:50:00,129603,838.48,838.54,838.3,838.44,691.0,126687.0,126654.0
au2510.SHFE,SHFE.au2510,2025-09-09 21:51:00,129604,838.44,838.52,838.18,838.3,419.0,126654.0,126634.0
au2510.SHFE,SHFE.au2510,2025-09-09 21:52:00,129605,838.3,838.4,838.16,838.26,563.0,126634.0,126731.0
au2510.SHFE,SHFE.au2510,2025-09-09 21:53:00,129606,838.26,838.48,838.16,838.28,381.0,126731.0,126723.0
au2510.SHFE,SHFE.au2510,2025-09-09 21:54:00,129607,838.28,838.3,838.08,838.14,478.0,126723.0,126742.0
au2510.SHFE,SHFE.au2510,2025-09-09 21:55:00,129608,838.14,838.28,838.08,838.14,344.0,126742.0,126747.0
au2510.SHFE,SHFE.au2510,2025-09-09 21:56:00,129609,838.14,838.74,838.12,838.66,697.0,126747.0,126797.0
au2510.SHFE,SHFE.au2510,2025-09-09 21:57:00,129610,838.66,838.8,838.5,838.8,454.0,126797.0,126882.0
au2510.SHFE,SHFE.au2510,2025-09-09 21:58:00,129611,838.8,838.82,838.64,838.72,530.0,126882.0,126939.0
au2510.SHFE,SHFE.au2510,2025-09-09 21:59:00,129612,838.72,838.76,838.38,838.5,448.0,126939.0,126956.0
au2510.SHFE,SHFE.au2510,2025-09-09 22:00:00,129613,838.5,840.6,838.5,839.88,5045.0,126956.0,127519.0
au2510.SHFE,SHFE.au2510,2025-09-09 22:01:00,129614,839.88,840.82,839.88,840.14,2358.0,127519.0,127863.0
au2510.SHFE,SHFE.au2510,2025-09-09 22:02:00,129615,840.14,840.38,839.54,839.54,1907.0,127863.0,127804.0
au2510.SHFE,SHFE.au2510,2025-09-09 22:03:00,129616,839.54,839.54,835.9,835.9,4564.0,127804.0,127095.0
au2510.SHFE,SHFE.au2510,2025-09-09 22:04:00,129617,835.9,837.3,835.48,837.06,4882.0,127095.0,126687.0
au2510.SHFE,SHFE.au2510,2025-09-09 22:05:00,129618,837.06,837.56,836.22,836.22,2858.0,126687.0,126576.0
au2510.SHFE,SHFE.au2510,2025-09-09 22:06:00,129619,836.22,836.34,834.42,835.26,4326.0,126576.0,126501.0
au2510.SHFE,SHFE.au2510,2025-09-09 22:07:00,129620,835.26,835.66,833.74,834.4,3681.0,126501.0,126465.0
au2510.SHFE,SHFE.au2510,2025-09-09 22:08:00,129621,834.4,834.46,832.52,832.76,4020.0,126465.0,126320.0
au2510.SHFE,SHFE.au2510,2025-09-09 22:09:00,129622,832.76,834.72,832.32,834.46,4544.0,126320.0,126280.0
au2510.SHFE,SHFE.au2510,2025-09-09 22:10:00,129623,834.46,835.0,833.86,834.84,3335.0,126280.0,126261.0
au2510.SHFE,SHFE.au2510,2025-09-09 22:11:00,129624,834.84,834.9,834.34,834.4,1599.0,126261.0,126227.0
au2510.SHFE,SHFE.au2510,2025-09-09 22:12:00,129625,834.4,834.76,834.08,834.56,1884.0,126227.0,126289.0
au2510.SHFE,SHFE.au2510,2025-09-09 22:13:00,129626,834.56,834.64,833.26,833.9,2166.0,126289.0,126357.0
au2510.SHFE,SHFE.au2510,2025-09-09 22:14:00,129627,833.9,835.28,833.74,835.24,1561.0,126357.0,126228.0
au2510.SHFE,SHFE.au2510,2025-09-09 22:15:00,129628,835.24,836.2,835.24,836.18,2373.0,126228.0,126382.0
au2510.SHFE,SHFE.au2510,2025-09-09 22:16:00,129629,836.18,836.54,835.6,835.6,2098.0,126382.0,126479.0
au2510.SHFE,SHFE.au2510,2025-09-09 22:17:00,129630,835.6,836.1,834.92,834.92,1872.0,126479.0,126431.0
au2510.SHFE,SHFE.au2510,2025-09-09 22:18:00,129631,834.92,835.62,834.7,835.62,1665.0,126431.0,126438.0
au2510.SHFE,SHFE.au2510,2025-09-09 22:19:00,129632,835.62,835.66,834.52,834.6,1115.0,126438.0,126464.0
au2510.SHFE,SHFE.au2510,2025-09-09 22:20:00,129633,834.6,834.6,833.74,834.24,2066.0,126464.0,126524.0
au2510.SHFE,SHFE.au2510,2025-09-09 22:21:00,129634,834.24,834.68,834.18,834.48,1053.0,126524.0,126543.0
au2510.SHFE,SHFE.au2510,2025-09-09 22:22:00,129635,834.48,834.8,834.08,834.6,941.0,126543.0,126556.0
au2510.SHFE,SHFE.au2510,2025-09-09 22:23:00,129636,834.6,835.16,834.48,835.16,806.0,126556.0,126510.0
au2510.SHFE,SHFE.au2510,2025-09-09 22:24:00,129637,835.16,835.46,834.9,835.3,732.0,126510.0,126499.0
au2510.SHFE,SHFE.au2510,2025-09-09 22:25:00,129638,835.3,835.5,835.2,835.2,773.0,126499.0,126500.0
au2510.SHFE,SHFE.au2510,2025-09-09 22:26:00,129639,835.2,835.38,835.06,835.18,594.0,126500.0,126445.0
au2510.SHFE,SHFE.au2510,2025-09-09 22:27:00,129640,835.18,835.36,834.62,835.06,760.0,126445.0,126373.0
au2510.SHFE,SHFE.au2510,2025-09-09 22:28:00,129641,835.06,835.34,834.9,835.32,425.0,126373.0,126340.0
au2510.SHFE,SHFE.au2510,2025-09-09 22:29:00,129642,835.32,835.64,835.2,835.62,693.0,126340.0,126322.0
au2510.SHFE,SHFE.au2510,2025-09-09 22:30:00,129643,835.62,835.82,834.28,834.36,1343.0,126322.0,126328.0
au2510.SHFE,SHFE.au2510,2025-09-09 22:31:00,129644,834.36,834.64,833.48,833.68,2181.0,126328.0,126504.0
au2510.SHFE,SHFE.au2510,2025-09-09 22:32:00,129645,833.68,834.06,833.16,833.54,1790.0,126504.0,126764.0
au2510.SHFE,SHFE.au2510,2025-09-09 22:33:00,129646,833.54,833.96,833.16,833.16,1344.0,126764.0,126948.0
au2510.SHFE,SHFE.au2510,2025-09-09 22:34:00,129647,833.16,833.44,832.88,833.14,1726.0,126948.0,126938.0
au2510.SHFE,SHFE.au2510,2025-09-09 22:35:00,129648,833.14,833.14,832.12,832.58,2429.0,126938.0,126864.0
au2510.SHFE,SHFE.au2510,2025-09-09 22:36:00,129649,832.58,832.7,831.8,831.88,3022.0,126864.0,126770.0
au2510.SHFE,SHFE.au2510,2025-09-09 22:37:00,129650,831.88,832.8,831.22,831.58,2391.0,126770.0,126694.0
au2510.SHFE,SHFE.au2510,2025-09-09 22:38:00,129651,831.58,832.32,831.2,832.3,2521.0,126694.0,126773.0
au2510.SHFE,SHFE.au2510,2025-09-09 22:39:00,129652,832.3,832.42,831.68,832.38,1559.0,126773.0,126731.0
au2510.SHFE,SHFE.au2510,2025-09-09 22:40:00,129653,832.38,833.52,832.36,833.16,2041.0,126731.0,126691.0
au2510.SHFE,SHFE.au2510,2025-09-09 22:41:00,129654,833.16,833.26,832.8,832.88,1169.0,126691.0,126794.0
au2510.SHFE,SHFE.au2510,2025-09-09 22:42:00,129655,832.88,833.26,832.72,833.2,973.0,126794.0,126801.0
au2510.SHFE,SHFE.au2510,2025-09-09 22:43:00,129656,833.2,833.48,832.98,833.46,932.0,126801.0,126794.0
au2510.SHFE,SHFE.au2510,2025-09-09 22:44:00,129657,833.46,833.48,832.8,833.22,886.0,126794.0,126784.0
au2510.SHFE,SHFE.au2510,2025-09-09 22:45:00,129658,833.22,833.78,833.18,833.62,871.0,126784.0,126792.0
au2510.SHFE,SHFE.au2510,2025-09-09 22:46:00,129659,833.62,833.98,833.62,833.74,890.0,126792.0,126743.0
au2510.SHFE,SHFE.au2510,2025-09-09 22:47:00,129660,833.74,833.82,832.64,832.64,1353.0,126743.0,126712.0
au2510.SHFE,SHFE.au2510,2025-09-09 22:48:00,129661,832.64,833.2,832.48,832.62,1197.0,126712.0,126747.0
au2510.SHFE,SHFE.au2510,2025-09-09 22:49:00,129662,832.62,833.1,832.5,832.92,594.0,126747.0,126798.0
au2510.SHFE,SHFE.au2510,2025-09-09 22:50:00,129663,832.92,833.04,832.62,833.04,705.0,126798.0,126803.0
au2510.SHFE,SHFE.au2510,2025-09-09 22:51:00,129664,833.04,833.04,832.66,832.9,369.0,126803.0,126819.0
au2510.SHFE,SHFE.au2510,2025-09-09 22:52:00,129665,832.9,833.68,832.84,833.52,801.0,126819.0,126765.0
au2510.SHFE,SHFE.au2510,2025-09-09 22:53:00,129666,833.52,833.7,833.3,833.36,899.0,126765.0,126808.0
au2510.SHFE,SHFE.au2510,2025-09-09 22:54:00,129667,833.36,833.46,833.08,833.44,616.0,126808.0,126816.0
au2510.SHFE,SHFE.au2510,2025-09-09 22:55:00,129668,833.44,833.56,833.22,833.22,646.0,126816.0,126838.0
au2510.SHFE,SHFE.au2510,2025-09-09 22:56:00,129669,833.22,833.62,833.22,833.54,524.0,126838.0,126877.0
au2510.SHFE,SHFE.au2510,2025-09-09 22:57:00,129670,833.54,833.56,833.3,833.48,482.0,126877.0,126847.0
au2510.SHFE,SHFE.au2510,2025-09-09 22:58:00,129671,833.48,833.5,833.24,833.32,365.0,126847.0,126747.0
au2510.SHFE,SHFE.au2510,2025-09-09 22:59:00,129672,833.32,833.32,832.92,833.06,620.0,126747.0,126789.0
au2510.SHFE,SHFE.au2510,2025-09-09 23:00:00,129673,833.06,833.22,832.46,833.16,955.0,126789.0,126885.0
au2510.SHFE,SHFE.au2510,2025-09-09 23:01:00,129674,833.16,833.46,833.16,833.2,763.0,126885.0,126902.0
au2510.SHFE,SHFE.au2510,2025-09-09 23:02:00,129675,833.2,833.36,833.08,833.08,317.0,126902.0,126942.0
au2510.SHFE,SHFE.au2510,2025-09-09 23:03:00,129676,833.08,833.08,832.28,832.44,1234.0,126942.0,127068.0
au2510.SHFE,SHFE.au2510,2025-09-09 23:04:00,129677,832.44,832.8,832.24,832.62,689.0,127068.0,127088.0
au2510.SHFE,SHFE.au2510,2025-09-09 23:05:00,129678,832.62,833.08,832.62,832.94,672.0,127088.0,127055.0
au2510.SHFE,SHFE.au2510,2025-09-09 23:06:00,129679,832.94,833.04,832.64,832.7,590.0,127055.0,127058.0
au2510.SHFE,SHFE.au2510,2025-09-09 23:07:00,129680,832.7,832.96,832.34,832.34,714.0,127058.0,127180.0
au2510.SHFE,SHFE.au2510,2025-09-09 23:08:00,129681,832.34,832.82,832.28,832.72,725.0,127180.0,127214.0
au2510.SHFE,SHFE.au2510,2025-09-09 23:09:00,129682,832.72,832.84,832.6,832.78,475.0,127214.0,127217.0
au2510.SHFE,SHFE.au2510,2025-09-09 23:10:00,129683,832.78,832.78,832.34,832.44,496.0,127217.0,127221.0
au2510.SHFE,SHFE.au2510,2025-09-09 23:11:00,129684,832.44,832.7,832.16,832.36,563.0,127221.0,127263.0
au2510.SHFE,SHFE.au2510,2025-09-09 23:12:00,129685,832.36,832.4,831.7,831.82,1150.0,127263.0,127422.0
au2510.SHFE,SHFE.au2510,2025-09-09 23:13:00,129686,831.82,832.08,831.7,831.74,872.0,127422.0,127458.0
au2510.SHFE,SHFE.au2510,2025-09-09 23:14:00,129687,831.74,831.98,830.52,830.72,1796.0,127458.0,127545.0
au2510.SHFE,SHFE.au2510,2025-09-09 23:15:00,129688,830.72,830.98,829.6,829.94,3063.0,127545.0,127227.0
au2510.SHFE,SHFE.au2510,2025-09-09 23:16:00,129689,829.94,829.94,827.88,829.16,3409.0,127227.0,127281.0
au2510.SHFE,SHFE.au2510,2025-09-09 23:17:00,129690,829.16,829.76,828.66,828.74,1790.0,127281.0,127156.0
au2510.SHFE,SHFE.au2510,2025-09-09 23:18:00,129691,828.74,829.84,828.64,829.36,1688.0,127156.0,127087.0
au2510.SHFE,SHFE.au2510,2025-09-09 23:19:00,129692,829.36,829.94,829.16,829.92,1183.0,127087.0,127140.0
au2510.SHFE,SHFE.au2510,2025-09-09 23:20:00,129693,829.92,830.6,829.84,830.52,1508.0,127140.0,126899.0
au2510.SHFE,SHFE.au2510,2025-09-09 23:21:00,129694,830.52,831.08,830.52,830.96,1049.0,126899.0,126866.0
au2510.SHFE,SHFE.au2510,2025-09-09 23:22:00,129695,830.96,831.38,830.96,831.26,1039.0,126866.0,126976.0
au2510.SHFE,SHFE.au2510,2025-09-09 23:23:00,129696,831.26,831.5,831.16,831.2,778.0,126976.0,127063.0
au2510.SHFE,SHFE.au2510,2025-09-09 23:24:00,129697,831.2,831.48,831.08,831.34,706.0,127063.0,127059.0
au2510.SHFE,SHFE.au2510,2025-09-09 23:25:00,129698,831.34,831.46,831.16,831.32,516.0,127059.0,127108.0
au2510.SHFE,SHFE.au2510,2025-09-09 23:26:00,129699,831.32,831.54,831.3,831.42,525.0,127108.0,127127.0
au2510.SHFE,SHFE.au2510,2025-09-09 23:27:00,129700,831.42,831.7,831.2,831.66,631.0,127127.0,127097.0
au2510.SHFE,SHFE.au2510,2025-09-09 23:28:00,129701,831.66,832.22,831.32,831.86,1033.0,127097.0,127041.0
au2510.SHFE,SHFE.au2510,2025-09-09 23:29:00,129702,831.86,831.86,831.52,831.58,491.0,127041.0,127077.0
au2510.SHFE,SHFE.au2510,2025-09-09 23:30:00,129703,831.58,831.68,831.32,831.52,622.0,127077.0,127165.0
au2510.SHFE,SHFE.au2510,2025-09-09 23:31:00,129704,831.52,831.72,831.3,831.66,389.0,127165.0,127154.0
au2510.SHFE,SHFE.au2510,2025-09-09 23:32:00,129705,831.66,831.8,831.6,831.74,425.0,127154.0,127065.0
au2510.SHFE,SHFE.au2510,2025-09-09 23:33:00,129706,831.74,831.78,831.6,831.74,352.0,127065.0,127087.0
au2510.SHFE,SHFE.au2510,2025-09-09 23:34:00,129707,831.74,831.76,831.1,831.1,651.0,127087.0,127037.0
au2510.SHFE,SHFE.au2510,2025-09-09 23:35:00,129708,831.1,831.46,830.56,830.84,994.0,127037.0,127036.0
au2510.SHFE,SHFE.au2510,2025-09-09 23:36:00,129709,830.84,831.12,830.56,830.98,665.0,127036.0,127102.0
au2510.SHFE,SHFE.au2510,2025-09-09 23:37:00,129710,830.98,831.16,830.7,831.08,337.0,127102.0,127089.0
au2510.SHFE,SHFE.au2510,2025-09-09 23:38:00,129711,831.08,831.58,831.08,831.22,504.0,127089.0,127057.0
au2510.SHFE,SHFE.au2510,2025-09-09 23:39:00,129712,831.22,831.24,830.96,831.2,262.0,127057.0,127047.0
au2510.SHFE,SHFE.au2510,2025-09-09 23:40:00,129713,831.2,831.7,831.14,831.68,476.0,127047.0,126995.0
au2510.SHFE,SHFE.au2510,2025-09-09 23:41:00,129714,831.68,831.9,831.44,831.9,486.0,126995.0,127000.0
au2510.SHFE,SHFE.au2510,2025-09-09 23:42:00,129715,831.9,832.2,831.8,832.14,640.0,127000.0,126952.0
au2510.SHFE,SHFE.au2510,2025-09-09 23:43:00,129716,832.14,832.56,832.14,832.4,773.0,126952.0,126852.0
au2510.SHFE,SHFE.au2510,2025-09-09 23:44:00,129717,832.4,832.64,832.32,832.4,402.0,126852.0,126843.0
au2510.SHFE,SHFE.au2510,2025-09-09 23:45:00,129718,832.4,832.6,832.1,832.56,531.0,126843.0,126840.0
au2510.SHFE,SHFE.au2510,2025-09-09 23:46:00,129719,832.56,832.62,832.36,832.4,291.0,126840.0,126832.0
au2510.SHFE,SHFE.au2510,2025-09-09 23:47:00,129720,832.4,832.56,832.3,832.54,223.0,126832.0,126798.0
au2510.SHFE,SHFE.au2510,2025-09-09 23:48:00,129721,832.54,832.66,832.3,832.52,403.0,126798.0,126846.0
au2510.SHFE,SHFE.au2510,2025-09-09 23:49:00,129722,832.52,832.82,832.5,832.82,298.0,126846.0,126858.0
au2510.SHFE,SHFE.au2510,2025-09-09 23:50:00,129723,832.82,832.82,832.56,832.6,221.0,126858.0,126858.0
au2510.SHFE,SHFE.au2510,2025-09-09 23:51:00,129724,832.6,832.66,832.22,832.54,297.0,126858.0,126853.0
au2510.SHFE,SHFE.au2510,2025-09-09 23:52:00,129725,832.54,832.56,832.36,832.5,194.0,126853.0,126852.0
au2510.SHFE,SHFE.au2510,2025-09-09 23:53:00,129726,832.5,832.86,832.46,832.76,258.0,126852.0,126824.0
au2510.SHFE,SHFE.au2510,2025-09-09 23:54:00,129727,832.76,832.86,832.54,832.62,291.0,126824.0,126844.0
au2510.SHFE,SHFE.au2510,2025-09-09 23:55:00,129728,832.62,832.62,832.22,832.28,400.0,126844.0,126851.0
au2510.SHFE,SHFE.au2510,2025-09-09 23:56:00,129729,832.28,832.44,832.08,832.34,327.0,126851.0,126847.0
au2510.SHFE,SHFE.au2510,2025-09-09 23:57:00,129730,832.34,832.44,832.28,832.38,175.0,126847.0,126874.0
au2510.SHFE,SHFE.au2510,2025-09-09 23:58:00,129731,832.38,832.76,832.38,832.68,256.0,126874.0,126917.0
au2510.SHFE,SHFE.au2510,2025-09-09 23:59:00,129732,832.68,833.1,832.68,833.0,551.0,126917.0,126911.0
au2510.SHFE,SHFE.au2510,2025-09-10 00:00:00,129733,833.0,833.22,832.9,833.2,361.0,126911.0,126929.0
au2510.SHFE,SHFE.au2510,2025-09-10 00:01:00,129734,833.2,833.22,832.82,832.92,378.0,126929.0,127001.0
au2510.SHFE,SHFE.au2510,2025-09-10 00:02:00,129735,832.92,833.26,832.92,833.06,290.0,127001.0,127027.0
au2510.SHFE,SHFE.au2510,2025-09-10 00:03:00,129736,833.06,833.06,832.7,832.76,311.0,127027.0,127040.0
au2510.SHFE,SHFE.au2510,2025-09-10 00:04:00,129737,832.76,832.78,832.62,832.76,259.0,127040.0,127111.0
au2510.SHFE,SHFE.au2510,2025-09-10 00:05:00,129738,832.76,832.94,832.48,832.86,296.0,127111.0,127093.0
au2510.SHFE,SHFE.au2510,2025-09-10 00:06:00,129739,832.86,833.1,832.8,833.02,208.0,127093.0,127106.0
au2510.SHFE,SHFE.au2510,2025-09-10 00:07:00,129740,833.02,833.2,833.02,833.06,249.0,127106.0,127121.0
au2510.SHFE,SHFE.au2510,2025-09-10 00:08:00,129741,833.06,833.2,833.06,833.1,161.0,127121.0,127135.0
au2510.SHFE,SHFE.au2510,2025-09-10 00:09:00,129742,833.1,833.42,833.08,833.42,320.0,127135.0,127119.0
au2510.SHFE,SHFE.au2510,2025-09-10 00:10:00,129743,833.42,833.42,833.2,833.26,255.0,127119.0,127192.0
au2510.SHFE,SHFE.au2510,2025-09-10 00:11:00,129744,833.26,833.42,833.26,833.32,209.0,127192.0,127219.0
au2510.SHFE,SHFE.au2510,2025-09-10 00:12:00,129745,833.32,833.36,833.14,833.26,293.0,127219.0,127284.0
au2510.SHFE,SHFE.au2510,2025-09-10 00:13:00,129746,833.26,833.42,833.26,833.42,148.0,127284.0,127298.0
au2510.SHFE,SHFE.au2510,2025-09-10 00:14:00,129747,833.42,833.56,833.32,833.4,243.0,127298.0,127336.0
au2510.SHFE,SHFE.au2510,2025-09-10 00:15:00,129748,833.4,833.44,833.3,833.32,195.0,127336.0,127377.0
au2510.SHFE,SHFE.au2510,2025-09-10 00:16:00,129749,833.32,833.4,833.08,833.08,249.0,127377.0,127445.0
au2510.SHFE,SHFE.au2510,2025-09-10 00:17:00,129750,833.08,833.22,833.06,833.14,217.0,127445.0,127414.0
au2510.SHFE,SHFE.au2510,2025-09-10 00:18:00,129751,833.14,833.16,832.82,832.96,403.0,127414.0,127413.0
au2510.SHFE,SHFE.au2510,2025-09-10 00:19:00,129752,832.96,833.12,832.94,833.0,149.0,127413.0,127413.0
au2510.SHFE,SHFE.au2510,2025-09-10 00:20:00,129753,833.0,833.04,832.54,832.68,561.0,127413.0,127415.0
au2510.SHFE,SHFE.au2510,2025-09-10 00:21:00,129754,832.68,832.82,832.64,832.78,129.0,127415.0,127429.0
au2510.SHFE,SHFE.au2510,2025-09-10 00:22:00,129755,832.78,832.82,832.64,832.78,195.0,127429.0,127445.0
au2510.SHFE,SHFE.au2510,2025-09-10 00:23:00,129756,832.78,833.0,832.74,832.98,222.0,127445.0,127404.0
au2510.SHFE,SHFE.au2510,2025-09-10 00:24:00,129757,832.98,833.08,832.92,832.96,204.0,127404.0,127398.0
au2510.SHFE,SHFE.au2510,2025-09-10 00:25:00,129758,832.96,833.0,832.78,832.9,159.0,127398.0,127435.0
au2510.SHFE,SHFE.au2510,2025-09-10 00:26:00,129759,832.9,832.94,832.72,832.82,144.0,127435.0,127462.0
au2510.SHFE,SHFE.au2510,2025-09-10 00:27:00,129760,832.82,832.82,832.7,832.74,84.0,127462.0,127457.0
au2510.SHFE,SHFE.au2510,2025-09-10 00:28:00,129761,832.74,832.84,832.66,832.78,83.0,127457.0,127433.0
au2510.SHFE,SHFE.au2510,2025-09-10 00:29:00,129762,832.78,832.84,832.66,832.82,148.0,127433.0,127468.0
au2510.SHFE,SHFE.au2510,2025-09-10 00:30:00,129763,832.82,832.88,832.72,832.72,98.0,127468.0,127460.0
au2510.SHFE,SHFE.au2510,2025-09-10 00:31:00,129764,832.72,832.92,832.66,832.92,139.0,127460.0,127458.0
au2510.SHFE,SHFE.au2510,2025-09-10 00:32:00,129765,832.92,833.24,832.92,833.14,253.0,127458.0,127414.0
au2510.SHFE,SHFE.au2510,2025-09-10 00:33:00,129766,833.14,833.24,833.12,833.14,149.0,127414.0,127427.0
au2510.SHFE,SHFE.au2510,2025-09-10 00:34:00,129767,833.14,833.22,833.06,833.2,153.0,127427.0,127442.0
au2510.SHFE,SHFE.au2510,2025-09-10 00:35:00,129768,833.2,833.24,833.12,833.14,83.0,127442.0,127459.0
au2510.SHFE,SHFE.au2510,2025-09-10 00:36:00,129769,833.14,833.24,833.1,833.2,117.0,127459.0,127476.0
au2510.SHFE,SHFE.au2510,2025-09-10 00:37:00,129770,833.2,833.3,833.06,833.1,119.0,127476.0,127470.0
au2510.SHFE,SHFE.au2510,2025-09-10 00:38:00,129771,833.1,833.24,832.76,833.22,314.0,127470.0,127469.0
au2510.SHFE,SHFE.au2510,2025-09-10 00:39:00,129772,833.22,833.22,833.02,833.14,147.0,127469.0,127485.0
au2510.SHFE,SHFE.au2510,2025-09-10 00:40:00,129773,833.14,833.36,833.14,833.26,167.0,127485.0,127443.0
au2510.SHFE,SHFE.au2510,2025-09-10 00:41:00,129774,833.26,833.36,833.26,833.32,60.0,127443.0,127449.0
au2510.SHFE,SHFE.au2510,2025-09-10 00:42:00,129775,833.32,833.38,833.02,833.04,241.0,127449.0,127411.0
au2510.SHFE,SHFE.au2510,2025-09-10 00:43:00,129776,833.04,833.06,832.82,832.86,175.0,127411.0,127397.0
au2510.SHFE,SHFE.au2510,2025-09-10 00:44:00,129777,832.86,832.94,832.76,832.78,164.0,127397.0,127431.0
au2510.SHFE,SHFE.au2510,2025-09-10 00:45:00,129778,832.78,832.84,832.6,832.62,229.0,127431.0,127434.0
au2510.SHFE,SHFE.au2510,2025-09-10 00:46:00,129779,832.62,832.9,832.62,832.88,134.0,127434.0,127418.0
au2510.SHFE,SHFE.au2510,2025-09-10 00:47:00,129780,832.88,833.04,832.88,833.02,138.0,127418.0,127420.0
au2510.SHFE,SHFE.au2510,2025-09-10 00:48:00,129781,833.02,833.14,832.98,833.1,111.0,127420.0,127435.0
au2510.SHFE,SHFE.au2510,2025-09-10 00:49:00,129782,833.1,833.22,833.1,833.18,92.0,127435.0,127418.0
au2510.SHFE,SHFE.au2510,2025-09-10 00:50:00,129783,833.18,833.24,833.06,833.14,131.0,127418.0,127410.0
au2510.SHFE,SHFE.au2510,2025-09-10 00:51:00,129784,833.14,833.16,833.04,833.1,80.0,127410.0,127426.0
au2510.SHFE,SHFE.au2510,2025-09-10 00:52:00,129785,833.1,833.2,833.06,833.16,101.0,127426.0,127419.0
au2510.SHFE,SHFE.au2510,2025-09-10 00:53:00,129786,833.16,833.18,833.02,833.08,44.0,127419.0,127431.0
au2510.SHFE,SHFE.au2510,2025-09-10 00:54:00,129787,833.08,833.14,833.02,833.1,76.0,127431.0,127429.0
au2510.SHFE,SHFE.au2510,2025-09-10 00:55:00,129788,833.1,833.12,833.06,833.08,41.0,127429.0,127442.0
au2510.SHFE,SHFE.au2510,2025-09-10 00:56:00,129789,833.08,833.32,833.02,833.26,126.0,127442.0,127456.0
au2510.SHFE,SHFE.au2510,2025-09-10 00:57:00,129790,833.26,833.3,833.1,833.16,113.0,127456.0,127454.0
au2510.SHFE,SHFE.au2510,2025-09-10 00:58:00,129791,833.16,833.2,832.96,832.96,97.0,127454.0,127452.0
au2510.SHFE,SHFE.au2510,2025-09-10 00:59:00,129792,832.96,832.98,832.8,832.86,160.0,127452.0,127459.0
au2510.SHFE,SHFE.au2510,2025-09-10 01:00:00,129793,832.86,833.06,832.86,833.0,98.0,127459.0,127456.0
au2510.SHFE,SHFE.au2510,2025-09-10 01:01:00,129794,833.0,833.08,833.0,833.02,18.0,127456.0,127453.0
au2510.SHFE,SHFE.au2510,2025-09-10 01:02:00,129795,833.02,833.14,832.98,833.06,76.0,127453.0,127451.0
au2510.SHFE,SHFE.au2510,2025-09-10 01:03:00,129796,833.06,833.06,832.92,832.98,63.0,127451.0,127447.0
au2510.SHFE,SHFE.au2510,2025-09-10 01:04:00,129797,832.98,833.04,832.86,832.86,83.0,127447.0,127453.0
au2510.SHFE,SHFE.au2510,2025-09-10 01:05:00,129798,832.86,832.94,832.74,832.74,76.0,127453.0,127459.0
au2510.SHFE,SHFE.au2510,2025-09-10 01:06:00,129799,832.74,832.8,832.62,832.62,221.0,127459.0,127439.0
au2510.SHFE,SHFE.au2510,2025-09-10 01:07:00,129800,832.62,832.74,832.44,832.68,294.0,127439.0,127367.0
au2510.SHFE,SHFE.au2510,2025-09-10 01:08:00,129801,832.68,832.82,832.68,832.76,74.0,127367.0,127363.0
au2510.SHFE,SHFE.au2510,2025-09-10 01:09:00,129802,832.76,832.94,832.76,832.86,70.0,127363.0,127356.0
au2510.SHFE,SHFE.au2510,2025-09-10 01:10:00,129803,832.86,833.04,832.86,832.94,114.0,127356.0,127356.0
au2510.SHFE,SHFE.au2510,2025-09-10 01:11:00,129804,832.94,832.94,832.7,832.88,115.0,127356.0,127379.0
au2510.SHFE,SHFE.au2510,2025-09-10 01:12:00,129805,832.88,832.88,832.68,832.78,70.0,127379.0,127364.0
au2510.SHFE,SHFE.au2510,2025-09-10 01:13:00,129806,832.78,832.84,832.68,832.8,62.0,127364.0,127355.0
au2510.SHFE,SHFE.au2510,2025-09-10 01:14:00,129807,832.8,832.82,832.68,832.7,53.0,127355.0,127340.0
au2510.SHFE,SHFE.au2510,2025-09-10 01:15:00,129808,832.7,832.78,832.68,832.78,32.0,127340.0,127340.0
au2510.SHFE,SHFE.au2510,2025-09-10 01:16:00,129809,832.78,832.82,832.74,832.76,34.0,127340.0,127338.0
au2510.SHFE,SHFE.au2510,2025-09-10 01:17:00,129810,832.76,832.78,832.64,832.7,38.0,127338.0,127343.0
au2510.SHFE,SHFE.au2510,2025-09-10 01:18:00,129811,832.7,832.72,832.52,832.7,97.0,127343.0,127350.0
au2510.SHFE,SHFE.au2510,2025-09-10 01:19:00,129812,832.7,832.74,832.7,832.72,36.0,127350.0,127343.0
au2510.SHFE,SHFE.au2510,2025-09-10 01:20:00,129813,832.72,832.9,832.72,832.9,72.0,127343.0,127322.0
au2510.SHFE,SHFE.au2510,2025-09-10 01:21:00,129814,832.9,833.1,832.86,833.04,168.0,127322.0,127304.0
au2510.SHFE,SHFE.au2510,2025-09-10 01:22:00,129815,833.04,833.08,832.94,833.04,78.0,127304.0,127307.0
au2510.SHFE,SHFE.au2510,2025-09-10 01:23:00,129816,833.04,833.06,832.96,832.98,73.0,127307.0,127345.0
au2510.SHFE,SHFE.au2510,2025-09-10 01:24:00,129817,832.98,833.04,832.94,833.02,58.0,127345.0,127338.0
au2510.SHFE,SHFE.au2510,2025-09-10 01:25:00,129818,833.02,833.02,832.9,832.96,53.0,127338.0,127343.0
au2510.SHFE,SHFE.au2510,2025-09-10 01:26:00,129819,832.96,833.04,832.96,832.96,49.0,127343.0,127343.0
au2510.SHFE,SHFE.au2510,2025-09-10 01:27:00,129820,832.96,832.96,832.8,832.84,67.0,127343.0,127341.0
au2510.SHFE,SHFE.au2510,2025-09-10 01:28:00,129821,832.84,832.9,832.54,832.6,179.0,127341.0,127339.0
au2510.SHFE,SHFE.au2510,2025-09-10 01:29:00,129822,832.6,832.74,832.52,832.58,201.0,127339.0,127343.0
au2510.SHFE,SHFE.au2510,2025-09-10 01:30:00,129823,832.58,832.7,832.58,832.7,64.0,127343.0,127344.0
au2510.SHFE,SHFE.au2510,2025-09-10 01:31:00,129824,832.7,832.78,832.7,832.74,42.0,127344.0,127336.0
au2510.SHFE,SHFE.au2510,2025-09-10 01:32:00,129825,832.74,832.82,832.74,832.76,42.0,127336.0,127336.0
au2510.SHFE,SHFE.au2510,2025-09-10 01:33:00,129826,832.76,832.9,832.76,832.84,92.0,127336.0,127294.0
au2510.SHFE,SHFE.au2510,2025-09-10 01:34:00,129827,832.84,832.84,832.68,832.72,37.0,127294.0,127295.0
au2510.SHFE,SHFE.au2510,2025-09-10 01:35:00,129828,832.72,832.72,832.4,832.4,157.0,127295.0,127292.0
au2510.SHFE,SHFE.au2510,2025-09-10 01:36:00,129829,832.4,832.52,832.28,832.28,135.0,127292.0,127273.0
au2510.SHFE,SHFE.au2510,2025-09-10 01:37:00,129830,832.28,832.3,832.18,832.18,92.0,127273.0,127280.0
au2510.SHFE,SHFE.au2510,2025-09-10 01:38:00,129831,832.18,832.36,832.12,832.34,84.0,127280.0,127264.0
au2510.SHFE,SHFE.au2510,2025-09-10 01:39:00,129832,832.34,832.34,832.2,832.22,61.0,127264.0,127275.0
au2510.SHFE,SHFE.au2510,2025-09-10 01:40:00,129833,832.22,832.22,832.1,832.16,94.0,127275.0,127291.0
au2510.SHFE,SHFE.au2510,2025-09-10 01:41:00,129834,832.16,832.36,832.16,832.34,76.0,127291.0,127280.0
au2510.SHFE,SHFE.au2510,2025-09-10 01:42:00,129835,832.34,832.34,832.16,832.18,42.0,127280.0,127281.0
au2510.SHFE,SHFE.au2510,2025-09-10 01:43:00,129836,832.18,832.18,831.8,831.9,254.0,127281.0,127280.0
au2510.SHFE,SHFE.au2510,2025-09-10 01:44:00,129837,831.9,832.08,831.9,832.08,158.0,127280.0,127278.0
au2510.SHFE,SHFE.au2510,2025-09-10 01:45:00,129838,832.08,832.14,831.94,831.94,98.0,127278.0,127294.0
au2510.SHFE,SHFE.au2510,2025-09-10 01:46:00,129839,831.94,832.08,831.94,832.04,50.0,127294.0,127286.0
au2510.SHFE,SHFE.au2510,2025-09-10 01:47:00,129840,832.04,832.3,832.04,832.28,101.0,127286.0,127249.0
au2510.SHFE,SHFE.au2510,2025-09-10 01:48:00,129841,832.28,832.38,832.06,832.1,91.0,127249.0,127232.0
au2510.SHFE,SHFE.au2510,2025-09-10 01:49:00,129842,832.1,832.2,832.02,832.18,63.0,127232.0,127233.0
au2510.SHFE,SHFE.au2510,2025-09-10 01:50:00,129843,832.18,832.18,832.1,832.14,33.0,127233.0,127235.0
au2510.SHFE,SHFE.au2510,2025-09-10 01:51:00,129844,832.14,832.46,832.14,832.34,109.0,127235.0,127245.0
au2510.SHFE,SHFE.au2510,2025-09-10 01:52:00,129845,832.34,832.56,832.28,832.52,134.0,127245.0,127258.0
au2510.SHFE,SHFE.au2510,2025-09-10 01:53:00,129846,832.52,832.54,832.42,832.48,43.0,127258.0,127262.0
au2510.SHFE,SHFE.au2510,2025-09-10 01:54:00,129847,832.48,832.5,832.36,832.36,65.0,127262.0,127247.0
au2510.SHFE,SHFE.au2510,2025-09-10 01:55:00,129848,832.36,832.38,832.24,832.32,56.0,127247.0,127258.0
au2510.SHFE,SHFE.au2510,2025-09-10 01:56:00,129849,832.32,832.36,832.26,832.36,37.0,127258.0,127240.0
au2510.SHFE,SHFE.au2510,2025-09-10 01:57:00,129850,832.36,832.36,832.18,832.28,55.0,127240.0,127247.0
au2510.SHFE,SHFE.au2510,2025-09-10 01:58:00,129851,832.28,832.34,832.22,832.28,36.0,127247.0,127252.0
au2510.SHFE,SHFE.au2510,2025-09-10 01:59:00,129852,832.28,832.36,832.22,832.36,26.0,127252.0,127250.0
au2510.SHFE,SHFE.au2510,2025-09-10 02:00:00,129853,832.36,832.56,832.22,832.56,89.0,127250.0,127228.0
au2510.SHFE,SHFE.au2510,2025-09-10 02:01:00,129854,832.56,832.56,832.24,832.3,60.0,127228.0,127231.0
au2510.SHFE,SHFE.au2510,2025-09-10 02:02:00,129855,832.3,832.3,832.24,832.24,28.0,127231.0,127235.0
au2510.SHFE,SHFE.au2510,2025-09-10 02:03:00,129856,832.24,832.44,832.24,832.4,45.0,127235.0,127242.0
au2510.SHFE,SHFE.au2510,2025-09-10 02:04:00,129857,832.4,832.54,832.36,832.54,55.0,127242.0,127238.0
au2510.SHFE,SHFE.au2510,2025-09-10 02:05:00,129858,832.54,832.54,832.36,832.46,85.0,127238.0,127237.0
au2510.SHFE,SHFE.au2510,2025-09-10 02:06:00,129859,832.46,832.62,832.42,832.5,100.0,127237.0,127248.0
au2510.SHFE,SHFE.au2510,2025-09-10 02:07:00,129860,832.5,832.8,832.5,832.7,100.0,127248.0,127244.0
au2510.SHFE,SHFE.au2510,2025-09-10 02:08:00,129861,832.7,832.76,832.64,832.66,47.0,127244.0,127229.0
au2510.SHFE,SHFE.au2510,2025-09-10 02:09:00,129862,832.66,832.8,832.64,832.74,85.0,127229.0,127228.0
au2510.SHFE,SHFE.au2510,2025-09-10 02:10:00,129863,832.74,832.78,832.62,832.66,59.0,127228.0,127212.0
au2510.SHFE,SHFE.au2510,2025-09-10 02:11:00,129864,832.66,832.72,832.64,832.66,23.0,127212.0,127202.0
au2510.SHFE,SHFE.au2510,2025-09-10 02:12:00,129865,832.66,832.7,832.54,832.6,51.0,127202.0,127179.0
au2510.SHFE,SHFE.au2510,2025-09-10 02:13:00,129866,832.6,832.7,832.6,832.68,23.0,127179.0,127180.0
au2510.SHFE,SHFE.au2510,2025-09-10 02:14:00,129867,832.68,832.82,832.66,832.74,55.0,127180.0,127158.0
au2510.SHFE,SHFE.au2510,2025-09-10 02:15:00,129868,832.74,832.84,832.74,832.82,38.0,127158.0,127147.0
au2510.SHFE,SHFE.au2510,2025-09-10 02:16:00,129869,832.82,832.84,832.68,832.78,63.0,127147.0,127145.0
au2510.SHFE,SHFE.au2510,2025-09-10 02:17:00,129870,832.78,832.78,832.72,832.72,33.0,127145.0,127138.0
au2510.SHFE,SHFE.au2510,2025-09-10 02:18:00,129871,832.72,832.78,832.72,832.74,18.0,127138.0,127129.0
au2510.SHFE,SHFE.au2510,2025-09-10 02:19:00,129872,832.74,832.8,832.74,832.76,24.0,127129.0,127125.0
au2510.SHFE,SHFE.au2510,2025-09-10 02:20:00,129873,832.76,832.8,832.64,832.64,60.0,127125.0,127103.0
au2510.SHFE,SHFE.au2510,2025-09-10 02:21:00,129874,832.64,832.7,832.62,832.62,53.0,127103.0,127098.0
au2510.SHFE,SHFE.au2510,2025-09-10 02:22:00,129875,832.62,832.7,832.56,832.58,63.0,127098.0,127093.0
au2510.SHFE,SHFE.au2510,2025-09-10 02:23:00,129876,832.58,832.72,832.56,832.62,54.0,127093.0,127103.0
au2510.SHFE,SHFE.au2510,2025-09-10 02:24:00,129877,832.62,832.68,832.52,832.56,31.0,127103.0,127091.0
au2510.SHFE,SHFE.au2510,2025-09-10 02:25:00,129878,832.56,832.62,832.5,832.6,38.0,127091.0,127084.0
au2510.SHFE,SHFE.au2510,2025-09-10 02:26:00,129879,832.6,832.64,832.56,832.62,54.0,127084.0,127082.0
au2510.SHFE,SHFE.au2510,2025-09-10 02:27:00,129880,832.62,832.7,832.62,832.68,73.0,127082.0,127065.0
au2510.SHFE,SHFE.au2510,2025-09-10 02:28:00,129881,832.68,832.68,832.6,832.66,80.0,127065.0,127033.0
au2510.SHFE,SHFE.au2510,2025-09-10 02:29:00,129882,832.66,832.68,832.5,832.6,200.0,127033.0,126937.0
au2510.SHFE,SHFE.au2510,2025-09-10 09:00:00,129883,828.6,829.64,828.08,829.2,3538.0,126937.0,126611.0
au2510.SHFE,SHFE.au2510,2025-09-10 09:01:00,129884,829.2,829.5,828.6,829.5,1753.0,126611.0,126335.0
au2510.SHFE,SHFE.au2510,2025-09-10 09:02:00,129885,829.5,829.52,828.84,829.28,1026.0,126335.0,126135.0
au2510.SHFE,SHFE.au2510,2025-09-10 09:03:00,129886,829.28,829.84,829.14,829.14,1048.0,126135.0,125932.0
au2510.SHFE,SHFE.au2510,2025-09-10 09:04:00,129887,829.14,829.34,828.84,829.16,1128.0,125932.0,125756.0
au2510.SHFE,SHFE.au2510,2025-09-10 09:05:00,129888,829.16,829.2,828.66,828.66,1193.0,125756.0,125549.0
au2510.SHFE,SHFE.au2510,2025-09-10 09:06:00,129889,828.66,829.28,828.6,829.22,750.0,125549.0,125447.0
au2510.SHFE,SHFE.au2510,2025-09-10 09:07:00,129890,829.22,829.42,828.76,828.76,713.0,125447.0,125308.0
au2510.SHFE,SHFE.au2510,2025-09-10 09:08:00,129891,828.76,829.18,828.74,829.14,558.0,125308.0,125237.0
au2510.SHFE,SHFE.au2510,2025-09-10 09:09:00,129892,829.14,829.56,829.14,829.56,402.0,125237.0,125198.0
au2510.SHFE,SHFE.au2510,2025-09-10 09:10:00,129893,829.56,830.08,829.56,830.02,894.0,125198.0,125036.0
au2510.SHFE,SHFE.au2510,2025-09-10 09:11:00,129894,830.02,830.34,829.9,830.28,887.0,125036.0,124975.0
au2510.SHFE,SHFE.au2510,2025-09-10 09:12:00,129895,830.28,830.58,830.26,830.26,1054.0,124975.0,124987.0
au2510.SHFE,SHFE.au2510,2025-09-10 09:13:00,129896,830.26,830.4,829.88,829.92,855.0,124987.0,124957.0
au2510.SHFE,SHFE.au2510,2025-09-10 09:14:00,129897,829.92,830.3,829.78,829.84,747.0,124957.0,124995.0
au2510.SHFE,SHFE.au2510,2025-09-10 09:15:00,129898,829.84,829.98,829.14,829.14,941.0,124995.0,124916.0
au2510.SHFE,SHFE.au2510,2025-09-10 09:16:00,129899,829.14,829.48,829.08,829.4,681.0,124916.0,124869.0
au2510.SHFE,SHFE.au2510,2025-09-10 09:17:00,129900,829.4,829.82,829.36,829.78,609.0,124869.0,124832.0
au2510.SHFE,SHFE.au2510,2025-09-10 09:18:00,129901,829.78,829.78,829.5,829.54,238.0,124832.0,124833.0
au2510.SHFE,SHFE.au2510,2025-09-10 09:19:00,129902,829.54,829.54,829.2,829.2,352.0,124833.0,124790.0
au2510.SHFE,SHFE.au2510,2025-09-10 09:20:00,129903,829.2,829.24,828.54,828.68,918.0,124790.0,124700.0
au2510.SHFE,SHFE.au2510,2025-09-10 09:21:00,129904,828.68,829.1,828.44,828.78,672.0,124700.0,124682.0
au2510.SHFE,SHFE.au2510,2025-09-10 09:22:00,129905,828.78,829.08,828.74,828.98,429.0,124682.0,124642.0
au2510.SHFE,SHFE.au2510,2025-09-10 09:23:00,129906,828.98,829.02,828.68,828.72,319.0,124642.0,124643.0
au2510.SHFE,SHFE.au2510,2025-09-10 09:24:00,129907,828.72,829.0,828.64,828.96,453.0,124643.0,124662.0
au2510.SHFE,SHFE.au2510,2025-09-10 09:25:00,129908,828.96,829.3,828.72,829.1,415.0,124662.0,124625.0
au2510.SHFE,SHFE.au2510,2025-09-10 09:26:00,129909,829.1,829.22,828.76,828.8,329.0,124625.0,124568.0
au2510.SHFE,SHFE.au2510,2025-09-10 09:27:00,129910,828.8,829.26,828.78,828.96,286.0,124568.0,124485.0
au2510.SHFE,SHFE.au2510,2025-09-10 09:28:00,129911,828.96,828.98,828.36,828.42,732.0,124485.0,124403.0
au2510.SHFE,SHFE.au2510,2025-09-10 09:29:00,129912,828.42,828.48,827.26,827.76,1635.0,124403.0,124262.0
au2510.SHFE,SHFE.au2510,2025-09-10 09:30:00,129913,827.76,828.62,827.66,828.46,1444.0,124262.0,124431.0
au2510.SHFE,SHFE.au2510,2025-09-10 09:31:00,129914,828.46,828.94,828.32,828.46,670.0,124431.0,124449.0
au2510.SHFE,SHFE.au2510,2025-09-10 09:32:00,129915,828.46,828.82,828.36,828.72,451.0,124449.0,124495.0
au2510.SHFE,SHFE.au2510,2025-09-10 09:33:00,129916,828.72,829.0,828.56,829.0,285.0,124495.0,124449.0
au2510.SHFE,SHFE.au2510,2025-09-10 09:34:00,129917,829.0,829.5,829.0,829.26,549.0,124449.0,124348.0
au2510.SHFE,SHFE.au2510,2025-09-10 09:35:00,129918,829.26,829.44,829.12,829.12,446.0,124348.0,124289.0
au2510.SHFE,SHFE.au2510,2025-09-10 09:36:00,129919,829.12,829.34,829.02,829.28,359.0,124289.0,124278.0
au2510.SHFE,SHFE.au2510,2025-09-10 09:37:00,129920,829.28,829.36,829.16,829.24,255.0,124278.0,124268.0
au2510.SHFE,SHFE.au2510,2025-09-10 09:38:00,129921,829.24,829.42,829.06,829.42,563.0,124268.0,124186.0
au2510.SHFE,SHFE.au2510,2025-09-10 09:39:00,129922,829.42,829.68,829.36,829.48,452.0,124186.0,124135.0
au2510.SHFE,SHFE.au2510,2025-09-10 09:40:00,129923,829.48,829.6,829.3,829.3,472.0,124135.0,124031.0
au2510.SHFE,SHFE.au2510,2025-09-10 09:41:00,129924,829.3,829.42,829.18,829.2,411.0,124031.0,123940.0
au2510.SHFE,SHFE.au2510,2025-09-10 09:42:00,129925,829.2,829.88,829.2,829.8,504.0,123940.0,123880.0
au2510.SHFE,SHFE.au2510,2025-09-10 09:43:00,129926,829.8,829.8,829.4,829.62,386.0,123880.0,123887.0
au2510.SHFE,SHFE.au2510,2025-09-10 09:44:00,129927,829.62,829.72,829.5,829.5,273.0,123887.0,123838.0
au2510.SHFE,SHFE.au2510,2025-09-10 09:45:00,129928,829.5,829.84,829.48,829.58,371.0,123838.0,123744.0
au2510.SHFE,SHFE.au2510,2025-09-10 09:46:00,129929,829.58,829.62,829.0,829.3,430.0,123744.0,123692.0
au2510.SHFE,SHFE.au2510,2025-09-10 09:47:00,129930,829.3,829.32,829.06,829.26,283.0,123692.0,123646.0
au2510.SHFE,SHFE.au2510,2025-09-10 09:48:00,129931,829.26,829.62,829.26,829.6,207.0,123646.0,123614.0
au2510.SHFE,SHFE.au2510,2025-09-10 09:49:00,129932,829.6,829.9,829.6,829.8,463.0,123614.0,123534.0
au2510.SHFE,SHFE.au2510,2025-09-10 09:50:00,129933,829.8,829.96,829.8,829.96,278.0,123534.0,123475.0
au2510.SHFE,SHFE.au2510,2025-09-10 09:51:00,129934,829.96,830.38,829.96,830.34,621.0,123475.0,123408.0
au2510.SHFE,SHFE.au2510,2025-09-10 09:52:00,129935,830.34,830.74,830.28,830.66,770.0,123408.0,123244.0
au2510.SHFE,SHFE.au2510,2025-09-10 09:53:00,129936,830.66,830.66,830.26,830.46,471.0,123244.0,123204.0
au2510.SHFE,SHFE.au2510,2025-09-10 09:54:00,129937,830.46,830.52,830.26,830.48,287.0,123204.0,123199.0
au2510.SHFE,SHFE.au2510,2025-09-10 09:55:00,129938,830.48,830.48,830.0,830.14,304.0,123199.0,123142.0
au2510.SHFE,SHFE.au2510,2025-09-10 09:56:00,129939,830.14,830.5,830.1,830.5,288.0,123142.0,123150.0
au2510.SHFE,SHFE.au2510,2025-09-10 09:57:00,129940,830.5,830.62,830.44,830.46,264.0,123150.0,123117.0
au2510.SHFE,SHFE.au2510,2025-09-10 09:58:00,129941,830.46,830.58,830.12,830.2,381.0,123117.0,123070.0
au2510.SHFE,SHFE.au2510,2025-09-10 09:59:00,129942,830.2,830.32,830.14,830.22,275.0,123070.0,122988.0
au2510.SHFE,SHFE.au2510,2025-09-10 10:00:00,129943,830.22,830.36,830.14,830.18,247.0,122988.0,122912.0
au2510.SHFE,SHFE.au2510,2025-09-10 10:01:00,129944,830.18,830.58,830.18,830.48,235.0,122912.0,122876.0
au2510.SHFE,SHFE.au2510,2025-09-10 10:02:00,129945,830.48,830.48,830.24,830.24,377.0,122876.0,122719.0
au2510.SHFE,SHFE.au2510,2025-09-10 10:03:00,129946,830.24,830.44,830.14,830.44,356.0,122719.0,122611.0
au2510.SHFE,SHFE.au2510,2025-09-10 10:04:00,129947,830.44,830.48,830.3,830.38,212.0,122611.0,122590.0
au2510.SHFE,SHFE.au2510,2025-09-10 10:05:00,129948,830.38,830.6,830.38,830.58,347.0,122590.0,122420.0
au2510.SHFE,SHFE.au2510,2025-09-10 10:06:00,129949,830.58,831.1,830.48,831.08,843.0,122420.0,122177.0
au2510.SHFE,SHFE.au2510,2025-09-10 10:07:00,129950,831.08,831.38,830.88,831.32,627.0,122177.0,122014.0
au2510.SHFE,SHFE.au2510,2025-09-10 10:08:00,129951,831.32,831.34,830.92,831.08,544.0,122014.0,121858.0
au2510.SHFE,SHFE.au2510,2025-09-10 10:09:00,129952,831.08,831.12,830.86,831.0,348.0,121858.0,121772.0
au2510.SHFE,SHFE.au2510,2025-09-10 10:10:00,129953,831.0,831.42,830.98,831.42,664.0,121772.0,121809.0
au2510.SHFE,SHFE.au2510,2025-09-10 10:11:00,129954,831.42,831.56,831.3,831.5,553.0,121809.0,121855.0
au2510.SHFE,SHFE.au2510,2025-09-10 10:12:00,129955,831.5,831.7,831.46,831.52,334.0,121855.0,121892.0
au2510.SHFE,SHFE.au2510,2025-09-10 10:13:00,129956,831.52,831.62,831.24,831.28,259.0,121892.0,121866.0
au2510.SHFE,SHFE.au2510,2025-09-10 10:14:00,129957,831.28,831.48,831.2,831.32,217.0,121866.0,121814.0
au2510.SHFE,SHFE.au2510,2025-09-10 10:30:00,129958,831.38,831.5,830.66,830.86,601.0,121814.0,121768.0
au2510.SHFE,SHFE.au2510,2025-09-10 10:31:00,129959,830.86,831.06,830.76,831.06,360.0,121768.0,121674.0
au2510.SHFE,SHFE.au2510,2025-09-10 10:32:00,129960,831.06,831.4,831.04,831.32,421.0,121674.0,121688.0
au2510.SHFE,SHFE.au2510,2025-09-10 10:33:00,129961,831.32,831.44,830.86,830.92,282.0,121688.0,121696.0
au2510.SHFE,SHFE.au2510,2025-09-10 10:34:00,129962,830.92,831.04,830.7,830.8,389.0,121696.0,121696.0
au2510.SHFE,SHFE.au2510,2025-09-10 10:35:00,129963,830.8,831.26,830.8,831.2,275.0,121696.0,121696.0
au2510.SHFE,SHFE.au2510,2025-09-10 10:36:00,129964,831.2,831.36,831.02,831.2,292.0,121696.0,121659.0
au2510.SHFE,SHFE.au2510,2025-09-10 10:37:00,129965,831.2,831.34,831.1,831.2,509.0,121659.0,121607.0
au2510.SHFE,SHFE.au2510,2025-09-10 10:38:00,129966,831.2,831.28,831.1,831.18,123.0,121607.0,121584.0
au2510.SHFE,SHFE.au2510,2025-09-10 10:39:00,129967,831.18,831.2,831.02,831.04,140.0,121584.0,121552.0
au2510.SHFE,SHFE.au2510,2025-09-10 10:40:00,129968,831.04,831.32,831.0,831.06,143.0,121552.0,121539.0
au2510.SHFE,SHFE.au2510,2025-09-10 10:41:00,129969,831.06,831.3,830.9,831.26,178.0,121539.0,121501.0
au2510.SHFE,SHFE.au2510,2025-09-10 10:42:00,129970,831.26,831.44,831.24,831.42,208.0,121501.0,121519.0
au2510.SHFE,SHFE.au2510,2025-09-10 10:43:00,129971,831.42,831.64,831.42,831.5,340.0,121519.0,121481.0
au2510.SHFE,SHFE.au2510,2025-09-10 10:44:00,129972,831.5,831.6,831.36,831.46,188.0,121481.0,121469.0
au2510.SHFE,SHFE.au2510,2025-09-10 10:45:00,129973,831.46,831.52,831.36,831.38,104.0,121469.0,121460.0
au2510.SHFE,SHFE.au2510,2025-09-10 10:46:00,129974,831.38,831.64,831.38,831.6,147.0,121460.0,121466.0
au2510.SHFE,SHFE.au2510,2025-09-10 10:47:00,129975,831.6,831.8,831.38,831.46,252.0,121466.0,121433.0
au2510.SHFE,SHFE.au2510,2025-09-10 10:48:00,129976,831.46,831.62,831.44,831.58,110.0,121433.0,121426.0
au2510.SHFE,SHFE.au2510,2025-09-10 10:49:00,129977,831.58,831.76,831.58,831.72,186.0,121426.0,121418.0
au2510.SHFE,SHFE.au2510,2025-09-10 10:50:00,129978,831.72,832.18,831.68,832.06,493.0,121418.0,121422.0
au2510.SHFE,SHFE.au2510,2025-09-10 10:51:00,129979,832.06,832.08,831.94,831.98,183.0,121422.0,121430.0
au2510.SHFE,SHFE.au2510,2025-09-10 10:52:00,129980,831.98,832.18,831.96,832.18,222.0,121430.0,121439.0
au2510.SHFE,SHFE.au2510,2025-09-10 10:53:00,129981,832.18,832.26,832.0,832.0,243.0,121439.0,121392.0
au2510.SHFE,SHFE.au2510,2025-09-10 10:54:00,129982,832.0,832.0,831.8,831.88,322.0,121392.0,121432.0
au2510.SHFE,SHFE.au2510,2025-09-10 10:55:00,129983,831.88,831.96,831.76,831.82,205.0,121432.0,121441.0
au2510.SHFE,SHFE.au2510,2025-09-10 10:56:00,129984,831.82,831.86,831.52,831.54,244.0,121441.0,121408.0
au2510.SHFE,SHFE.au2510,2025-09-10 10:57:00,129985,831.54,831.6,831.48,831.5,222.0,121408.0,121403.0
au2510.SHFE,SHFE.au2510,2025-09-10 10:58:00,129986,831.5,831.72,831.5,831.62,134.0,121403.0,121421.0
au2510.SHFE,SHFE.au2510,2025-09-10 10:59:00,129987,831.62,831.76,831.62,831.76,101.0,121421.0,121423.0
au2510.SHFE,SHFE.au2510,2025-09-10 11:00:00,129988,831.76,831.76,831.48,831.56,197.0,121423.0,121419.0
au2510.SHFE,SHFE.au2510,2025-09-10 11:01:00,129989,831.56,831.84,831.54,831.72,216.0,121419.0,121377.0
au2510.SHFE,SHFE.au2510,2025-09-10 11:02:00,129990,831.72,831.86,831.7,831.84,97.0,121377.0,121364.0
au2510.SHFE,SHFE.au2510,2025-09-10 11:03:00,129991,831.84,831.84,831.66,831.7,119.0,121364.0,121341.0
au2510.SHFE,SHFE.au2510,2025-09-10 11:04:00,129992,831.7,831.72,831.58,831.7,99.0,121341.0,121338.0
au2510.SHFE,SHFE.au2510,2025-09-10 11:05:00,129993,831.7,831.82,831.6,831.6,150.0,121338.0,121332.0
au2510.SHFE,SHFE.au2510,2025-09-10 11:06:00,129994,831.6,831.6,831.36,831.36,245.0,121332.0,121333.0
au2510.SHFE,SHFE.au2510,2025-09-10 11:07:00,129995,831.36,831.42,831.26,831.36,175.0,121333.0,121314.0
au2510.SHFE,SHFE.au2510,2025-09-10 11:08:00,129996,831.36,831.4,831.22,831.26,177.0,121314.0,121283.0
au2510.SHFE,SHFE.au2510,2025-09-10 11:09:00,129997,831.26,831.4,831.2,831.22,183.0,121283.0,121242.0
au2510.SHFE,SHFE.au2510,2025-09-10 11:10:00,129998,831.22,831.34,831.18,831.24,157.0,121242.0,121210.0
au2510.SHFE,SHFE.au2510,2025-09-10 11:11:00,129999,831.24,831.38,831.04,831.16,241.0,121210.0,121153.0
au2510.SHFE,SHFE.au2510,2025-09-10 11:12:00,130000,831.16,831.3,831.1,831.28,228.0,121153.0,121122.0
au2510.SHFE,SHFE.au2510,2025-09-10 11:13:00,130001,831.28,831.42,831.24,831.38,137.0,121122.0,121125.0
au2510.SHFE,SHFE.au2510,2025-09-10 11:14:00,130002,831.38,831.4,831.24,831.32,93.0,121125.0,121130.0
au2510.SHFE,SHFE.au2510,2025-09-10 11:15:00,130003,831.32,831.4,831.22,831.36,109.0,121130.0,121126.0
au2510.SHFE,SHFE.au2510,2025-09-10 11:16:00,130004,831.36,831.56,831.3,831.48,226.0,121126.0,121098.0
au2510.SHFE,SHFE.au2510,2025-09-10 11:17:00,130005,831.48,831.54,831.44,831.5,127.0,121098.0,121075.0
au2510.SHFE,SHFE.au2510,2025-09-10 11:18:00,130006,831.5,831.74,831.42,831.7,173.0,121075.0,121046.0
au2510.SHFE,SHFE.au2510,2025-09-10 11:19:00,130007,831.7,831.7,831.48,831.62,166.0,121046.0,121024.0
au2510.SHFE,SHFE.au2510,2025-09-10 11:20:00,130008,831.62,831.62,831.42,831.56,119.0,121024.0,121016.0
au2510.SHFE,SHFE.au2510,2025-09-10 11:21:00,130009,831.56,831.58,831.32,831.36,126.0,121016.0,121010.0
au2510.SHFE,SHFE.au2510,2025-09-10 11:22:00,130010,831.36,831.38,831.28,831.28,101.0,121010.0,121008.0
au2510.SHFE,SHFE.au2510,2025-09-10 11:23:00,130011,831.28,831.34,831.02,831.04,400.0,121008.0,120957.0
au2510.SHFE,SHFE.au2510,2025-09-10 11:24:00,130012,831.04,831.36,830.88,831.32,410.0,120957.0,120912.0
au2510.SHFE,SHFE.au2510,2025-09-10 11:25:00,130013,831.32,831.52,831.32,831.46,403.0,120912.0,120732.0
au2510.SHFE,SHFE.au2510,2025-09-10 11:26:00,130014,831.46,831.52,831.44,831.46,67.0,120732.0,120747.0
au2510.SHFE,SHFE.au2510,2025-09-10 11:27:00,130015,831.46,831.46,831.26,831.36,126.0,120747.0,120699.0
au2510.SHFE,SHFE.au2510,2025-09-10 11:28:00,130016,831.36,831.36,831.2,831.24,141.0,120699.0,120670.0
au2510.SHFE,SHFE.au2510,2025-09-10 11:29:00,130017,831.24,831.34,831.06,831.18,246.0,120670.0,120600.0
au2510.SHFE,SHFE.au2510,2025-09-10 13:30:00,130018,832.82,833.38,832.76,833.32,1345.0,120600.0,120573.0
au2510.SHFE,SHFE.au2510,2025-09-10 13:31:00,130019,833.32,833.62,833.16,833.2,708.0,120573.0,120587.0
au2510.SHFE,SHFE.au2510,2025-09-10 13:32:00,130020,833.2,833.26,832.9,833.06,572.0,120587.0,120555.0
au2510.SHFE,SHFE.au2510,2025-09-10 13:33:00,130021,833.06,833.26,832.88,832.96,332.0,120555.0,120545.0
au2510.SHFE,SHFE.au2510,2025-09-10 13:34:00,130022,832.96,833.08,832.9,832.96,213.0,120545.0,120550.0
au2510.SHFE,SHFE.au2510,2025-09-10 13:35:00,130023,832.96,833.02,832.72,832.8,398.0,120550.0,120438.0
au2510.SHFE,SHFE.au2510,2025-09-10 13:36:00,130024,832.8,832.9,832.76,832.84,208.0,120438.0,120431.0
au2510.SHFE,SHFE.au2510,2025-09-10 13:37:00,130025,832.84,832.86,832.5,832.74,533.0,120431.0,120245.0
au2510.SHFE,SHFE.au2510,2025-09-10 13:38:00,130026,832.74,832.82,832.58,832.58,296.0,120245.0,120204.0
au2510.SHFE,SHFE.au2510,2025-09-10 13:39:00,130027,832.58,832.76,832.5,832.74,427.0,120204.0,120102.0
au2510.SHFE,SHFE.au2510,2025-09-10 13:40:00,130028,832.74,832.9,832.72,832.84,302.0,120102.0,120075.0
au2510.SHFE,SHFE.au2510,2025-09-10 13:41:00,130029,832.84,832.9,832.7,832.78,237.0,120075.0,120058.0
au2510.SHFE,SHFE.au2510,2025-09-10 13:42:00,130030,832.78,832.9,832.78,832.82,137.0,120058.0,120018.0
au2510.SHFE,SHFE.au2510,2025-09-10 13:43:00,130031,832.82,832.98,832.8,832.92,155.0,120018.0,120012.0
au2510.SHFE,SHFE.au2510,2025-09-10 13:44:00,130032,832.92,833.0,832.9,832.94,315.0,120012.0,119965.0
au2510.SHFE,SHFE.au2510,2025-09-10 13:45:00,130033,832.94,833.06,832.9,832.94,212.0,119965.0,119991.0
au2510.SHFE,SHFE.au2510,2025-09-10 13:46:00,130034,832.94,832.96,832.8,832.88,214.0,119991.0,119962.0
au2510.SHFE,SHFE.au2510,2025-09-10 13:47:00,130035,832.88,832.9,832.66,832.82,228.0,119962.0,119935.0
au2510.SHFE,SHFE.au2510,2025-09-10 13:48:00,130036,832.82,832.92,832.8,832.88,110.0,119935.0,119927.0
au2510.SHFE,SHFE.au2510,2025-09-10 13:49:00,130037,832.88,833.12,832.86,833.1,302.0,119927.0,119880.0
au2510.SHFE,SHFE.au2510,2025-09-10 13:50:00,130038,833.1,833.42,833.1,833.42,584.0,119880.0,119953.0
au2510.SHFE,SHFE.au2510,2025-09-10 13:51:00,130039,833.42,833.42,833.06,833.06,303.0,119953.0,119972.0
au2510.SHFE,SHFE.au2510,2025-09-10 13:52:00,130040,833.06,833.22,832.9,833.14,272.0,119972.0,119964.0
au2510.SHFE,SHFE.au2510,2025-09-10 13:53:00,130041,833.14,833.16,833.02,833.06,76.0,119964.0,119962.0
au2510.SHFE,SHFE.au2510,2025-09-10 13:54:00,130042,833.06,833.1,832.94,833.06,137.0,119962.0,119992.0
au2510.SHFE,SHFE.au2510,2025-09-10 13:55:00,130043,833.06,833.18,833.02,833.1,107.0,119992.0,120004.0
au2510.SHFE,SHFE.au2510,2025-09-10 13:56:00,130044,833.1,833.32,833.1,833.28,157.0,120004.0,120006.0
au2510.SHFE,SHFE.au2510,2025-09-10 13:57:00,130045,833.28,833.3,833.1,833.14,200.0,120006.0,120050.0
au2510.SHFE,SHFE.au2510,2025-09-10 13:58:00,130046,833.14,833.48,833.14,833.34,238.0,120050.0,120064.0
au2510.SHFE,SHFE.au2510,2025-09-10 13:59:00,130047,833.34,833.36,833.24,833.26,152.0,120064.0,120074.0
au2510.SHFE,SHFE.au2510,2025-09-10 14:00:00,130048,833.26,833.36,833.02,833.08,332.0,120074.0,120084.0
au2510.SHFE,SHFE.au2510,2025-09-10 14:01:00,130049,833.08,833.08,832.8,832.96,338.0,120084.0,120084.0
au2510.SHFE,SHFE.au2510,2025-09-10 14:02:00,130050,832.96,832.96,832.66,832.8,230.0,120084.0,120061.0
au2510.SHFE,SHFE.au2510,2025-09-10 14:03:00,130051,832.8,832.84,832.66,832.74,168.0,120061.0,120044.0
au2510.SHFE,SHFE.au2510,2025-09-10 14:04:00,130052,832.74,832.76,832.5,832.7,336.0,120044.0,120032.0
au2510.SHFE,SHFE.au2510,2025-09-10 14:05:00,130053,832.7,833.0,832.62,832.92,171.0,120032.0,120032.0
au2510.SHFE,SHFE.au2510,2025-09-10 14:06:00,130054,832.92,833.04,832.88,832.92,108.0,120032.0,120017.0
au2510.SHFE,SHFE.au2510,2025-09-10 14:07:00,130055,832.92,833.02,832.8,833.02,138.0,120017.0,120023.0
au2510.SHFE,SHFE.au2510,2025-09-10 14:08:00,130056,833.02,833.12,832.96,833.08,266.0,120023.0,120004.0
au2510.SHFE,SHFE.au2510,2025-09-10 14:09:00,130057,833.08,833.26,833.04,833.16,242.0,120004.0,119970.0
au2510.SHFE,SHFE.au2510,2025-09-10 14:10:00,130058,833.16,833.2,833.04,833.16,229.0,119970.0,119973.0
au2510.SHFE,SHFE.au2510,2025-09-10 14:11:00,130059,833.16,833.42,833.16,833.32,235.0,119973.0,119974.0
au2510.SHFE,SHFE.au2510,2025-09-10 14:12:00,130060,833.32,833.52,833.26,833.5,362.0,119974.0,120007.0
au2510.SHFE,SHFE.au2510,2025-09-10 14:13:00,130061,833.5,833.68,833.44,833.5,426.0,120007.0,120031.0
au2510.SHFE,SHFE.au2510,2025-09-10 14:14:00,130062,833.5,833.6,833.44,833.54,297.0,120031.0,120059.0
au2510.SHFE,SHFE.au2510,2025-09-10 14:15:00,130063,833.54,833.62,833.46,833.56,213.0,120059.0,120089.0
au2510.SHFE,SHFE.au2510,2025-09-10 14:16:00,130064,833.56,833.56,833.48,833.48,143.0,120089.0,120115.0
au2510.SHFE,SHFE.au2510,2025-09-10 14:17:00,130065,833.48,833.68,833.48,833.66,178.0,120115.0,120156.0
au2510.SHFE,SHFE.au2510,2025-09-10 14:18:00,130066,833.66,833.76,833.64,833.74,378.0,120156.0,120156.0
au2510.SHFE,SHFE.au2510,2025-09-10 14:19:00,130067,833.74,833.82,833.66,833.7,352.0,120156.0,120233.0
au2510.SHFE,SHFE.au2510,2025-09-10 14:20:00,130068,833.7,833.82,833.68,833.8,243.0,120233.0,120254.0
au2510.SHFE,SHFE.au2510,2025-09-10 14:21:00,130069,833.8,833.88,833.7,833.84,428.0,120254.0,120212.0
au2510.SHFE,SHFE.au2510,2025-09-10 14:22:00,130070,833.84,833.88,833.76,833.86,196.0,120212.0,120204.0
au2510.SHFE,SHFE.au2510,2025-09-10 14:23:00,130071,833.86,833.92,833.48,833.54,421.0,120204.0,120172.0
au2510.SHFE,SHFE.au2510,2025-09-10 14:24:00,130072,833.54,833.66,833.4,833.52,364.0,120172.0,120068.0
au2510.SHFE,SHFE.au2510,2025-09-10 14:25:00,130073,833.52,833.54,833.2,833.22,594.0,120068.0,119780.0
au2510.SHFE,SHFE.au2510,2025-09-10 14:26:00,130074,833.22,833.36,833.16,833.3,364.0,119780.0,119708.0
au2510.SHFE,SHFE.au2510,2025-09-10 14:27:00,130075,833.3,833.3,833.0,833.16,290.0,119708.0,119692.0
au2510.SHFE,SHFE.au2510,2025-09-10 14:28:00,130076,833.16,833.28,833.1,833.24,148.0,119692.0,119678.0
au2510.SHFE,SHFE.au2510,2025-09-10 14:29:00,130077,833.24,833.36,833.16,833.2,292.0,119678.0,119654.0
au2510.SHFE,SHFE.au2510,2025-09-10 14:30:00,130078,833.2,833.38,832.96,833.36,331.0,119654.0,119615.0
au2510.SHFE,SHFE.au2510,2025-09-10 14:31:00,130079,833.36,833.4,833.16,833.22,202.0,119615.0,119642.0
au2510.SHFE,SHFE.au2510,2025-09-10 14:32:00,130080,833.22,833.24,832.96,833.04,242.0,119642.0,119664.0
au2510.SHFE,SHFE.au2510,2025-09-10 14:33:00,130081,833.04,833.1,832.88,832.92,374.0,119664.0,119727.0
au2510.SHFE,SHFE.au2510,2025-09-10 14:34:00,130082,832.92,832.92,832.74,832.88,247.0,119727.0,119661.0
au2510.SHFE,SHFE.au2510,2025-09-10 14:35:00,130083,832.88,833.02,832.82,832.9,172.0,119661.0,119635.0
au2510.SHFE,SHFE.au2510,2025-09-10 14:36:00,130084,832.9,833.12,832.8,833.08,147.0,119635.0,119621.0
au2510.SHFE,SHFE.au2510,2025-09-10 14:37:00,130085,833.08,833.14,832.96,832.96,198.0,119621.0,119621.0
au2510.SHFE,SHFE.au2510,2025-09-10 14:38:00,130086,832.96,833.16,832.9,833.08,163.0,119621.0,119612.0
au2510.SHFE,SHFE.au2510,2025-09-10 14:39:00,130087,833.08,833.16,833.0,833.0,203.0,119612.0,119600.0
au2510.SHFE,SHFE.au2510,2025-09-10 14:40:00,130088,833.0,833.06,832.84,832.92,170.0,119600.0,119590.0
au2510.SHFE,SHFE.au2510,2025-09-10 14:41:00,130089,832.92,833.02,832.84,832.84,293.0,119590.0,119603.0
au2510.SHFE,SHFE.au2510,2025-09-10 14:42:00,130090,832.84,832.86,832.54,832.58,313.0,119603.0,119578.0
au2510.SHFE,SHFE.au2510,2025-09-10 14:43:00,130091,832.58,832.94,832.58,832.94,225.0,119578.0,119564.0
au2510.SHFE,SHFE.au2510,2025-09-10 14:44:00,130092,832.94,833.44,832.72,833.1,718.0,119564.0,119474.0
au2510.SHFE,SHFE.au2510,2025-09-10 14:45:00,130093,833.1,833.38,832.84,833.0,393.0,119474.0,119456.0
au2510.SHFE,SHFE.au2510,2025-09-10 14:46:00,130094,833.0,833.18,832.88,833.14,232.0,119456.0,119469.0
au2510.SHFE,SHFE.au2510,2025-09-10 14:47:00,130095,833.14,833.26,832.98,833.06,362.0,119469.0,119545.0
au2510.SHFE,SHFE.au2510,2025-09-10 14:48:00,130096,833.06,833.1,832.86,833.08,209.0,119545.0,119540.0
au2510.SHFE,SHFE.au2510,2025-09-10 14:49:00,130097,833.08,833.24,833.08,833.2,147.0,119540.0,119495.0
au2510.SHFE,SHFE.au2510,2025-09-10 14:50:00,130098,833.2,833.36,833.1,833.34,266.0,119495.0,119444.0
au2510.SHFE,SHFE.au2510,2025-09-10 14:51:00,130099,833.34,833.38,833.28,833.38,160.0,119444.0,119416.0
au2510.SHFE,SHFE.au2510,2025-09-10 14:52:00,130100,833.38,833.56,833.34,833.52,262.0,119416.0,119369.0
au2510.SHFE,SHFE.au2510,2025-09-10 14:53:00,130101,833.52,833.64,833.44,833.64,161.0,119369.0,119362.0
au2510.SHFE,SHFE.au2510,2025-09-10 14:54:00,130102,833.64,833.68,833.52,833.54,278.0,119362.0,119319.0
au2510.SHFE,SHFE.au2510,2025-09-10 14:55:00,130103,833.54,833.6,833.52,833.54,176.0,119319.0,119333.0
au2510.SHFE,SHFE.au2510,2025-09-10 14:56:00,130104,833.54,833.56,833.36,833.44,260.0,119333.0,119339.0
au2510.SHFE,SHFE.au2510,2025-09-10 14:57:00,130105,833.44,833.54,833.36,833.46,391.0,119339.0,119254.0
au2510.SHFE,SHFE.au2510,2025-09-10 14:58:00,130106,833.46,833.54,833.26,833.34,291.0,119254.0,119220.0
au2510.SHFE,SHFE.au2510,2025-09-10 14:59:00,130107,833.34,833.58,833.3,833.42,638.0,119220.0,119424.0
au2510.SHFE,SHFE.au2510,2025-09-10 21:00:00,130108,833.38,834.16,833.38,834.04,1846.0,119424.0,119385.0
au2510.SHFE,SHFE.au2510,2025-09-10 21:01:00,130109,834.04,834.12,833.62,834.08,1079.0,119385.0,119357.0
au2510.SHFE,SHFE.au2510,2025-09-10 21:02:00,130110,834.08,834.48,833.98,834.24,791.0,119357.0,119427.0
au2510.SHFE,SHFE.au2510,2025-09-10 21:03:00,130111,834.24,834.5,834.0,834.24,875.0,119427.0,119432.0
au2510.SHFE,SHFE.au2510,2025-09-10 21:04:00,130112,834.24,834.44,834.1,834.4,514.0,119432.0,119500.0
au2510.SHFE,SHFE.au2510,2025-09-10 21:05:00,130113,834.4,834.66,834.22,834.42,676.0,119500.0,119604.0
au2510.SHFE,SHFE.au2510,2025-09-10 21:06:00,130114,834.42,834.5,833.68,833.86,1274.0,119604.0,119783.0
au2510.SHFE,SHFE.au2510,2025-09-10 21:07:00,130115,833.86,834.48,833.86,834.2,606.0,119783.0,119750.0
au2510.SHFE,SHFE.au2510,2025-09-10 21:08:00,130116,834.2,834.44,834.12,834.38,471.0,119750.0,119768.0
au2510.SHFE,SHFE.au2510,2025-09-10 21:09:00,130117,834.38,834.82,834.36,834.66,832.0,119768.0,119877.0
au2510.SHFE,SHFE.au2510,2025-09-10 21:10:00,130118,834.66,834.7,834.24,834.44,673.0,119877.0,120019.0
au2510.SHFE,SHFE.au2510,2025-09-10 21:11:00,130119,834.44,834.62,834.22,834.56,671.0,120019.0,120028.0
au2510.SHFE,SHFE.au2510,2025-09-10 21:12:00,130120,834.56,834.64,834.46,834.56,355.0,120028.0,120059.0
au2510.SHFE,SHFE.au2510,2025-09-10 21:13:00,130121,834.56,834.62,834.3,834.34,260.0,120059.0,120075.0
au2510.SHFE,SHFE.au2510,2025-09-10 21:14:00,130122,834.34,834.62,834.28,834.54,320.0,120075.0,120090.0
au2510.SHFE,SHFE.au2510,2025-09-10 21:15:00,130123,834.54,834.64,834.36,834.58,380.0,120090.0,120141.0
au2510.SHFE,SHFE.au2510,2025-09-10 21:16:00,130124,834.58,835.0,834.52,834.96,609.0,120141.0,120224.0
au2510.SHFE,SHFE.au2510,2025-09-10 21:17:00,130125,834.96,835.16,834.96,835.14,619.0,120224.0,120340.0
au2510.SHFE,SHFE.au2510,2025-09-10 21:18:00,130126,835.14,835.34,835.06,835.32,482.0,120340.0,120373.0
au2510.SHFE,SHFE.au2510,2025-09-10 21:19:00,130127,835.32,835.32,834.84,834.9,623.0,120373.0,120446.0
au2510.SHFE,SHFE.au2510,2025-09-10 21:20:00,130128,834.9,835.1,834.82,835.08,618.0,120446.0,120438.0
au2510.SHFE,SHFE.au2510,2025-09-10 21:21:00,130129,835.08,835.1,834.72,834.88,418.0,120438.0,120466.0
au2510.SHFE,SHFE.au2510,2025-09-10 21:22:00,130130,834.88,835.08,834.76,834.88,359.0,120466.0,120428.0
au2510.SHFE,SHFE.au2510,2025-09-10 21:23:00,130131,834.88,834.94,834.62,834.82,340.0,120428.0,120400.0
au2510.SHFE,SHFE.au2510,2025-09-10 21:24:00,130132,834.82,834.9,834.76,834.88,212.0,120400.0,120412.0
au2510.SHFE,SHFE.au2510,2025-09-10 21:25:00,130133,834.88,834.92,834.8,834.9,153.0,120412.0,120435.0
au2510.SHFE,SHFE.au2510,2025-09-10 21:26:00,130134,834.9,835.0,834.82,835.0,240.0,120435.0,120406.0
au2510.SHFE,SHFE.au2510,2025-09-10 21:27:00,130135,835.0,835.14,834.84,834.88,279.0,120406.0,120407.0
au2510.SHFE,SHFE.au2510,2025-09-10 21:28:00,130136,834.88,835.14,834.72,835.1,357.0,120407.0,120374.0
au2510.SHFE,SHFE.au2510,2025-09-10 21:29:00,130137,835.1,835.1,834.86,834.88,215.0,120374.0,120411.0
au2510.SHFE,SHFE.au2510,2025-09-10 21:30:00,130138,834.88,835.2,834.88,835.18,381.0,120411.0,120399.0
au2510.SHFE,SHFE.au2510,2025-09-10 21:31:00,130139,835.18,835.5,835.08,835.44,487.0,120399.0,120408.0
au2510.SHFE,SHFE.au2510,2025-09-10 21:32:00,130140,835.44,835.62,835.34,835.46,790.0,120408.0,120378.0
au2510.SHFE,SHFE.au2510,2025-09-10 21:33:00,130141,835.46,835.64,835.44,835.54,483.0,120378.0,120365.0
au2510.SHFE,SHFE.au2510,2025-09-10 21:34:00,130142,835.54,835.8,835.54,835.74,481.0,120365.0,120338.0
au2510.SHFE,SHFE.au2510,2025-09-10 21:35:00,130143,835.74,835.86,835.58,835.7,418.0,120338.0,120369.0
au2510.SHFE,SHFE.au2510,2025-09-10 21:36:00,130144,835.7,836.26,835.7,836.08,924.0,120369.0,120307.0
au2510.SHFE,SHFE.au2510,2025-09-10 21:37:00,130145,836.08,836.12,835.96,836.02,423.0,120307.0,120304.0
au2510.SHFE,SHFE.au2510,2025-09-10 21:38:00,130146,836.02,836.04,835.6,835.62,720.0,120304.0,120272.0
au2510.SHFE,SHFE.au2510,2025-09-10 21:39:00,130147,835.62,835.8,835.36,835.66,760.0,120272.0,120240.0
au2510.SHFE,SHFE.au2510,2025-09-10 21:40:00,130148,835.66,835.9,835.6,835.82,462.0,120240.0,120270.0
au2510.SHFE,SHFE.au2510,2025-09-10 21:41:00,130149,835.82,835.84,835.54,835.54,351.0,120270.0,120299.0
au2510.SHFE,SHFE.au2510,2025-09-10 21:42:00,130150,835.54,835.86,835.5,835.84,261.0,120299.0,120297.0
au2510.SHFE,SHFE.au2510,2025-09-10 21:43:00,130151,835.84,835.98,835.8,835.86,274.0,120297.0,120335.0
au2510.SHFE,SHFE.au2510,2025-09-10 21:44:00,130152,835.86,835.92,835.82,835.84,123.0,120335.0,120338.0
au2510.SHFE,SHFE.au2510,2025-09-10 21:45:00,130153,835.84,835.84,835.38,835.38,473.0,120338.0,120342.0
au2510.SHFE,SHFE.au2510,2025-09-10 21:46:00,130154,835.38,835.58,834.94,835.44,967.0,120342.0,120303.0
au2510.SHFE,SHFE.au2510,2025-09-10 21:47:00,130155,835.44,835.64,835.42,835.52,316.0,120303.0,120241.0
au2510.SHFE,SHFE.au2510,2025-09-10 21:48:00,130156,835.52,835.52,835.18,835.26,380.0,120241.0,120210.0
au2510.SHFE,SHFE.au2510,2025-09-10 21:49:00,130157,835.26,835.44,835.14,835.42,352.0,120210.0,120222.0
au2510.SHFE,SHFE.au2510,2025-09-10 21:50:00,130158,835.42,835.6,835.4,835.52,334.0,120222.0,120177.0
au2510.SHFE,SHFE.au2510,2025-09-10 21:51:00,130159,835.52,835.8,835.32,835.36,470.0,120177.0,120187.0
au2510.SHFE,SHFE.au2510,2025-09-10 21:52:00,130160,835.36,835.76,835.18,835.76,625.0,120187.0,120340.0
au2510.SHFE,SHFE.au2510,2025-09-10 21:53:00,130161,835.76,835.76,835.62,835.72,202.0,120340.0,120353.0
au2510.SHFE,SHFE.au2510,2025-09-10 21:54:00,130162,835.72,835.74,835.42,835.54,260.0,120353.0,120359.0
au2510.SHFE,SHFE.au2510,2025-09-10 21:55:00,130163,835.54,835.72,835.36,835.66,230.0,120359.0,120371.0
au2510.SHFE,SHFE.au2510,2025-09-10 21:56:00,130164,835.66,835.72,835.54,835.6,113.0,120371.0,120370.0
au2510.SHFE,SHFE.au2510,2025-09-10 21:57:00,130165,835.6,835.66,835.52,835.66,130.0,120370.0,120364.0
au2510.SHFE,SHFE.au2510,2025-09-10 21:58:00,130166,835.66,835.88,835.62,835.82,331.0,120364.0,120376.0
au2510.SHFE,SHFE.au2510,2025-09-10 21:59:00,130167,835.82,835.82,835.54,835.66,268.0,120376.0,120382.0
au2510.SHFE,SHFE.au2510,2025-09-10 22:00:00,130168,835.66,835.84,835.5,835.54,350.0,120382.0,120332.0
au2510.SHFE,SHFE.au2510,2025-09-10 22:01:00,130169,835.54,835.84,835.52,835.66,262.0,120332.0,120319.0
au2510.SHFE,SHFE.au2510,2025-09-10 22:02:00,130170,835.66,835.72,835.36,835.46,309.0,120319.0,120286.0
au2510.SHFE,SHFE.au2510,2025-09-10 22:03:00,130171,835.46,835.62,835.24,835.58,430.0,120286.0,120220.0
au2510.SHFE,SHFE.au2510,2025-09-10 22:04:00,130172,835.58,835.9,835.56,835.9,415.0,120220.0,120148.0
au2510.SHFE,SHFE.au2510,2025-09-10 22:05:00,130173,835.9,836.12,835.84,835.84,492.0,120148.0,120180.0
au2510.SHFE,SHFE.au2510,2025-09-10 22:06:00,130174,835.84,836.08,835.82,835.9,392.0,120180.0,120172.0
au2510.SHFE,SHFE.au2510,2025-09-10 22:07:00,130175,835.9,836.04,835.9,835.98,251.0,120172.0,120154.0
au2510.SHFE,SHFE.au2510,2025-09-10 22:08:00,130176,835.98,836.1,835.76,836.02,540.0,120154.0,120287.0
au2510.SHFE,SHFE.au2510,2025-09-10 22:09:00,130177,836.02,836.02,835.82,835.92,272.0,120287.0,120350.0
au2510.SHFE,SHFE.au2510,2025-09-10 22:10:00,130178,835.92,836.18,835.76,835.78,538.0,120350.0,120328.0
au2510.SHFE,SHFE.au2510,2025-09-10 22:11:00,130179,835.78,836.0,835.7,835.86,368.0,120328.0,120374.0
au2510.SHFE,SHFE.au2510,2025-09-10 22:12:00,130180,835.86,836.1,835.86,836.02,276.0,120374.0,120423.0
au2510.SHFE,SHFE.au2510,2025-09-10 22:13:00,130181,836.02,836.14,836.0,836.12,278.0,120423.0,120406.0
au2510.SHFE,SHFE.au2510,2025-09-10 22:14:00,130182,836.12,836.2,836.04,836.18,261.0,120406.0,120423.0
au2510.SHFE,SHFE.au2510,2025-09-10 22:15:00,130183,836.18,836.2,836.08,836.12,153.0,120423.0,120406.0
au2510.SHFE,SHFE.au2510,2025-09-10 22:16:00,130184,836.12,836.18,836.1,836.16,113.0,120406.0,120397.0
au2510.SHFE,SHFE.au2510,2025-09-10 22:17:00,130185,836.16,836.46,836.12,836.4,528.0,120397.0,120415.0
au2510.SHFE,SHFE.au2510,2025-09-10 22:18:00,130186,836.4,836.42,836.26,836.4,227.0,120415.0,120449.0
au2510.SHFE,SHFE.au2510,2025-09-10 22:19:00,130187,836.4,836.58,836.38,836.52,311.0,120449.0,120433.0
au2510.SHFE,SHFE.au2510,2025-09-10 22:20:00,130188,836.52,836.62,836.22,836.3,505.0,120433.0,120478.0
au2510.SHFE,SHFE.au2510,2025-09-10 22:21:00,130189,836.3,836.42,836.22,836.32,218.0,120478.0,120456.0
au2510.SHFE,SHFE.au2510,2025-09-10 22:22:00,130190,836.32,836.36,835.8,835.94,572.0,120456.0,120405.0
au2510.SHFE,SHFE.au2510,2025-09-10 22:23:00,130191,835.94,836.1,835.88,835.88,297.0,120405.0,120396.0
au2510.SHFE,SHFE.au2510,2025-09-10 22:24:00,130192,835.88,835.92,835.78,835.8,355.0,120396.0,120452.0
au2510.SHFE,SHFE.au2510,2025-09-10 22:25:00,130193,835.8,835.96,835.48,835.9,566.0,120452.0,120424.0
au2510.SHFE,SHFE.au2510,2025-09-10 22:26:00,130194,835.9,836.08,835.9,836.08,258.0,120424.0,120411.0
au2510.SHFE,SHFE.au2510,2025-09-10 22:27:00,130195,836.08,836.08,835.88,835.9,161.0,120411.0,120385.0
au2510.SHFE,SHFE.au2510,2025-09-10 22:28:00,130196,835.9,835.94,835.74,835.8,178.0,120385.0,120395.0
au2510.SHFE,SHFE.au2510,2025-09-10 22:29:00,130197,835.8,835.9,835.8,835.88,106.0,120395.0,120387.0
au2510.SHFE,SHFE.au2510,2025-09-10 22:30:00,130198,835.88,836.0,835.76,835.96,167.0,120387.0,120391.0
au2510.SHFE,SHFE.au2510,2025-09-10 22:31:00,130199,835.96,836.06,835.78,835.88,202.0,120391.0,120384.0
au2510.SHFE,SHFE.au2510,2025-09-10 22:32:00,130200,835.88,835.94,835.74,835.74,179.0,120384.0,120404.0
au2510.SHFE,SHFE.au2510,2025-09-10 22:33:00,130201,835.74,836.1,835.72,836.1,276.0,120404.0,120372.0
au2510.SHFE,SHFE.au2510,2025-09-10 22:34:00,130202,836.1,836.1,835.96,836.0,178.0,120372.0,120346.0
au2510.SHFE,SHFE.au2510,2025-09-10 22:35:00,130203,836.0,836.04,835.92,835.96,149.0,120346.0,120341.0
au2510.SHFE,SHFE.au2510,2025-09-10 22:36:00,130204,835.96,836.02,835.82,836.0,147.0,120341.0,120307.0
au2510.SHFE,SHFE.au2510,2025-09-10 22:37:00,130205,836.0,836.02,835.92,835.98,91.0,120307.0,120305.0
au2510.SHFE,SHFE.au2510,2025-09-10 22:38:00,130206,835.98,835.98,835.84,835.86,128.0,120305.0,120305.0
au2510.SHFE,SHFE.au2510,2025-09-10 22:39:00,130207,835.86,835.88,835.76,835.78,247.0,120305.0,120311.0
au2510.SHFE,SHFE.au2510,2025-09-10 22:40:00,130208,835.78,835.84,835.48,835.48,474.0,120311.0,120319.0
au2510.SHFE,SHFE.au2510,2025-09-10 22:41:00,130209,835.48,835.52,834.74,834.86,984.0,120319.0,120252.0
au2510.SHFE,SHFE.au2510,2025-09-10 22:42:00,130210,834.86,835.3,834.86,834.92,716.0,120252.0,120164.0
au2510.SHFE,SHFE.au2510,2025-09-10 22:43:00,130211,834.92,834.94,834.58,834.66,768.0,120164.0,120098.0
au2510.SHFE,SHFE.au2510,2025-09-10 22:44:00,130212,834.66,834.78,834.5,834.62,452.0,120098.0,120085.0
au2510.SHFE,SHFE.au2510,2025-09-10 22:45:00,130213,834.62,834.62,834.06,834.6,1232.0,120085.0,120006.0
au2510.SHFE,SHFE.au2510,2025-09-10 22:46:00,130214,834.6,834.6,834.16,834.52,570.0,120006.0,120007.0
au2510.SHFE,SHFE.au2510,2025-09-10 22:47:00,130215,834.52,834.82,834.3,834.46,621.0,120007.0,120051.0
au2510.SHFE,SHFE.au2510,2025-09-10 22:48:00,130216,834.46,834.5,834.16,834.16,338.0,120051.0,120031.0
au2510.SHFE,SHFE.au2510,2025-09-10 22:49:00,130217,834.16,834.3,833.92,833.92,824.0,120031.0,120021.0
au2510.SHFE,SHFE.au2510,2025-09-10 22:50:00,130218,833.92,834.28,833.9,834.14,750.0,120021.0,119994.0
au2510.SHFE,SHFE.au2510,2025-09-10 22:51:00,130219,834.14,834.32,834.06,834.28,584.0,119994.0,120003.0
au2510.SHFE,SHFE.au2510,2025-09-10 22:52:00,130220,834.28,834.68,834.26,834.46,648.0,120003.0,119946.0
au2510.SHFE,SHFE.au2510,2025-09-10 22:53:00,130221,834.46,834.5,834.0,834.02,583.0,119946.0,120013.0
au2510.SHFE,SHFE.au2510,2025-09-10 22:54:00,130222,834.02,834.18,834.0,834.12,440.0,120013.0,120015.0
au2510.SHFE,SHFE.au2510,2025-09-10 22:55:00,130223,834.12,834.4,834.1,834.4,318.0,120015.0,120005.0
au2510.SHFE,SHFE.au2510,2025-09-10 22:56:00,130224,834.4,834.68,834.4,834.68,473.0,120005.0,120016.0
au2510.SHFE,SHFE.au2510,2025-09-10 22:57:00,130225,834.68,834.68,834.58,834.66,201.0,120016.0,119978.0
au2510.SHFE,SHFE.au2510,2025-09-10 22:58:00,130226,834.66,834.76,834.52,834.74,276.0,119978.0,119898.0
au2510.SHFE,SHFE.au2510,2025-09-10 22:59:00,130227,834.74,834.84,834.54,834.66,272.0,119898.0,119862.0
au2510.SHFE,SHFE.au2510,2025-09-10 23:00:00,130228,834.66,834.74,834.3,834.36,311.0,119862.0,119837.0
au2510.SHFE,SHFE.au2510,2025-09-10 23:01:00,130229,834.36,834.54,834.3,834.48,250.0,119837.0,119819.0
au2510.SHFE,SHFE.au2510,2025-09-10 23:02:00,130230,834.48,834.52,834.3,834.44,202.0,119819.0,119809.0
au2510.SHFE,SHFE.au2510,2025-09-10 23:03:00,130231,834.44,834.5,834.22,834.26,337.0,119809.0,119810.0
au2510.SHFE,SHFE.au2510,2025-09-10 23:04:00,130232,834.26,834.28,834.1,834.16,341.0,119810.0,119788.0
au2510.SHFE,SHFE.au2510,2025-09-10 23:05:00,130233,834.16,834.44,834.12,834.24,231.0,119788.0,119787.0
au2510.SHFE,SHFE.au2510,2025-09-10 23:06:00,130234,834.24,834.38,833.82,833.82,504.0,119787.0,119788.0
au2510.SHFE,SHFE.au2510,2025-09-10 23:07:00,130235,833.82,834.04,833.72,834.04,551.0,119788.0,119773.0
au2510.SHFE,SHFE.au2510,2025-09-10 23:08:00,130236,834.04,834.1,833.98,834.0,162.0,119773.0,119800.0
au2510.SHFE,SHFE.au2510,2025-09-10 23:09:00,130237,834.0,834.38,834.0,834.2,264.0,119800.0,119786.0
au2510.SHFE,SHFE.au2510,2025-09-10 23:10:00,130238,834.2,834.54,834.16,834.38,353.0,119786.0,119769.0
au2510.SHFE,SHFE.au2510,2025-09-10 23:11:00,130239,834.38,834.44,834.32,834.36,152.0,119769.0,119777.0
au2510.SHFE,SHFE.au2510,2025-09-10 23:12:00,130240,834.36,834.62,834.34,834.52,337.0,119777.0,119796.0
au2510.SHFE,SHFE.au2510,2025-09-10 23:13:00,130241,834.52,834.66,834.52,834.66,157.0,119796.0,119767.0
au2510.SHFE,SHFE.au2510,2025-09-10 23:14:00,130242,834.66,834.72,834.44,834.64,238.0,119767.0,119736.0
au2510.SHFE,SHFE.au2510,2025-09-10 23:15:00,130243,834.64,834.74,834.54,834.56,174.0,119736.0,119735.0
au2510.SHFE,SHFE.au2510,2025-09-10 23:16:00,130244,834.56,834.58,834.36,834.48,233.0,119735.0,119755.0
au2510.SHFE,SHFE.au2510,2025-09-10 23:17:00,130245,834.48,834.56,834.4,834.48,142.0,119755.0,119762.0
au2510.SHFE,SHFE.au2510,2025-09-10 23:18:00,130246,834.48,834.52,834.36,834.42,130.0,119762.0,119749.0
au2510.SHFE,SHFE.au2510,2025-09-10 23:19:00,130247,834.42,834.54,834.32,834.5,176.0,119749.0,119762.0
au2510.SHFE,SHFE.au2510,2025-09-10 23:20:00,130248,834.5,834.7,834.42,834.68,194.0,119762.0,119746.0
au2510.SHFE,SHFE.au2510,2025-09-10 23:21:00,130249,834.68,834.8,834.56,834.56,257.0,119746.0,119745.0
au2510.SHFE,SHFE.au2510,2025-09-10 23:22:00,130250,834.56,834.68,834.5,834.54,155.0,119745.0,119735.0
au2510.SHFE,SHFE.au2510,2025-09-10 23:23:00,130251,834.54,834.54,833.68,833.88,1072.0,119735.0,119717.0
au2510.SHFE,SHFE.au2510,2025-09-10 23:24:00,130252,833.88,833.88,833.12,833.3,1233.0,119717.0,119762.0
au2510.SHFE,SHFE.au2510,2025-09-10 23:25:00,130253,833.3,833.62,833.0,833.36,827.0,119762.0,119842.0
au2510.SHFE,SHFE.au2510,2025-09-10 23:26:00,130254,833.36,833.8,833.34,833.74,555.0,119842.0,119825.0
au2510.SHFE,SHFE.au2510,2025-09-10 23:27:00,130255,833.74,833.92,833.66,833.8,352.0,119825.0,119827.0
au2510.SHFE,SHFE.au2510,2025-09-10 23:28:00,130256,833.8,834.08,833.78,834.02,316.0,119827.0,119769.0
au2510.SHFE,SHFE.au2510,2025-09-10 23:29:00,130257,834.02,834.06,833.9,833.98,216.0,119769.0,119750.0
au2510.SHFE,SHFE.au2510,2025-09-10 23:30:00,130258,833.98,834.26,833.98,834.24,343.0,119750.0,119681.0
au2510.SHFE,SHFE.au2510,2025-09-10 23:31:00,130259,834.24,834.44,834.18,834.28,299.0,119681.0,119670.0
au2510.SHFE,SHFE.au2510,2025-09-10 23:32:00,130260,834.28,834.32,834.02,834.14,202.0,119670.0,119699.0
au2510.SHFE,SHFE.au2510,2025-09-10 23:33:00,130261,834.14,834.22,834.06,834.06,171.0,119699.0,119685.0
au2510.SHFE,SHFE.au2510,2025-09-10 23:34:00,130262,834.06,834.3,834.06,834.3,107.0,119685.0,119690.0
au2510.SHFE,SHFE.au2510,2025-09-10 23:35:00,130263,834.3,834.4,834.18,834.22,157.0,119690.0,119677.0
au2510.SHFE,SHFE.au2510,2025-09-10 23:36:00,130264,834.22,834.42,834.22,834.38,117.0,119677.0,119651.0
au2510.SHFE,SHFE.au2510,2025-09-10 23:37:00,130265,834.38,834.56,834.38,834.46,216.0,119651.0,119661.0
au2510.SHFE,SHFE.au2510,2025-09-10 23:38:00,130266,834.46,834.62,834.46,834.6,161.0,119661.0,119644.0
au2510.SHFE,SHFE.au2510,2025-09-10 23:39:00,130267,834.6,834.62,834.46,834.58,193.0,119644.0,119634.0
au2510.SHFE,SHFE.au2510,2025-09-10 23:40:00,130268,834.58,834.64,834.5,834.5,97.0,119634.0,119630.0
au2510.SHFE,SHFE.au2510,2025-09-10 23:41:00,130269,834.5,834.6,834.46,834.54,145.0,119630.0,119632.0
au2510.SHFE,SHFE.au2510,2025-09-10 23:42:00,130270,834.54,834.56,834.32,834.42,186.0,119632.0,119651.0
au2510.SHFE,SHFE.au2510,2025-09-10 23:43:00,130271,834.42,834.58,834.4,834.48,82.0,119651.0,119662.0
au2510.SHFE,SHFE.au2510,2025-09-10 23:44:00,130272,834.48,834.56,834.42,834.5,127.0,119662.0,119653.0
au2510.SHFE,SHFE.au2510,2025-09-10 23:45:00,130273,834.5,834.84,834.5,834.76,314.0,119653.0,119591.0
au2510.SHFE,SHFE.au2510,2025-09-10 23:46:00,130274,834.76,834.76,834.66,834.68,190.0,119591.0,119592.0
au2510.SHFE,SHFE.au2510,2025-09-10 23:47:00,130275,834.68,834.74,834.6,834.68,132.0,119592.0,119577.0
au2510.SHFE,SHFE.au2510,2025-09-10 23:48:00,130276,834.68,834.72,834.62,834.68,74.0,119577.0,119558.0
au2510.SHFE,SHFE.au2510,2025-09-10 23:49:00,130277,834.68,834.74,834.56,834.58,75.0,119558.0,119566.0
au2510.SHFE,SHFE.au2510,2025-09-10 23:50:00,130278,834.58,834.72,834.58,834.62,85.0,119566.0,119560.0
au2510.SHFE,SHFE.au2510,2025-09-10 23:51:00,130279,834.62,834.66,834.56,834.6,48.0,119560.0,119567.0
au2510.SHFE,SHFE.au2510,2025-09-10 23:52:00,130280,834.6,834.64,834.5,834.5,97.0,119567.0,119538.0
au2510.SHFE,SHFE.au2510,2025-09-10 23:53:00,130281,834.5,834.62,834.5,834.58,50.0,119538.0,119535.0
au2510.SHFE,SHFE.au2510,2025-09-10 23:54:00,130282,834.58,834.6,834.5,834.56,36.0,119535.0,119536.0
au2510.SHFE,SHFE.au2510,2025-09-10 23:55:00,130283,834.56,834.56,834.38,834.52,118.0,119536.0,119536.0
au2510.SHFE,SHFE.au2510,2025-09-10 23:56:00,130284,834.52,834.62,834.36,834.54,121.0,119536.0,119520.0
au2510.SHFE,SHFE.au2510,2025-09-10 23:57:00,130285,834.54,834.54,834.38,834.46,60.0,119520.0,119523.0
au2510.SHFE,SHFE.au2510,2025-09-10 23:58:00,130286,834.46,834.46,834.14,834.18,273.0,119523.0,119543.0
au2510.SHFE,SHFE.au2510,2025-09-10 23:59:00,130287,834.18,834.26,833.94,834.1,358.0,119543.0,119556.0
au2510.SHFE,SHFE.au2510,2025-09-11 00:00:00,130288,834.1,834.26,833.98,834.24,282.0,119556.0,119531.0
au2510.SHFE,SHFE.au2510,2025-09-11 00:01:00,130289,834.24,834.44,834.24,834.34,262.0,119531.0,119517.0
au2510.SHFE,SHFE.au2510,2025-09-11 00:02:00,130290,834.34,834.34,833.92,833.98,190.0,119517.0,119493.0
au2510.SHFE,SHFE.au2510,2025-09-11 00:03:00,130291,833.98,834.06,833.92,834.02,200.0,119493.0,119455.0
au2510.SHFE,SHFE.au2510,2025-09-11 00:04:00,130292,834.02,834.02,833.66,833.92,278.0,119455.0,119438.0
au2510.SHFE,SHFE.au2510,2025-09-11 00:05:00,130293,833.92,833.96,833.52,833.7,296.0,119438.0,119422.0
au2510.SHFE,SHFE.au2510,2025-09-11 00:06:00,130294,833.7,833.9,833.54,833.84,276.0,119422.0,119418.0
au2510.SHFE,SHFE.au2510,2025-09-11 00:07:00,130295,833.84,833.96,833.72,833.92,217.0,119418.0,119409.0
au2510.SHFE,SHFE.au2510,2025-09-11 00:08:00,130296,833.92,833.98,833.82,833.84,141.0,119409.0,119397.0
au2510.SHFE,SHFE.au2510,2025-09-11 00:09:00,130297,833.84,833.96,833.82,833.86,105.0,119397.0,119377.0
au2510.SHFE,SHFE.au2510,2025-09-11 00:10:00,130298,833.86,833.9,833.76,833.84,103.0,119377.0,119393.0
au2510.SHFE,SHFE.au2510,2025-09-11 00:11:00,130299,833.84,834.08,833.84,834.0,108.0,119393.0,119397.0
au2510.SHFE,SHFE.au2510,2025-09-11 00:12:00,130300,834.0,834.14,833.84,833.86,239.0,119397.0,119408.0
au2510.SHFE,SHFE.au2510,2025-09-11 00:13:00,130301,833.86,834.02,833.84,834.02,99.0,119408.0,119404.0
au2510.SHFE,SHFE.au2510,2025-09-11 00:14:00,130302,834.02,834.18,834.02,834.12,115.0,119404.0,119403.0
au2510.SHFE,SHFE.au2510,2025-09-11 00:15:00,130303,834.12,834.14,833.96,834.08,110.0,119403.0,119416.0
au2510.SHFE,SHFE.au2510,2025-09-11 00:16:00,130304,834.08,834.12,833.98,834.06,148.0,119416.0,119436.0
au2510.SHFE,SHFE.au2510,2025-09-11 00:17:00,130305,834.06,834.08,833.98,834.08,44.0,119436.0,119432.0
au2510.SHFE,SHFE.au2510,2025-09-11 00:18:00,130306,834.08,834.24,834.04,834.14,143.0,119432.0,119410.0
au2510.SHFE,SHFE.au2510,2025-09-11 00:19:00,130307,834.14,834.2,834.08,834.1,46.0,119410.0,119399.0
au2510.SHFE,SHFE.au2510,2025-09-11 00:20:00,130308,834.1,834.14,833.88,833.92,167.0,119399.0,119399.0
au2510.SHFE,SHFE.au2510,2025-09-11 00:21:00,130309,833.92,834.0,833.92,833.92,72.0,119399.0,119408.0
au2510.SHFE,SHFE.au2510,2025-09-11 00:22:00,130310,833.92,834.0,833.8,833.8,122.0,119408.0,119400.0
au2510.SHFE,SHFE.au2510,2025-09-11 00:23:00,130311,833.8,833.94,833.66,833.92,169.0,119400.0,119391.0
au2510.SHFE,SHFE.au2510,2025-09-11 00:24:00,130312,833.92,834.04,833.86,833.94,68.0,119391.0,119388.0
au2510.SHFE,SHFE.au2510,2025-09-11 00:25:00,130313,833.94,834.0,833.8,833.8,69.0,119388.0,119382.0
au2510.SHFE,SHFE.au2510,2025-09-11 00:26:00,130314,833.8,833.86,833.76,833.78,70.0,119382.0,119386.0
au2510.SHFE,SHFE.au2510,2025-09-11 00:27:00,130315,833.78,833.78,833.66,833.72,105.0,119386.0,119375.0
au2510.SHFE,SHFE.au2510,2025-09-11 00:28:00,130316,833.72,833.72,833.56,833.56,83.0,119375.0,119381.0
au2510.SHFE,SHFE.au2510,2025-09-11 00:29:00,130317,833.56,833.62,833.46,833.54,232.0,119381.0,119346.0
au2510.SHFE,SHFE.au2510,2025-09-11 00:30:00,130318,833.54,833.58,833.38,833.4,269.0,119346.0,119276.0
au2510.SHFE,SHFE.au2510,2025-09-11 00:31:00,130319,833.4,833.56,833.24,833.56,312.0,119276.0,119303.0
au2510.SHFE,SHFE.au2510,2025-09-11 00:32:00,130320,833.56,833.6,833.44,833.52,127.0,119303.0,119307.0
au2510.SHFE,SHFE.au2510,2025-09-11 00:33:00,130321,833.52,833.54,833.42,833.44,130.0,119307.0,119293.0
au2510.SHFE,SHFE.au2510,2025-09-11 00:34:00,130322,833.44,833.46,833.32,833.38,138.0,119293.0,119289.0
au2510.SHFE,SHFE.au2510,2025-09-11 00:35:00,130323,833.38,833.44,833.32,833.44,62.0,119289.0,119281.0
au2510.SHFE,SHFE.au2510,2025-09-11 00:36:00,130324,833.44,833.72,833.42,833.68,239.0,119281.0,119243.0
au2510.SHFE,SHFE.au2510,2025-09-11 00:37:00,130325,833.68,833.72,833.5,833.52,117.0,119243.0,119283.0
au2510.SHFE,SHFE.au2510,2025-09-11 00:38:00,130326,833.52,833.7,833.46,833.52,133.0,119283.0,119270.0
au2510.SHFE,SHFE.au2510,2025-09-11 00:39:00,130327,833.52,833.62,833.5,833.56,61.0,119270.0,119272.0
au2510.SHFE,SHFE.au2510,2025-09-11 00:40:00,130328,833.56,833.62,833.52,833.58,46.0,119272.0,119278.0
au2510.SHFE,SHFE.au2510,2025-09-11 00:41:00,130329,833.58,833.76,833.54,833.72,137.0,119278.0,119256.0
au2510.SHFE,SHFE.au2510,2025-09-11 00:42:00,130330,833.72,833.76,833.68,833.74,82.0,119256.0,119259.0
au2510.SHFE,SHFE.au2510,2025-09-11 00:43:00,130331,833.74,833.76,833.64,833.66,58.0,119259.0,119240.0
au2510.SHFE,SHFE.au2510,2025-09-11 00:44:00,130332,833.66,833.7,833.6,833.6,104.0,119240.0,119233.0
au2510.SHFE,SHFE.au2510,2025-09-11 00:45:00,130333,833.6,833.66,833.56,833.62,82.0,119233.0,119208.0
au2510.SHFE,SHFE.au2510,2025-09-11 00:46:00,130334,833.62,833.66,833.62,833.64,36.0,119208.0,119214.0
au2510.SHFE,SHFE.au2510,2025-09-11 00:47:00,130335,833.64,833.64,833.58,833.62,26.0,119214.0,119213.0
au2510.SHFE,SHFE.au2510,2025-09-11 00:48:00,130336,833.62,833.62,833.46,833.46,73.0,119213.0,119221.0
au2510.SHFE,SHFE.au2510,2025-09-11 00:49:00,130337,833.46,833.64,833.44,833.62,82.0,119221.0,119223.0
au2510.SHFE,SHFE.au2510,2025-09-11 00:50:00,130338,833.62,833.66,833.46,833.5,75.0,119223.0,119232.0
au2510.SHFE,SHFE.au2510,2025-09-11 00:51:00,130339,833.5,833.84,833.5,833.84,129.0,119232.0,119245.0
au2510.SHFE,SHFE.au2510,2025-09-11 00:52:00,130340,833.84,833.98,833.8,833.92,149.0,119245.0,119231.0
au2510.SHFE,SHFE.au2510,2025-09-11 00:53:00,130341,833.92,834.02,833.9,833.96,227.0,119231.0,119276.0
au2510.SHFE,SHFE.au2510,2025-09-11 00:54:00,130342,833.96,834.06,833.96,834.02,146.0,119276.0,119302.0
au2510.SHFE,SHFE.au2510,2025-09-11 00:55:00,130343,834.02,834.1,833.96,834.06,234.0,119302.0,119224.0
au2510.SHFE,SHFE.au2510,2025-09-11 00:56:00,130344,834.06,834.16,834.06,834.1,164.0,119224.0,119294.0
au2510.SHFE,SHFE.au2510,2025-09-11 00:57:00,130345,834.1,834.1,833.98,833.98,55.0,119294.0,119266.0
au2510.SHFE,SHFE.au2510,2025-09-11 00:58:00,130346,833.98,833.98,833.86,833.9,97.0,119266.0,119263.0
au2510.SHFE,SHFE.au2510,2025-09-11 00:59:00,130347,833.9,833.98,833.88,833.9,57.0,119263.0,119264.0
au2510.SHFE,SHFE.au2510,2025-09-11 01:00:00,130348,833.9,834.16,833.9,834.1,109.0,119264.0,119272.0
au2510.SHFE,SHFE.au2510,2025-09-11 01:01:00,130349,834.1,834.14,833.98,833.98,89.0,119272.0,119283.0
au2510.SHFE,SHFE.au2510,2025-09-11 01:02:00,130350,833.98,834.2,833.98,834.06,196.0,119283.0,119278.0
au2510.SHFE,SHFE.au2510,2025-09-11 01:03:00,130351,834.06,834.2,834.04,834.16,59.0,119278.0,119281.0
au2510.SHFE,SHFE.au2510,2025-09-11 01:04:00,130352,834.16,834.18,834.1,834.1,49.0,119281.0,119282.0
au2510.SHFE,SHFE.au2510,2025-09-11 01:05:00,130353,834.1,834.18,834.08,834.14,53.0,119282.0,119285.0
au2510.SHFE,SHFE.au2510,2025-09-11 01:06:00,130354,834.14,834.18,833.9,833.9,60.0,119285.0,119272.0
au2510.SHFE,SHFE.au2510,2025-09-11 01:07:00,130355,833.9,834.06,833.9,833.96,49.0,119272.0,119269.0
au2510.SHFE,SHFE.au2510,2025-09-11 01:08:00,130356,833.96,834.06,833.92,833.94,16.0,119269.0,119266.0
au2510.SHFE,SHFE.au2510,2025-09-11 01:09:00,130357,833.94,834.1,833.94,834.06,31.0,119266.0,119257.0
au2510.SHFE,SHFE.au2510,2025-09-11 01:10:00,130358,834.06,834.1,834.02,834.08,29.0,119257.0,119253.0
au2510.SHFE,SHFE.au2510,2025-09-11 01:11:00,130359,834.08,834.16,834.0,834.1,60.0,119253.0,119254.0
au2510.SHFE,SHFE.au2510,2025-09-11 01:12:00,130360,834.1,834.2,834.06,834.2,55.0,119254.0,119251.0
au2510.SHFE,SHFE.au2510,2025-09-11 01:13:00,130361,834.2,834.26,834.16,834.24,51.0,119251.0,119261.0
au2510.SHFE,SHFE.au2510,2025-09-11 01:14:00,130362,834.24,834.36,834.16,834.34,130.0,119261.0,119264.0
au2510.SHFE,SHFE.au2510,2025-09-11 01:15:00,130363,834.34,834.36,834.22,834.24,89.0,119264.0,119258.0
au2510.SHFE,SHFE.au2510,2025-09-11 01:16:00,130364,834.24,834.26,834.18,834.18,38.0,119258.0,119254.0
au2510.SHFE,SHFE.au2510,2025-09-11 01:17:00,130365,834.18,834.26,834.14,834.26,78.0,119254.0,119265.0
au2510.SHFE,SHFE.au2510,2025-09-11 01:18:00,130366,834.26,834.26,834.14,834.14,16.0,119265.0,119265.0
au2510.SHFE,SHFE.au2510,2025-09-11 01:19:00,130367,834.14,834.14,833.98,834.08,142.0,119265.0,119274.0
au2510.SHFE,SHFE.au2510,2025-09-11 01:20:00,130368,834.08,834.1,833.96,834.06,71.0,119274.0,119267.0
au2510.SHFE,SHFE.au2510,2025-09-11 01:21:00,130369,834.06,834.06,833.98,834.02,16.0,119267.0,119262.0
au2510.SHFE,SHFE.au2510,2025-09-11 01:22:00,130370,834.02,834.06,833.98,833.98,29.0,119262.0,119256.0
au2510.SHFE,SHFE.au2510,2025-09-11 01:23:00,130371,833.98,834.0,833.9,833.94,41.0,119256.0,119247.0
au2510.SHFE,SHFE.au2510,2025-09-11 01:24:00,130372,833.94,834.02,833.94,834.02,50.0,119247.0,119232.0
au2510.SHFE,SHFE.au2510,2025-09-11 01:25:00,130373,834.02,834.04,833.96,833.96,27.0,119232.0,119225.0
au2510.SHFE,SHFE.au2510,2025-09-11 01:26:00,130374,833.96,833.96,833.9,833.9,35.0,119225.0,119222.0
au2510.SHFE,SHFE.au2510,2025-09-11 01:27:00,130375,833.9,834.0,833.9,833.96,44.0,119222.0,119210.0
au2510.SHFE,SHFE.au2510,2025-09-11 01:28:00,130376,833.96,834.04,833.88,834.04,46.0,119210.0,119198.0
au2510.SHFE,SHFE.au2510,2025-09-11 01:29:00,130377,834.04,834.06,833.96,834.02,99.0,119198.0,119187.0
au2510.SHFE,SHFE.au2510,2025-09-11 01:30:00,130378,834.02,834.28,833.9,834.26,55.0,119187.0,119192.0
au2510.SHFE,SHFE.au2510,2025-09-11 01:31:00,130379,834.26,834.5,834.24,834.4,154.0,119192.0,119148.0
au2510.SHFE,SHFE.au2510,2025-09-11 01:32:00,130380,834.4,834.64,834.4,834.6,159.0,119148.0,119125.0
au2510.SHFE,SHFE.au2510,2025-09-11 01:33:00,130381,834.6,834.6,834.38,834.38,153.0,119125.0,119117.0
au2510.SHFE,SHFE.au2510,2025-09-11 01:34:00,130382,834.38,834.56,834.38,834.52,280.0,119117.0,119114.0
au2510.SHFE,SHFE.au2510,2025-09-11 01:35:00,130383,834.52,834.64,834.48,834.58,75.0,119114.0,119121.0
au2510.SHFE,SHFE.au2510,2025-09-11 01:36:00,130384,834.58,834.6,834.44,834.5,47.0,119121.0,119128.0
au2510.SHFE,SHFE.au2510,2025-09-11 01:37:00,130385,834.5,834.7,834.48,834.6,189.0,119128.0,119192.0
au2510.SHFE,SHFE.au2510,2025-09-11 01:38:00,130386,834.6,834.7,834.56,834.66,50.0,119192.0,119188.0
au2510.SHFE,SHFE.au2510,2025-09-11 01:39:00,130387,834.66,834.76,834.66,834.76,175.0,119188.0,119207.0
au2510.SHFE,SHFE.au2510,2025-09-11 01:40:00,130388,834.76,834.76,834.64,834.68,51.0,119207.0,119206.0
au2510.SHFE,SHFE.au2510,2025-09-11 01:41:00,130389,834.68,834.9,834.68,834.9,264.0,119206.0,119103.0
au2510.SHFE,SHFE.au2510,2025-09-11 01:42:00,130390,834.9,834.94,834.84,834.84,189.0,119103.0,119152.0
au2510.SHFE,SHFE.au2510,2025-09-11 01:43:00,130391,834.84,834.86,834.62,834.66,67.0,119152.0,119144.0
au2510.SHFE,SHFE.au2510,2025-09-11 01:44:00,130392,834.66,834.68,834.58,834.62,47.0,119144.0,119133.0
au2510.SHFE,SHFE.au2510,2025-09-11 01:45:00,130393,834.62,834.7,834.62,834.66,41.0,119133.0,119141.0
au2510.SHFE,SHFE.au2510,2025-09-11 01:46:00,130394,834.66,834.68,834.66,834.66,13.0,119141.0,119138.0
au2510.SHFE,SHFE.au2510,2025-09-11 01:47:00,130395,834.66,834.7,834.66,834.7,95.0,119138.0,119163.0
au2510.SHFE,SHFE.au2510,2025-09-11 01:48:00,130396,834.7,834.7,834.64,834.68,20.0,119163.0,119159.0
au2510.SHFE,SHFE.au2510,2025-09-11 01:49:00,130397,834.68,834.72,834.62,834.66,22.0,119159.0,119163.0
au2510.SHFE,SHFE.au2510,2025-09-11 01:50:00,130398,834.66,834.72,834.62,834.64,46.0,119163.0,119155.0
au2510.SHFE,SHFE.au2510,2025-09-11 01:51:00,130399,834.64,834.7,834.6,834.64,39.0,119155.0,119148.0
au2510.SHFE,SHFE.au2510,2025-09-11 01:52:00,130400,834.64,834.66,834.62,834.66,31.0,119148.0,119134.0
au2510.SHFE,SHFE.au2510,2025-09-11 01:53:00,130401,834.66,834.7,834.66,834.7,19.0,119134.0,119133.0
au2510.SHFE,SHFE.au2510,2025-09-11 01:54:00,130402,834.7,834.78,834.68,834.72,35.0,119133.0,119119.0
au2510.SHFE,SHFE.au2510,2025-09-11 01:55:00,130403,834.72,834.86,834.7,834.84,65.0,119119.0,119130.0
au2510.SHFE,SHFE.au2510,2025-09-11 01:56:00,130404,834.84,834.88,834.78,834.82,62.0,119130.0,119115.0
au2510.SHFE,SHFE.au2510,2025-09-11 01:57:00,130405,834.82,834.86,834.8,834.82,33.0,119115.0,119121.0
au2510.SHFE,SHFE.au2510,2025-09-11 01:58:00,130406,834.82,834.92,834.82,834.9,81.0,119121.0,119100.0
au2510.SHFE,SHFE.au2510,2025-09-11 01:59:00,130407,834.9,835.0,834.9,834.96,262.0,119100.0,119075.0
au2510.SHFE,SHFE.au2510,2025-09-11 02:00:00,130408,834.96,835.02,834.74,834.74,107.0,119075.0,119079.0
au2510.SHFE,SHFE.au2510,2025-09-11 02:01:00,130409,834.74,834.86,834.74,834.86,33.0,119079.0,119084.0
au2510.SHFE,SHFE.au2510,2025-09-11 02:02:00,130410,834.86,835.06,834.84,835.0,86.0,119084.0,119084.0
au2510.SHFE,SHFE.au2510,2025-09-11 02:03:00,130411,835.0,835.18,835.0,835.16,221.0,119084.0,119062.0
au2510.SHFE,SHFE.au2510,2025-09-11 02:04:00,130412,835.16,835.2,835.04,835.12,184.0,119062.0,119059.0
au2510.SHFE,SHFE.au2510,2025-09-11 02:05:00,130413,835.12,835.16,835.02,835.1,95.0,119059.0,119082.0
au2510.SHFE,SHFE.au2510,2025-09-11 02:06:00,130414,835.1,835.14,835.06,835.08,48.0,119082.0,119064.0
au2510.SHFE,SHFE.au2510,2025-09-11 02:07:00,130415,835.08,835.18,835.08,835.1,74.0,119064.0,119063.0
au2510.SHFE,SHFE.au2510,2025-09-11 02:08:00,130416,835.1,835.1,835.04,835.08,51.0,119063.0,119050.0
au2510.SHFE,SHFE.au2510,2025-09-11 02:09:00,130417,835.08,835.08,835.02,835.04,24.0,119050.0,119045.0
au2510.SHFE,SHFE.au2510,2025-09-11 02:10:00,130418,835.04,835.04,834.92,835.0,41.0,119045.0,119039.0
au2510.SHFE,SHFE.au2510,2025-09-11 02:11:00,130419,835.0,835.06,835.0,835.04,17.0,119039.0,119037.0
au2510.SHFE,SHFE.au2510,2025-09-11 02:12:00,130420,835.04,835.04,834.94,834.96,30.0,119037.0,119043.0
au2510.SHFE,SHFE.au2510,2025-09-11 02:13:00,130421,834.96,835.02,834.92,834.98,26.0,119043.0,119031.0
au2510.SHFE,SHFE.au2510,2025-09-11 02:14:00,130422,834.98,835.06,834.98,835.06,18.0,119031.0,119028.0
au2510.SHFE,SHFE.au2510,2025-09-11 02:15:00,130423,835.06,835.12,835.06,835.12,60.0,119028.0,118999.0
au2510.SHFE,SHFE.au2510,2025-09-11 02:16:00,130424,835.12,835.12,835.08,835.1,25.0,118999.0,119004.0
au2510.SHFE,SHFE.au2510,2025-09-11 02:17:00,130425,835.1,835.28,835.08,835.18,52.0,119004.0,118985.0
au2510.SHFE,SHFE.au2510,2025-09-11 02:18:00,130426,835.18,835.22,835.08,835.08,60.0,118985.0,118970.0
au2510.SHFE,SHFE.au2510,2025-09-11 02:19:00,130427,835.08,835.22,835.06,835.18,43.0,118970.0,118958.0
au2510.SHFE,SHFE.au2510,2025-09-11 02:20:00,130428,835.18,835.4,835.18,835.4,85.0,118958.0,118950.0
au2510.SHFE,SHFE.au2510,2025-09-11 02:21:00,130429,835.4,835.48,835.22,835.22,66.0,118950.0,118957.0
au2510.SHFE,SHFE.au2510,2025-09-11 02:22:00,130430,835.22,835.4,835.22,835.36,224.0,118957.0,118958.0
au2510.SHFE,SHFE.au2510,2025-09-11 02:23:00,130431,835.36,835.48,835.36,835.44,73.0,118958.0,118977.0
au2510.SHFE,SHFE.au2510,2025-09-11 02:24:00,130432,835.44,835.46,835.34,835.38,42.0,118977.0,118971.0
au2510.SHFE,SHFE.au2510,2025-09-11 02:25:00,130433,835.38,835.46,835.34,835.38,55.0,118971.0,118952.0
au2510.SHFE,SHFE.au2510,2025-09-11 02:26:00,130434,835.38,835.44,835.32,835.44,73.0,118952.0,118935.0
au2510.SHFE,SHFE.au2510,2025-09-11 02:27:00,130435,835.44,835.5,835.38,835.38,98.0,118935.0,118912.0
au2510.SHFE,SHFE.au2510,2025-09-11 02:28:00,130436,835.38,835.4,835.22,835.26,108.0,118912.0,118866.0
au2510.SHFE,SHFE.au2510,2025-09-11 02:29:00,130437,835.26,835.26,835.0,835.16,183.0,118866.0,118809.0
au2510.SHFE,SHFE.au2510,2025-09-11 09:00:00,130438,834.0,834.6,834.0,834.5,1003.0,118809.0,118956.0
au2510.SHFE,SHFE.au2510,2025-09-11 09:01:00,130439,834.5,834.68,834.16,834.6,606.0,118956.0,119083.0
au2510.SHFE,SHFE.au2510,2025-09-11 09:02:00,130440,834.6,834.66,834.48,834.5,333.0,119083.0,119207.0
au2510.SHFE,SHFE.au2510,2025-09-11 09:03:00,130441,834.5,834.52,834.1,834.22,573.0,119207.0,119169.0
au2510.SHFE,SHFE.au2510,2025-09-11 09:04:00,130442,834.22,834.36,834.12,834.36,310.0,119169.0,119169.0
au2510.SHFE,SHFE.au2510,2025-09-11 09:05:00,130443,834.36,834.58,834.34,834.54,299.0,119169.0,119186.0
au2510.SHFE,SHFE.au2510,2025-09-11 09:06:00,130444,834.54,834.76,834.52,834.62,450.0,119186.0,119156.0
au2510.SHFE,SHFE.au2510,2025-09-11 09:07:00,130445,834.62,834.76,834.62,834.72,214.0,119156.0,119131.0
au2510.SHFE,SHFE.au2510,2025-09-11 09:08:00,130446,834.72,834.78,834.56,834.64,343.0,119131.0,119076.0
au2510.SHFE,SHFE.au2510,2025-09-11 09:09:00,130447,834.64,834.78,834.6,834.68,257.0,119076.0,119063.0
au2510.SHFE,SHFE.au2510,2025-09-11 09:10:00,130448,834.68,835.0,834.66,834.94,307.0,119063.0,118985.0
au2510.SHFE,SHFE.au2510,2025-09-11 09:11:00,130449,834.94,834.98,834.8,834.82,220.0,118985.0,119003.0
au2510.SHFE,SHFE.au2510,2025-09-11 09:12:00,130450,834.82,834.98,834.74,834.92,189.0,119003.0,118943.0
au2510.SHFE,SHFE.au2510,2025-09-11 09:13:00,130451,834.92,835.16,834.82,834.88,330.0,118943.0,118976.0
au2510.SHFE,SHFE.au2510,2025-09-11 09:14:00,130452,834.88,835.0,834.72,834.78,231.0,118976.0,118915.0
au2510.SHFE,SHFE.au2510,2025-09-11 09:15:00,130453,834.78,834.96,834.78,834.8,138.0,118915.0,118906.0
au2510.SHFE,SHFE.au2510,2025-09-11 09:16:00,130454,834.8,834.86,834.76,834.8,140.0,118906.0,118867.0
au2510.SHFE,SHFE.au2510,2025-09-11 09:17:00,130455,834.8,834.92,834.72,834.9,105.0,118867.0,118845.0
au2510.SHFE,SHFE.au2510,2025-09-11 09:18:00,130456,834.9,834.92,834.76,834.9,176.0,118845.0,118811.0
au2510.SHFE,SHFE.au2510,2025-09-11 09:19:00,130457,834.9,834.98,834.68,834.72,283.0,118811.0,118780.0
au2510.SHFE,SHFE.au2510,2025-09-11 09:20:00,130458,834.72,834.72,834.4,834.46,363.0,118780.0,118739.0
au2510.SHFE,SHFE.au2510,2025-09-11 09:21:00,130459,834.46,834.72,834.42,834.66,238.0,118739.0,118752.0
au2510.SHFE,SHFE.au2510,2025-09-11 09:22:00,130460,834.66,834.98,834.6,834.86,306.0,118752.0,118776.0
au2510.SHFE,SHFE.au2510,2025-09-11 09:23:00,130461,834.86,835.06,834.86,835.02,361.0,118776.0,118823.0
au2510.SHFE,SHFE.au2510,2025-09-11 09:24:00,130462,835.02,835.34,835.02,835.3,532.0,118823.0,118921.0
au2510.SHFE,SHFE.au2510,2025-09-11 09:25:00,130463,835.3,835.36,835.12,835.16,343.0,118921.0,118971.0
au2510.SHFE,SHFE.au2510,2025-09-11 09:26:00,130464,835.16,835.22,835.02,835.16,276.0,118971.0,118987.0
au2510.SHFE,SHFE.au2510,2025-09-11 09:27:00,130465,835.16,835.24,834.96,835.06,292.0,118987.0,119035.0
au2510.SHFE,SHFE.au2510,2025-09-11 09:28:00,130466,835.06,835.16,834.92,835.1,404.0,119035.0,119053.0
au2510.SHFE,SHFE.au2510,2025-09-11 09:29:00,130467,835.1,835.3,834.94,835.28,307.0,119053.0,119032.0
au2510.SHFE,SHFE.au2510,2025-09-11 09:30:00,130468,835.28,835.46,835.28,835.28,226.0,119032.0,119004.0
au2510.SHFE,SHFE.au2510,2025-09-11 09:31:00,130469,835.28,835.3,835.18,835.22,153.0,119004.0,118989.0
au2510.SHFE,SHFE.au2510,2025-09-11 09:32:00,130470,835.22,835.22,834.98,835.08,194.0,118989.0,118950.0
au2510.SHFE,SHFE.au2510,2025-09-11 09:33:00,130471,835.08,835.2,834.92,834.96,236.0,118950.0,118914.0
au2510.SHFE,SHFE.au2510,2025-09-11 09:34:00,130472,834.96,834.98,834.8,834.88,186.0,118914.0,118872.0
au2510.SHFE,SHFE.au2510,2025-09-11 09:35:00,130473,834.88,834.88,834.54,834.56,273.0,118872.0,118855.0
au2510.SHFE,SHFE.au2510,2025-09-11 09:36:00,130474,834.56,834.56,834.22,834.28,503.0,118855.0,118857.0
au2510.SHFE,SHFE.au2510,2025-09-11 09:37:00,130475,834.28,834.5,834.26,834.34,393.0,118857.0,118844.0
au2510.SHFE,SHFE.au2510,2025-09-11 09:38:00,130476,834.34,834.54,834.28,834.48,365.0,118844.0,118819.0
au2510.SHFE,SHFE.au2510,2025-09-11 09:39:00,130477,834.48,834.52,834.22,834.24,275.0,118819.0,118791.0
au2510.SHFE,SHFE.au2510,2025-09-11 09:40:00,130478,834.24,834.5,834.24,834.28,259.0,118791.0,118804.0
au2510.SHFE,SHFE.au2510,2025-09-11 09:41:00,130479,834.28,834.28,834.02,834.14,327.0,118804.0,118814.0
au2510.SHFE,SHFE.au2510,2025-09-11 09:42:00,130480,834.14,834.46,834.08,834.4,394.0,118814.0,118735.0
au2510.SHFE,SHFE.au2510,2025-09-11 09:43:00,130481,834.4,834.48,834.22,834.34,264.0,118735.0,118667.0
au2510.SHFE,SHFE.au2510,2025-09-11 09:44:00,130482,834.34,834.34,834.16,834.2,173.0,118667.0,118645.0
au2510.SHFE,SHFE.au2510,2025-09-11 09:45:00,130483,834.2,834.26,834.1,834.18,179.0,118645.0,118610.0
au2510.SHFE,SHFE.au2510,2025-09-11 09:46:00,130484,834.18,834.18,833.82,834.0,431.0,118610.0,118579.0
au2510.SHFE,SHFE.au2510,2025-09-11 09:47:00,130485,834.0,834.0,833.68,833.88,546.0,118579.0,118490.0
au2510.SHFE,SHFE.au2510,2025-09-11 09:48:00,130486,833.88,833.96,833.74,833.9,374.0,118490.0,118467.0
au2510.SHFE,SHFE.au2510,2025-09-11 09:49:00,130487,833.9,833.9,833.64,833.76,316.0,118467.0,118455.0
au2510.SHFE,SHFE.au2510,2025-09-11 09:50:00,130488,833.76,834.02,833.74,833.98,217.0,118455.0,118454.0
au2510.SHFE,SHFE.au2510,2025-09-11 09:51:00,130489,833.98,834.1,833.98,834.02,251.0,118454.0,118468.0
au2510.SHFE,SHFE.au2510,2025-09-11 09:52:00,130490,834.02,834.02,833.8,833.96,207.0,118468.0,118422.0
au2510.SHFE,SHFE.au2510,2025-09-11 09:53:00,130491,833.96,834.1,833.96,834.0,129.0,118422.0,118419.0
au2510.SHFE,SHFE.au2510,2025-09-11 09:54:00,130492,834.0,834.06,833.66,833.82,266.0,118419.0,118367.0
au2510.SHFE,SHFE.au2510,2025-09-11 09:55:00,130493,833.82,833.92,833.78,833.92,177.0,118367.0,118393.0
au2510.SHFE,SHFE.au2510,2025-09-11 09:56:00,130494,833.92,833.94,833.76,833.76,154.0,118393.0,118407.0
au2510.SHFE,SHFE.au2510,2025-09-11 09:57:00,130495,833.76,833.78,833.6,833.72,276.0,118407.0,118390.0
au2510.SHFE,SHFE.au2510,2025-09-11 09:58:00,130496,833.72,833.8,833.7,833.74,113.0,118390.0,118366.0
au2510.SHFE,SHFE.au2510,2025-09-11 09:59:00,130497,833.74,833.92,833.64,833.86,230.0,118366.0,118360.0
au2510.SHFE,SHFE.au2510,2025-09-11 10:00:00,130498,833.86,834.06,833.6,833.7,612.0,118360.0,118382.0
au2510.SHFE,SHFE.au2510,2025-09-11 10:01:00,130499,833.7,833.92,833.56,833.92,603.0,118382.0,118258.0
au2510.SHFE,SHFE.au2510,2025-09-11 10:02:00,130500,833.92,833.98,833.62,833.9,257.0,118258.0,118221.0
au2510.SHFE,SHFE.au2510,2025-09-11 10:03:00,130501,833.9,834.16,833.86,834.12,309.0,118221.0,118191.0
au2510.SHFE,SHFE.au2510,2025-09-11 10:04:00,130502,834.12,834.22,834.1,834.22,213.0,118191.0,118144.0
au2510.SHFE,SHFE.au2510,2025-09-11 10:05:00,130503,834.22,834.32,834.2,834.24,217.0,118144.0,118131.0
au2510.SHFE,SHFE.au2510,2025-09-11 10:06:00,130504,834.24,834.3,834.2,834.24,96.0,118131.0,118141.0
au2510.SHFE,SHFE.au2510,2025-09-11 10:07:00,130505,834.24,834.4,834.24,834.36,128.0,118141.0,118107.0
au2510.SHFE,SHFE.au2510,2025-09-11 10:08:00,130506,834.36,834.4,834.28,834.34,184.0,118107.0,118134.0
au2510.SHFE,SHFE.au2510,2025-09-11 10:09:00,130507,834.34,834.34,834.24,834.34,220.0,118134.0,118079.0
au2510.SHFE,SHFE.au2510,2025-09-11 10:10:00,130508,834.34,834.42,834.24,834.42,224.0,118079.0,118104.0
au2510.SHFE,SHFE.au2510,2025-09-11 10:11:00,130509,834.42,834.42,834.2,834.28,90.0,118104.0,118106.0
au2510.SHFE,SHFE.au2510,2025-09-11 10:12:00,130510,834.28,834.3,834.2,834.28,125.0,118106.0,118075.0
au2510.SHFE,SHFE.au2510,2025-09-11 10:13:00,130511,834.28,834.36,834.16,834.22,116.0,118075.0,118042.0
au2510.SHFE,SHFE.au2510,2025-09-11 10:14:00,130512,834.22,834.24,834.06,834.14,170.0,118042.0,118022.0
au2510.SHFE,SHFE.au2510,2025-09-11 10:30:00,130513,833.6,833.6,832.8,832.94,1661.0,118022.0,118046.0
au2510.SHFE,SHFE.au2510,2025-09-11 10:31:00,130514,832.94,833.1,832.78,832.96,635.0,118046.0,118006.0
au2510.SHFE,SHFE.au2510,2025-09-11 10:32:00,130515,832.96,833.28,832.96,833.24,400.0,118006.0,117992.0
au2510.SHFE,SHFE.au2510,2025-09-11 10:33:00,130516,833.24,833.52,833.22,833.24,354.0,117992.0,117984.0
au2510.SHFE,SHFE.au2510,2025-09-11 10:34:00,130517,833.24,833.24,833.06,833.16,239.0,117984.0,117987.0
au2510.SHFE,SHFE.au2510,2025-09-11 10:35:00,130518,833.16,833.2,833.06,833.16,188.0,117987.0,118011.0
au2510.SHFE,SHFE.au2510,2025-09-11 10:36:00,130519,833.16,833.44,833.16,833.36,313.0,118011.0,118019.0
au2510.SHFE,SHFE.au2510,2025-09-11 10:37:00,130520,833.36,833.44,833.2,833.36,204.0,118019.0,118046.0
au2510.SHFE,SHFE.au2510,2025-09-11 10:38:00,130521,833.36,833.46,833.34,833.42,123.0,118046.0,118060.0
au2510.SHFE,SHFE.au2510,2025-09-11 10:39:00,130522,833.42,833.52,833.32,833.52,112.0,118060.0,118040.0
au2510.SHFE,SHFE.au2510,2025-09-11 10:40:00,130523,833.52,833.64,833.5,833.62,303.0,118040.0,118044.0
au2510.SHFE,SHFE.au2510,2025-09-11 10:41:00,130524,833.62,833.72,833.52,833.52,250.0,118044.0,118085.0
au2510.SHFE,SHFE.au2510,2025-09-11 10:42:00,130525,833.52,833.56,833.32,833.4,157.0,118085.0,118070.0
au2510.SHFE,SHFE.au2510,2025-09-11 10:43:00,130526,833.4,833.4,833.28,833.34,161.0,118070.0,118072.0
au2510.SHFE,SHFE.au2510,2025-09-11 10:44:00,130527,833.34,833.34,833.02,833.02,221.0,118072.0,118081.0
au2510.SHFE,SHFE.au2510,2025-09-11 10:45:00,130528,833.02,833.1,832.3,832.64,1021.0,118081.0,118154.0
au2510.SHFE,SHFE.au2510,2025-09-11 10:46:00,130529,832.64,833.08,832.6,833.0,404.0,118154.0,118155.0
au2510.SHFE,SHFE.au2510,2025-09-11 10:47:00,130530,833.0,833.32,832.96,833.18,277.0,118155.0,118060.0
au2510.SHFE,SHFE.au2510,2025-09-11 10:48:00,130531,833.18,833.28,833.08,833.26,308.0,118060.0,117962.0
au2510.SHFE,SHFE.au2510,2025-09-11 10:49:00,130532,833.26,833.52,833.24,833.52,229.0,117962.0,117950.0
au2510.SHFE,SHFE.au2510,2025-09-11 10:50:00,130533,833.52,833.64,833.48,833.58,245.0,117950.0,117925.0
au2510.SHFE,SHFE.au2510,2025-09-11 10:51:00,130534,833.58,833.7,833.48,833.52,294.0,117925.0,117915.0
au2510.SHFE,SHFE.au2510,2025-09-11 10:52:00,130535,833.52,833.56,833.28,833.3,264.0,117915.0,117951.0
au2510.SHFE,SHFE.au2510,2025-09-11 10:53:00,130536,833.3,833.42,833.12,833.12,281.0,117951.0,117908.0
au2510.SHFE,SHFE.au2510,2025-09-11 10:54:00,130537,833.12,833.32,833.12,833.24,166.0,117908.0,117900.0
au2510.SHFE,SHFE.au2510,2025-09-11 10:55:00,130538,833.24,833.3,832.78,832.8,380.0,117900.0,117876.0
au2510.SHFE,SHFE.au2510,2025-09-11 10:56:00,130539,832.8,832.94,832.42,832.66,603.0,117876.0,117889.0
au2510.SHFE,SHFE.au2510,2025-09-11 10:57:00,130540,832.66,832.72,832.46,832.62,356.0,117889.0,117863.0
au2510.SHFE,SHFE.au2510,2025-09-11 10:58:00,130541,832.62,832.68,832.52,832.68,262.0,117863.0,117813.0
au2510.SHFE,SHFE.au2510,2025-09-11 10:59:00,130542,832.68,832.88,832.52,832.88,372.0,117813.0,117800.0
au2510.SHFE,SHFE.au2510,2025-09-11 11:00:00,130543,832.88,832.88,832.46,832.52,409.0,117800.0,117835.0
au2510.SHFE,SHFE.au2510,2025-09-11 11:01:00,130544,832.52,832.7,832.18,832.62,544.0,117835.0,117764.0
au2510.SHFE,SHFE.au2510,2025-09-11 11:02:00,130545,832.62,832.62,832.1,832.28,481.0,117764.0,117778.0
au2510.SHFE,SHFE.au2510,2025-09-11 11:03:00,130546,832.28,832.58,832.2,832.24,258.0,117778.0,117739.0
au2510.SHFE,SHFE.au2510,2025-09-11 11:04:00,130547,832.24,832.42,832.14,832.36,354.0,117739.0,117692.0
au2510.SHFE,SHFE.au2510,2025-09-11 11:05:00,130548,832.36,832.48,832.32,832.38,269.0,117692.0,117599.0
au2510.SHFE,SHFE.au2510,2025-09-11 11:06:00,130549,832.38,832.38,832.06,832.1,299.0,117599.0,117553.0
au2510.SHFE,SHFE.au2510,2025-09-11 11:07:00,130550,832.1,832.24,831.88,832.04,611.0,117553.0,117533.0
au2510.SHFE,SHFE.au2510,2025-09-11 11:08:00,130551,832.04,832.04,831.66,831.72,516.0,117533.0,117467.0
au2510.SHFE,SHFE.au2510,2025-09-11 11:09:00,130552,831.72,831.92,831.24,831.28,682.0,117467.0,117369.0
au2510.SHFE,SHFE.au2510,2025-09-11 11:10:00,130553,831.28,831.74,831.14,831.72,859.0,117369.0,117356.0
au2510.SHFE,SHFE.au2510,2025-09-11 11:11:00,130554,831.72,831.74,831.36,831.42,667.0,117356.0,117237.0
au2510.SHFE,SHFE.au2510,2025-09-11 11:12:00,130555,831.42,831.88,831.4,831.82,316.0,117237.0,117165.0
au2510.SHFE,SHFE.au2510,2025-09-11 11:13:00,130556,831.82,831.96,831.64,831.68,283.0,117165.0,117147.0
au2510.SHFE,SHFE.au2510,2025-09-11 11:14:00,130557,831.68,831.8,831.54,831.54,304.0,117147.0,117131.0
au2510.SHFE,SHFE.au2510,2025-09-11 11:15:00,130558,831.54,831.54,831.2,831.48,457.0,117131.0,117085.0
au2510.SHFE,SHFE.au2510,2025-09-11 11:16:00,130559,831.48,831.78,831.44,831.64,277.0,117085.0,117053.0
au2510.SHFE,SHFE.au2510,2025-09-11 11:17:00,130560,831.64,831.84,831.6,831.74,285.0,117053.0,117061.0
au2510.SHFE,SHFE.au2510,2025-09-11 11:18:00,130561,831.74,831.74,831.42,831.62,291.0,117061.0,117059.0
au2510.SHFE,SHFE.au2510,2025-09-11 11:19:00,130562,831.62,831.64,831.4,831.44,218.0,117059.0,117115.0
au2510.SHFE,SHFE.au2510,2025-09-11 11:20:00,130563,831.44,831.64,831.42,831.58,216.0,117115.0,117093.0
au2510.SHFE,SHFE.au2510,2025-09-11 11:21:00,130564,831.58,831.64,831.5,831.6,129.0,117093.0,117085.0
au2510.SHFE,SHFE.au2510,2025-09-11 11:22:00,130565,831.6,831.6,831.26,831.3,284.0,117085.0,117119.0
au2510.SHFE,SHFE.au2510,2025-09-11 11:23:00,130566,831.3,831.52,831.2,831.52,270.0,117119.0,117086.0
au2510.SHFE,SHFE.au2510,2025-09-11 11:24:00,130567,831.52,831.68,831.48,831.6,155.0,117086.0,117032.0
au2510.SHFE,SHFE.au2510,2025-09-11 11:25:00,130568,831.6,831.82,831.5,831.68,158.0,117032.0,116990.0
au2510.SHFE,SHFE.au2510,2025-09-11 11:26:00,130569,831.68,831.88,831.6,831.84,131.0,116990.0,116971.0
au2510.SHFE,SHFE.au2510,2025-09-11 11:27:00,130570,831.84,831.96,831.8,831.8,190.0,116971.0,116914.0
au2510.SHFE,SHFE.au2510,2025-09-11 11:28:00,130571,831.8,831.86,831.54,831.54,130.0,116914.0,116904.0
au2510.SHFE,SHFE.au2510,2025-09-11 11:29:00,130572,831.54,831.58,831.22,831.22,422.0,116904.0,116813.0
au2510.SHFE,SHFE.au2510,2025-09-11 13:30:00,130573,830.8,830.86,830.28,830.72,1448.0,116813.0,116772.0
au2510.SHFE,SHFE.au2510,2025-09-11 13:31:00,130574,830.72,830.84,830.4,830.44,1025.0,116772.0,116653.0
au2510.SHFE,SHFE.au2510,2025-09-11 13:32:00,130575,830.44,830.46,829.14,829.32,2051.0,116653.0,116601.0
au2510.SHFE,SHFE.au2510,2025-09-11 13:33:00,130576,829.32,829.82,829.14,829.72,1563.0,116601.0,116430.0
au2510.SHFE,SHFE.au2510,2025-09-11 13:34:00,130577,829.72,830.4,829.7,830.28,916.0,116430.0,116341.0
au2510.SHFE,SHFE.au2510,2025-09-11 13:35:00,130578,830.28,830.8,830.28,830.8,506.0,116341.0,116226.0
au2510.SHFE,SHFE.au2510,2025-09-11 13:36:00,130579,830.8,830.84,830.26,830.6,622.0,116226.0,116299.0
au2510.SHFE,SHFE.au2510,2025-09-11 13:37:00,130580,830.6,830.9,830.56,830.7,574.0,116299.0,116275.0
au2510.SHFE,SHFE.au2510,2025-09-11 13:38:00,130581,830.7,831.06,830.7,831.02,350.0,116275.0,116251.0
au2510.SHFE,SHFE.au2510,2025-09-11 13:39:00,130582,831.02,831.28,830.94,831.12,541.0,116251.0,116174.0
au2510.SHFE,SHFE.au2510,2025-09-11 13:40:00,130583,831.12,831.16,830.9,831.0,328.0,116174.0,116147.0
au2510.SHFE,SHFE.au2510,2025-09-11 13:41:00,130584,831.0,831.1,830.6,830.7,369.0,116147.0,116135.0
au2510.SHFE,SHFE.au2510,2025-09-11 13:42:00,130585,830.7,830.8,830.46,830.46,311.0,116135.0,116169.0
au2510.SHFE,SHFE.au2510,2025-09-11 13:43:00,130586,830.46,830.58,830.3,830.34,318.0,116169.0,116140.0
au2510.SHFE,SHFE.au2510,2025-09-11 13:44:00,130587,830.34,830.52,830.22,830.24,356.0,116140.0,116099.0
au2510.SHFE,SHFE.au2510,2025-09-11 13:45:00,130588,830.24,830.24,829.68,829.84,792.0,116099.0,116140.0
au2510.SHFE,SHFE.au2510,2025-09-11 13:46:00,130589,829.84,829.98,829.72,829.74,446.0,116140.0,116115.0
au2510.SHFE,SHFE.au2510,2025-09-11 13:47:00,130590,829.74,829.76,829.5,829.58,515.0,116115.0,116102.0
au2510.SHFE,SHFE.au2510,2025-09-11 13:48:00,130591,829.58,829.94,829.52,829.86,414.0,116102.0,116038.0
au2510.SHFE,SHFE.au2510,2025-09-11 13:49:00,130592,829.86,830.02,829.7,829.76,398.0,116038.0,115994.0
au2510.SHFE,SHFE.au2510,2025-09-11 13:50:00,130593,829.76,829.92,829.44,829.6,731.0,115994.0,116096.0
au2510.SHFE,SHFE.au2510,2025-09-11 13:51:00,130594,829.6,829.92,829.46,829.52,604.0,116096.0,116190.0
au2510.SHFE,SHFE.au2510,2025-09-11 13:52:00,130595,829.52,829.82,829.06,829.78,499.0,116190.0,116166.0
au2510.SHFE,SHFE.au2510,2025-09-11 13:53:00,130596,829.78,829.82,829.38,829.4,259.0,116166.0,116180.0
au2510.SHFE,SHFE.au2510,2025-09-11 13:54:00,130597,829.4,829.44,829.22,829.28,276.0,116180.0,116185.0
au2510.SHFE,SHFE.au2510,2025-09-11 13:55:00,130598,829.28,829.28,828.76,828.82,814.0,116185.0,116208.0
au2510.SHFE,SHFE.au2510,2025-09-11 13:56:00,130599,828.82,829.58,828.5,829.5,964.0,116208.0,116145.0
au2510.SHFE,SHFE.au2510,2025-09-11 13:57:00,130600,829.5,829.76,829.42,829.42,516.0,116145.0,116061.0
au2510.SHFE,SHFE.au2510,2025-09-11 13:58:00,130601,829.42,829.68,828.96,829.02,552.0,116061.0,116042.0
au2510.SHFE,SHFE.au2510,2025-09-11 13:59:00,130602,829.02,829.28,829.02,829.18,305.0,116042.0,116072.0
au2510.SHFE,SHFE.au2510,2025-09-11 14:00:00,130603,829.18,829.22,828.88,829.06,470.0,116072.0,116041.0
au2510.SHFE,SHFE.au2510,2025-09-11 14:01:00,130604,829.06,829.16,828.72,829.12,472.0,116041.0,116017.0
au2510.SHFE,SHFE.au2510,2025-09-11 14:02:00,130605,829.12,829.6,828.96,829.6,436.0,116017.0,115976.0
au2510.SHFE,SHFE.au2510,2025-09-11 14:03:00,130606,829.6,829.8,829.6,829.78,418.0,115976.0,116012.0
au2510.SHFE,SHFE.au2510,2025-09-11 14:04:00,130607,829.78,829.78,829.36,829.48,370.0,116012.0,115980.0
au2510.SHFE,SHFE.au2510,2025-09-11 14:05:00,130608,829.48,829.76,829.48,829.68,310.0,115980.0,115943.0
au2510.SHFE,SHFE.au2510,2025-09-11 14:06:00,130609,829.68,830.42,829.68,830.42,596.0,115943.0,115920.0
au2510.SHFE,SHFE.au2510,2025-09-11 14:07:00,130610,830.42,830.74,830.38,830.62,904.0,115920.0,115832.0
au2510.SHFE,SHFE.au2510,2025-09-11 14:08:00,130611,830.62,830.76,830.44,830.7,450.0,115832.0,115800.0
au2510.SHFE,SHFE.au2510,2025-09-11 14:09:00,130612,830.7,830.88,830.52,830.72,464.0,115800.0,115729.0
au2510.SHFE,SHFE.au2510,2025-09-11 14:10:00,130613,830.72,831.18,830.72,831.08,710.0,115729.0,115765.0
au2510.SHFE,SHFE.au2510,2025-09-11 14:11:00,130614,831.08,831.14,830.84,830.88,362.0,115765.0,115721.0
au2510.SHFE,SHFE.au2510,2025-09-11 14:12:00,130615,830.88,831.22,830.88,831.1,255.0,115721.0,115715.0
au2510.SHFE,SHFE.au2510,2025-09-11 14:13:00,130616,831.1,831.26,830.94,831.12,325.0,115715.0,115672.0
au2510.SHFE,SHFE.au2510,2025-09-11 14:14:00,130617,831.12,831.16,830.72,830.98,409.0,115672.0,115660.0
au2510.SHFE,SHFE.au2510,2025-09-11 14:15:00,130618,830.98,831.06,830.86,830.94,290.0,115660.0,115658.0
au2510.SHFE,SHFE.au2510,2025-09-11 14:16:00,130619,830.94,831.1,830.8,831.02,268.0,115658.0,115665.0
au2510.SHFE,SHFE.au2510,2025-09-11 14:17:00,130620,831.02,831.04,830.64,830.68,335.0,115665.0,115602.0
au2510.SHFE,SHFE.au2510,2025-09-11 14:18:00,130621,830.68,830.84,830.62,830.84,263.0,115602.0,115595.0
au2510.SHFE,SHFE.au2510,2025-09-11 14:19:00,130622,830.84,831.1,830.84,831.04,255.0,115595.0,115543.0
au2510.SHFE,SHFE.au2510,2025-09-11 14:20:00,130623,831.04,831.1,830.9,831.06,169.0,115543.0,115563.0
au2510.SHFE,SHFE.au2510,2025-09-11 14:21:00,130624,831.06,831.12,830.96,831.04,193.0,115563.0,115581.0
au2510.SHFE,SHFE.au2510,2025-09-11 14:22:00,130625,831.04,831.4,830.98,831.04,406.0,115581.0,115585.0
au2510.SHFE,SHFE.au2510,2025-09-11 14:23:00,130626,831.04,831.04,830.76,830.9,278.0,115585.0,115603.0
au2510.SHFE,SHFE.au2510,2025-09-11 14:24:00,130627,830.9,830.92,830.72,830.8,138.0,115603.0,115577.0
au2510.SHFE,SHFE.au2510,2025-09-11 14:25:00,130628,830.8,831.02,830.64,831.02,210.0,115577.0,115563.0
au2510.SHFE,SHFE.au2510,2025-09-11 14:26:00,130629,831.02,831.24,830.92,831.06,235.0,115563.0,115561.0
au2510.SHFE,SHFE.au2510,2025-09-11 14:27:00,130630,831.06,831.2,831.04,831.12,217.0,115561.0,115575.0
au2510.SHFE,SHFE.au2510,2025-09-11 14:28:00,130631,831.12,831.32,831.06,831.18,412.0,115575.0,115480.0
au2510.SHFE,SHFE.au2510,2025-09-11 14:29:00,130632,831.18,831.22,830.98,831.08,378.0,115480.0,115453.0
au2510.SHFE,SHFE.au2510,2025-09-11 14:30:00,130633,831.08,831.24,831.06,831.18,586.0,115453.0,115241.0
au2510.SHFE,SHFE.au2510,2025-09-11 14:31:00,130634,831.18,831.22,830.88,831.1,369.0,115241.0,115266.0
au2510.SHFE,SHFE.au2510,2025-09-11 14:32:00,130635,831.1,831.1,830.74,830.76,263.0,115266.0,115258.0
au2510.SHFE,SHFE.au2510,2025-09-11 14:33:00,130636,830.76,831.14,830.74,831.02,276.0,115258.0,115205.0
au2510.SHFE,SHFE.au2510,2025-09-11 14:34:00,130637,831.02,831.12,830.84,831.06,217.0,115205.0,115204.0
au2510.SHFE,SHFE.au2510,2025-09-11 14:35:00,130638,831.06,831.4,831.02,831.32,420.0,115204.0,115205.0
au2510.SHFE,SHFE.au2510,2025-09-11 14:36:00,130639,831.32,831.36,830.92,831.02,429.0,115205.0,115173.0
au2510.SHFE,SHFE.au2510,2025-09-11 14:37:00,130640,831.02,831.08,830.9,830.98,165.0,115173.0,115165.0
au2510.SHFE,SHFE.au2510,2025-09-11 14:38:00,130641,830.98,831.1,830.86,831.1,153.0,115165.0,115122.0
au2510.SHFE,SHFE.au2510,2025-09-11 14:39:00,130642,831.1,831.22,830.98,831.06,254.0,115122.0,115063.0
au2510.SHFE,SHFE.au2510,2025-09-11 14:40:00,130643,831.06,831.18,831.0,831.14,122.0,115063.0,115051.0
au2510.SHFE,SHFE.au2510,2025-09-11 14:41:00,130644,831.14,831.32,831.06,831.32,168.0,115051.0,115004.0
au2510.SHFE,SHFE.au2510,2025-09-11 14:42:00,130645,831.32,831.56,831.3,831.38,403.0,115004.0,114986.0
au2510.SHFE,SHFE.au2510,2025-09-11 14:43:00,130646,831.38,831.56,831.36,831.56,357.0,114986.0,114951.0
au2510.SHFE,SHFE.au2510,2025-09-11 14:44:00,130647,831.56,831.62,831.5,831.58,261.0,114951.0,114935.0
au2510.SHFE,SHFE.au2510,2025-09-11 14:45:00,130648,831.58,831.7,831.4,831.7,334.0,114935.0,114930.0
au2510.SHFE,SHFE.au2510,2025-09-11 14:46:00,130649,831.7,831.94,831.5,831.5,429.0,114930.0,114897.0
au2510.SHFE,SHFE.au2510,2025-09-11 14:47:00,130650,831.5,831.68,831.42,831.66,282.0,114897.0,114875.0
au2510.SHFE,SHFE.au2510,2025-09-11 14:48:00,130651,831.66,831.74,831.38,831.38,280.0,114875.0,114824.0
au2510.SHFE,SHFE.au2510,2025-09-11 14:49:00,130652,831.38,831.48,831.28,831.36,276.0,114824.0,114785.0
au2510.SHFE,SHFE.au2510,2025-09-11 14:50:00,130653,831.36,831.36,831.14,831.32,194.0,114785.0,114748.0
au2510.SHFE,SHFE.au2510,2025-09-11 14:51:00,130654,831.32,831.34,831.12,831.24,261.0,114748.0,114752.0
au2510.SHFE,SHFE.au2510,2025-09-11 14:52:00,130655,831.24,831.46,831.14,831.46,189.0,114752.0,114726.0
au2510.SHFE,SHFE.au2510,2025-09-11 14:53:00,130656,831.46,831.48,831.24,831.26,160.0,114726.0,114707.0
au2510.SHFE,SHFE.au2510,2025-09-11 14:54:00,130657,831.26,831.34,831.2,831.2,199.0,114707.0,114694.0
au2510.SHFE,SHFE.au2510,2025-09-11 14:55:00,130658,831.2,831.26,830.92,830.98,345.0,114694.0,114648.0
au2510.SHFE,SHFE.au2510,2025-09-11 14:56:00,130659,830.98,830.98,830.72,830.74,274.0,114648.0,114628.0
au2510.SHFE,SHFE.au2510,2025-09-11 14:57:00,130660,830.74,830.84,830.7,830.74,224.0,114628.0,114558.0
au2510.SHFE,SHFE.au2510,2025-09-11 14:58:00,130661,830.74,830.8,830.68,830.74,420.0,114558.0,114462.0
au2510.SHFE,SHFE.au2510,2025-09-11 14:59:00,130662,830.74,830.88,830.66,830.78,415.0,114462.0,114423.0
au2510.SHFE,SHFE.au2510,2025-09-11 21:00:00,130663,829.52,830.0,829.0,829.88,2612.0,114423.0,114498.0
au2510.SHFE,SHFE.au2510,2025-09-11 21:01:00,130664,829.88,830.44,829.78,830.16,1266.0,114498.0,114603.0
au2510.SHFE,SHFE.au2510,2025-09-11 21:02:00,130665,830.16,830.42,829.84,830.22,957.0,114603.0,114604.0
au2510.SHFE,SHFE.au2510,2025-09-11 21:03:00,130666,830.22,830.62,830.22,830.6,924.0,114604.0,114625.0
au2510.SHFE,SHFE.au2510,2025-09-11 21:04:00,130667,830.6,830.74,829.98,830.16,983.0,114625.0,114610.0
au2510.SHFE,SHFE.au2510,2025-09-11 21:05:00,130668,830.16,830.5,829.98,830.36,566.0,114610.0,114630.0
au2510.SHFE,SHFE.au2510,2025-09-11 21:06:00,130669,830.36,830.5,830.28,830.36,438.0,114630.0,114666.0
au2510.SHFE,SHFE.au2510,2025-09-11 21:07:00,130670,830.36,830.6,830.24,830.46,426.0,114666.0,114649.0
au2510.SHFE,SHFE.au2510,2025-09-11 21:08:00,130671,830.46,830.8,830.4,830.66,492.0,114649.0,114740.0
au2510.SHFE,SHFE.au2510,2025-09-11 21:09:00,130672,830.66,830.74,830.56,830.58,452.0,114740.0,114745.0
au2510.SHFE,SHFE.au2510,2025-09-11 21:10:00,130673,830.58,831.34,830.56,831.3,783.0,114745.0,114713.0
au2510.SHFE,SHFE.au2510,2025-09-11 21:11:00,130674,831.3,831.4,831.06,831.08,822.0,114713.0,114701.0
au2510.SHFE,SHFE.au2510,2025-09-11 21:12:00,130675,831.08,831.34,831.04,831.2,495.0,114701.0,114660.0
au2510.SHFE,SHFE.au2510,2025-09-11 21:13:00,130676,831.2,831.2,830.84,830.9,623.0,114660.0,114782.0
au2510.SHFE,SHFE.au2510,2025-09-11 21:14:00,130677,830.9,830.92,830.36,830.68,683.0,114782.0,114796.0
au2510.SHFE,SHFE.au2510,2025-09-11 21:15:00,130678,830.68,830.72,830.22,830.32,493.0,114796.0,114737.0
au2510.SHFE,SHFE.au2510,2025-09-11 21:16:00,130679,830.32,830.34,829.66,829.66,1017.0,114737.0,114759.0
au2510.SHFE,SHFE.au2510,2025-09-11 21:17:00,130680,829.66,829.68,828.22,828.38,1452.0,114759.0,114786.0
au2510.SHFE,SHFE.au2510,2025-09-11 21:18:00,130681,828.38,828.84,828.38,828.54,1791.0,114786.0,114729.0
au2510.SHFE,SHFE.au2510,2025-09-11 21:19:00,130682,828.54,828.92,828.0,828.38,1518.0,114729.0,114772.0
au2510.SHFE,SHFE.au2510,2025-09-11 21:20:00,130683,828.38,828.54,827.68,828.12,1538.0,114772.0,114748.0
au2510.SHFE,SHFE.au2510,2025-09-11 21:21:00,130684,828.12,828.16,827.0,827.86,2511.0,114748.0,114549.0
au2510.SHFE,SHFE.au2510,2025-09-11 21:22:00,130685,827.86,828.34,827.76,828.34,1065.0,114549.0,114479.0
au2510.SHFE,SHFE.au2510,2025-09-11 21:23:00,130686,828.34,828.96,828.34,828.96,1228.0,114479.0,114432.0
au2510.SHFE,SHFE.au2510,2025-09-11 21:24:00,130687,828.96,829.2,828.54,828.54,895.0,114432.0,114380.0
au2510.SHFE,SHFE.au2510,2025-09-11 21:25:00,130688,828.54,828.7,828.1,828.1,897.0,114380.0,114336.0
au2510.SHFE,SHFE.au2510,2025-09-11 21:26:00,130689,828.1,828.28,827.56,827.66,1234.0,114336.0,114287.0
au2510.SHFE,SHFE.au2510,2025-09-11 21:27:00,130690,827.66,827.86,827.36,827.5,1035.0,114287.0,114308.0
au2510.SHFE,SHFE.au2510,2025-09-11 21:28:00,130691,827.5,827.92,827.38,827.6,857.0,114308.0,114336.0
au2510.SHFE,SHFE.au2510,2025-09-11 21:29:00,130692,827.6,827.84,827.32,827.32,961.0,114336.0,114435.0
au2510.SHFE,SHFE.au2510,2025-09-11 21:30:00,130693,827.32,828.12,827.32,827.98,1070.0,114435.0,114292.0
au2510.SHFE,SHFE.au2510,2025-09-11 21:31:00,130694,827.98,828.42,827.82,828.4,801.0,114292.0,114210.0
au2510.SHFE,SHFE.au2510,2025-09-11 21:32:00,130695,828.4,828.68,828.38,828.38,785.0,114210.0,114203.0
au2510.SHFE,SHFE.au2510,2025-09-11 21:33:00,130696,828.38,828.6,828.14,828.2,636.0,114203.0,114151.0
au2510.SHFE,SHFE.au2510,2025-09-11 21:34:00,130697,828.2,828.32,827.48,827.62,876.0,114151.0,114121.0
au2510.SHFE,SHFE.au2510,2025-09-11 21:35:00,130698,827.62,827.66,827.16,827.16,938.0,114121.0,114156.0
au2510.SHFE,SHFE.au2510,2025-09-11 21:36:00,130699,827.16,827.52,826.64,827.18,2265.0,114156.0,114126.0
au2510.SHFE,SHFE.au2510,2025-09-11 21:37:00,130700,827.18,827.56,826.68,826.82,891.0,114126.0,114175.0
au2510.SHFE,SHFE.au2510,2025-09-11 21:38:00,130701,826.82,827.6,826.82,827.52,821.0,114175.0,114167.0
au2510.SHFE,SHFE.au2510,2025-09-11 21:39:00,130702,827.52,828.04,827.32,827.86,729.0,114167.0,114111.0
au2510.SHFE,SHFE.au2510,2025-09-11 21:40:00,130703,827.86,827.9,827.46,827.68,626.0,114111.0,114092.0
au2510.SHFE,SHFE.au2510,2025-09-11 21:41:00,130704,827.68,828.4,827.68,828.34,745.0,114092.0,114039.0
au2510.SHFE,SHFE.au2510,2025-09-11 21:42:00,130705,828.34,828.86,828.3,828.66,975.0,114039.0,114014.0
au2510.SHFE,SHFE.au2510,2025-09-11 21:43:00,130706,828.66,828.78,828.5,828.74,791.0,114014.0,114017.0
au2510.SHFE,SHFE.au2510,2025-09-11 21:44:00,130707,828.74,829.08,828.68,828.68,791.0,114017.0,114002.0
au2510.SHFE,SHFE.au2510,2025-09-11 21:45:00,130708,828.68,829.04,828.36,828.4,646.0,114002.0,113958.0
au2510.SHFE,SHFE.au2510,2025-09-11 21:46:00,130709,828.4,829.02,828.2,828.98,799.0,113958.0,113900.0
au2510.SHFE,SHFE.au2510,2025-09-11 21:47:00,130710,828.98,829.44,828.96,829.32,920.0,113900.0,113938.0
au2510.SHFE,SHFE.au2510,2025-09-11 21:48:00,130711,829.32,829.58,829.24,829.28,680.0,113938.0,113988.0
au2510.SHFE,SHFE.au2510,2025-09-11 21:49:00,130712,829.28,829.28,828.8,828.84,586.0,113988.0,113965.0
au2510.SHFE,SHFE.au2510,2025-09-11 21:50:00,130713,828.84,829.2,828.76,829.2,540.0,113965.0,113977.0
au2510.SHFE,SHFE.au2510,2025-09-11 21:51:00,130714,829.2,829.32,828.98,829.3,299.0,113977.0,113976.0
au2510.SHFE,SHFE.au2510,2025-09-11 21:52:00,130715,829.3,829.7,829.22,829.58,510.0,113976.0,113926.0
au2510.SHFE,SHFE.au2510,2025-09-11 21:53:00,130716,829.58,829.58,829.26,829.4,331.0,113926.0,113924.0
au2510.SHFE,SHFE.au2510,2025-09-11 21:54:00,130717,829.4,829.46,829.28,829.38,272.0,113924.0,113935.0
au2510.SHFE,SHFE.au2510,2025-09-11 21:55:00,130718,829.38,829.6,829.22,829.6,298.0,113935.0,113936.0
au2510.SHFE,SHFE.au2510,2025-09-11 21:56:00,130719,829.6,829.78,829.38,829.76,377.0,113936.0,113923.0
au2510.SHFE,SHFE.au2510,2025-09-11 21:57:00,130720,829.76,829.76,829.42,829.44,441.0,113923.0,113829.0
au2510.SHFE,SHFE.au2510,2025-09-11 21:58:00,130721,829.44,829.54,829.28,829.28,445.0,113829.0,113850.0
au2510.SHFE,SHFE.au2510,2025-09-11 21:59:00,130722,829.28,829.32,828.9,828.94,864.0,113850.0,113737.0
au2510.SHFE,SHFE.au2510,2025-09-11 22:00:00,130723,828.94,829.38,828.8,829.06,815.0,113737.0,113699.0
au2510.SHFE,SHFE.au2510,2025-09-11 22:01:00,130724,829.06,829.06,828.48,828.5,560.0,113699.0,113676.0
au2510.SHFE,SHFE.au2510,2025-09-11 22:02:00,130725,828.5,829.02,828.38,829.0,769.0,113676.0,113611.0
au2510.SHFE,SHFE.au2510,2025-09-11 22:03:00,130726,829.0,829.0,828.66,828.68,449.0,113611.0,113544.0
au2510.SHFE,SHFE.au2510,2025-09-11 22:04:00,130727,828.68,828.7,827.8,828.06,908.0,113544.0,113465.0
au2510.SHFE,SHFE.au2510,2025-09-11 22:05:00,130728,828.06,828.38,827.88,828.3,845.0,113465.0,113589.0
au2510.SHFE,SHFE.au2510,2025-09-11 22:06:00,130729,828.3,829.06,828.26,828.9,675.0,113589.0,113599.0
au2510.SHFE,SHFE.au2510,2025-09-11 22:07:00,130730,828.9,829.28,828.88,829.12,674.0,113599.0,113538.0
au2510.SHFE,SHFE.au2510,2025-09-11 22:08:00,130731,829.12,829.46,829.08,829.38,399.0,113538.0,113543.0
au2510.SHFE,SHFE.au2510,2025-09-11 22:09:00,130732,829.38,829.6,829.3,829.34,576.0,113543.0,113628.0
au2510.SHFE,SHFE.au2510,2025-09-11 22:10:00,130733,829.34,829.42,829.12,829.42,283.0,113628.0,113666.0
au2510.SHFE,SHFE.au2510,2025-09-11 22:11:00,130734,829.42,829.44,829.18,829.34,283.0,113666.0,113645.0
au2510.SHFE,SHFE.au2510,2025-09-11 22:12:00,130735,829.34,829.6,829.34,829.54,520.0,113645.0,113567.0
au2510.SHFE,SHFE.au2510,2025-09-11 22:13:00,130736,829.54,829.7,829.52,829.62,450.0,113567.0,113504.0
au2510.SHFE,SHFE.au2510,2025-09-11 22:14:00,130737,829.62,829.72,829.56,829.6,433.0,113504.0,113442.0
au2510.SHFE,SHFE.au2510,2025-09-11 22:15:00,130738,829.6,829.86,829.6,829.7,370.0,113442.0,113454.0
au2510.SHFE,SHFE.au2510,2025-09-11 22:16:00,130739,829.7,829.9,829.58,829.76,271.0,113454.0,113413.0
au2510.SHFE,SHFE.au2510,2025-09-11 22:17:00,130740,829.76,829.9,829.62,829.9,315.0,113413.0,113473.0
au2510.SHFE,SHFE.au2510,2025-09-11 22:18:00,130741,829.9,830.46,829.86,830.38,936.0,113473.0,113469.0
au2510.SHFE,SHFE.au2510,2025-09-11 22:19:00,130742,830.38,830.42,830.1,830.22,387.0,113469.0,113474.0
au2510.SHFE,SHFE.au2510,2025-09-11 22:20:00,130743,830.22,830.3,829.72,830.02,517.0,113474.0,113409.0
au2510.SHFE,SHFE.au2510,2025-09-11 22:21:00,130744,830.02,830.06,829.8,829.84,326.0,113409.0,113421.0
au2510.SHFE,SHFE.au2510,2025-09-11 22:22:00,130745,829.84,830.12,829.66,830.02,322.0,113421.0,113438.0
au2510.SHFE,SHFE.au2510,2025-09-11 22:23:00,130746,830.02,830.02,829.84,829.96,196.0,113438.0,113476.0
au2510.SHFE,SHFE.au2510,2025-09-11 22:24:00,130747,829.96,830.2,829.88,830.2,261.0,113476.0,113511.0
au2510.SHFE,SHFE.au2510,2025-09-11 22:25:00,130748,830.2,830.48,830.16,830.44,418.0,113511.0,113461.0
au2510.SHFE,SHFE.au2510,2025-09-11 22:26:00,130749,830.44,830.5,830.28,830.3,346.0,113461.0,113484.0
au2510.SHFE,SHFE.au2510,2025-09-11 22:27:00,130750,830.3,830.38,830.14,830.22,275.0,113484.0,113518.0
au2510.SHFE,SHFE.au2510,2025-09-11 22:28:00,130751,830.22,830.3,829.76,829.96,418.0,113518.0,113502.0
au2510.SHFE,SHFE.au2510,2025-09-11 22:29:00,130752,829.96,830.06,829.88,829.88,263.0,113502.0,113528.0
au2510.SHFE,SHFE.au2510,2025-09-11 22:30:00,130753,829.88,829.96,829.5,829.68,420.0,113528.0,113512.0
au2510.SHFE,SHFE.au2510,2025-09-11 22:31:00,130754,829.68,830.16,829.68,829.98,301.0,113512.0,113501.0
au2510.SHFE,SHFE.au2510,2025-09-11 22:32:00,130755,829.98,830.0,829.72,829.86,202.0,113501.0,113490.0
au2510.SHFE,SHFE.au2510,2025-09-11 22:33:00,130756,829.86,829.92,829.6,829.68,322.0,113490.0,113488.0
au2510.SHFE,SHFE.au2510,2025-09-11 22:34:00,130757,829.68,829.84,829.56,829.74,230.0,113488.0,113488.0
au2510.SHFE,SHFE.au2510,2025-09-11 22:35:00,130758,829.74,829.88,829.2,829.34,465.0,113488.0,113455.0
au2510.SHFE,SHFE.au2510,2025-09-11 22:36:00,130759,829.34,829.64,829.34,829.6,290.0,113455.0,113462.0
au2510.SHFE,SHFE.au2510,2025-09-11 22:37:00,130760,829.6,829.76,829.56,829.68,232.0,113462.0,113433.0
au2510.SHFE,SHFE.au2510,2025-09-11 22:38:00,130761,829.68,829.7,829.26,829.28,244.0,113433.0,113399.0
au2510.SHFE,SHFE.au2510,2025-09-11 22:39:00,130762,829.28,829.38,829.16,829.18,297.0,113399.0,113403.0
au2510.SHFE,SHFE.au2510,2025-09-11 22:40:00,130763,829.18,829.28,828.98,829.06,419.0,113403.0,113397.0
au2510.SHFE,SHFE.au2510,2025-09-11 22:41:00,130764,829.06,829.12,828.92,829.08,335.0,113397.0,113365.0
au2510.SHFE,SHFE.au2510,2025-09-11 22:42:00,130765,829.08,829.28,829.06,829.08,272.0,113365.0,113365.0
au2510.SHFE,SHFE.au2510,2025-09-11 22:43:00,130766,829.08,829.2,828.68,828.68,260.0,113365.0,113385.0
au2510.SHFE,SHFE.au2510,2025-09-11 22:44:00,130767,828.68,828.68,828.28,828.38,831.0,113385.0,113295.0
au2510.SHFE,SHFE.au2510,2025-09-11 22:45:00,130768,828.38,828.62,828.34,828.56,478.0,113295.0,113276.0
au2510.SHFE,SHFE.au2510,2025-09-11 22:46:00,130769,828.56,828.6,828.32,828.42,564.0,113276.0,113172.0
au2510.SHFE,SHFE.au2510,2025-09-11 22:47:00,130770,828.42,828.84,828.42,828.76,491.0,113172.0,113149.0
au2510.SHFE,SHFE.au2510,2025-09-11 22:48:00,130771,828.76,828.82,828.62,828.72,294.0,113149.0,113190.0
au2510.SHFE,SHFE.au2510,2025-09-11 22:49:00,130772,828.72,829.1,828.52,829.0,466.0,113190.0,113164.0
au2510.SHFE,SHFE.au2510,2025-09-11 22:50:00,130773,829.0,829.26,829.0,829.2,376.0,113164.0,113146.0
au2510.SHFE,SHFE.au2510,2025-09-11 22:51:00,130774,829.2,829.28,829.12,829.16,221.0,113146.0,113147.0
au2510.SHFE,SHFE.au2510,2025-09-11 22:52:00,130775,829.16,829.16,828.98,829.06,260.0,113147.0,113155.0
au2510.SHFE,SHFE.au2510,2025-09-11 22:53:00,130776,829.06,829.18,828.9,828.94,200.0,113155.0,113158.0
au2510.SHFE,SHFE.au2510,2025-09-11 22:54:00,130777,828.94,828.94,828.62,828.78,388.0,113158.0,113168.0
au2510.SHFE,SHFE.au2510,2025-09-11 22:55:00,130778,828.78,829.02,828.58,829.02,254.0,113168.0,113169.0
au2510.SHFE,SHFE.au2510,2025-09-11 22:56:00,130779,829.02,829.12,828.82,828.84,208.0,113169.0,113180.0
au2510.SHFE,SHFE.au2510,2025-09-11 22:57:00,130780,828.84,829.04,828.8,828.94,119.0,113180.0,113183.0
au2510.SHFE,SHFE.au2510,2025-09-11 22:58:00,130781,828.94,829.04,828.9,829.02,134.0,113183.0,113174.0
au2510.SHFE,SHFE.au2510,2025-09-11 22:59:00,130782,829.02,829.12,829.0,829.1,159.0,113174.0,113178.0
au2510.SHFE,SHFE.au2510,2025-09-11 23:00:00,130783,829.1,829.42,829.1,829.38,389.0,113178.0,113167.0
au2510.SHFE,SHFE.au2510,2025-09-11 23:01:00,130784,829.38,829.48,829.32,829.34,287.0,113167.0,113210.0
au2510.SHFE,SHFE.au2510,2025-09-11 23:02:00,130785,829.34,829.84,829.28,829.72,453.0,113210.0,113205.0
au2510.SHFE,SHFE.au2510,2025-09-11 23:03:00,130786,829.72,829.88,829.62,829.8,258.0,113205.0,113179.0
au2510.SHFE,SHFE.au2510,2025-09-11 23:04:00,130787,829.8,829.86,829.66,829.78,253.0,113179.0,113177.0
au2510.SHFE,SHFE.au2510,2025-09-11 23:05:00,130788,829.78,829.94,829.62,829.84,264.0,113177.0,113111.0
au2510.SHFE,SHFE.au2510,2025-09-11 23:06:00,130789,829.84,829.92,829.82,829.9,155.0,113111.0,113109.0
au2510.SHFE,SHFE.au2510,2025-09-11 23:07:00,130790,829.9,829.92,829.82,829.92,128.0,113109.0,113079.0
au2510.SHFE,SHFE.au2510,2025-09-11 23:08:00,130791,829.92,830.1,829.68,829.74,442.0,113079.0,113052.0
au2510.SHFE,SHFE.au2510,2025-09-11 23:09:00,130792,829.74,829.78,829.6,829.62,260.0,113052.0,113031.0
au2510.SHFE,SHFE.au2510,2025-09-11 23:10:00,130793,829.62,829.78,829.58,829.64,343.0,113031.0,112942.0
au2510.SHFE,SHFE.au2510,2025-09-11 23:11:00,130794,829.64,829.78,829.64,829.7,185.0,112942.0,112921.0
au2510.SHFE,SHFE.au2510,2025-09-11 23:12:00,130795,829.7,829.96,829.7,829.86,242.0,112921.0,112951.0
au2510.SHFE,SHFE.au2510,2025-09-11 23:13:00,130796,829.86,829.94,829.86,829.9,131.0,112951.0,112956.0
au2510.SHFE,SHFE.au2510,2025-09-11 23:14:00,130797,829.9,829.96,829.86,829.94,101.0,112956.0,112965.0
au2510.SHFE,SHFE.au2510,2025-09-11 23:15:00,130798,829.94,830.18,829.94,830.12,310.0,112965.0,112982.0
au2510.SHFE,SHFE.au2510,2025-09-11 23:16:00,130799,830.12,830.22,830.02,830.2,180.0,112982.0,112997.0
au2510.SHFE,SHFE.au2510,2025-09-11 23:17:00,130800,830.2,830.34,830.12,830.26,250.0,112997.0,113054.0
au2510.SHFE,SHFE.au2510,2025-09-11 23:18:00,130801,830.26,830.36,830.2,830.26,236.0,113054.0,113055.0
au2510.SHFE,SHFE.au2510,2025-09-11 23:19:00,130802,830.26,830.34,830.2,830.3,243.0,113055.0,113082.0
au2510.SHFE,SHFE.au2510,2025-09-11 23:20:00,130803,830.3,830.36,830.1,830.24,185.0,113082.0,113090.0
au2510.SHFE,SHFE.au2510,2025-09-11 23:21:00,130804,830.24,830.44,830.24,830.26,261.0,113090.0,113137.0
au2510.SHFE,SHFE.au2510,2025-09-11 23:22:00,130805,830.26,830.46,830.16,830.18,262.0,113137.0,113156.0
au2510.SHFE,SHFE.au2510,2025-09-11 23:23:00,130806,830.18,830.42,830.18,830.38,227.0,113156.0,113166.0
au2510.SHFE,SHFE.au2510,2025-09-11 23:24:00,130807,830.38,830.6,830.38,830.58,339.0,113166.0,113185.0
au2510.SHFE,SHFE.au2510,2025-09-11 23:25:00,130808,830.58,830.62,830.38,830.44,251.0,113185.0,113220.0
au2510.SHFE,SHFE.au2510,2025-09-11 23:26:00,130809,830.44,830.44,830.02,830.06,405.0,113220.0,113198.0
au2510.SHFE,SHFE.au2510,2025-09-11 23:27:00,130810,830.06,830.18,830.04,830.14,385.0,113198.0,113250.0
au2510.SHFE,SHFE.au2510,2025-09-11 23:28:00,130811,830.14,830.14,829.94,830.02,205.0,113250.0,113237.0
au2510.SHFE,SHFE.au2510,2025-09-11 23:29:00,130812,830.02,830.14,829.98,830.02,330.0,113237.0,113282.0
au2510.SHFE,SHFE.au2510,2025-09-11 23:30:00,130813,830.02,830.12,829.9,830.0,265.0,113282.0,113304.0
au2510.SHFE,SHFE.au2510,2025-09-11 23:31:00,130814,830.0,830.12,829.98,830.08,110.0,113304.0,113325.0
au2510.SHFE,SHFE.au2510,2025-09-11 23:32:00,130815,830.08,830.4,830.08,830.34,285.0,113325.0,113322.0
au2510.SHFE,SHFE.au2510,2025-09-11 23:33:00,130816,830.34,830.36,830.22,830.26,143.0,113322.0,113339.0
au2510.SHFE,SHFE.au2510,2025-09-11 23:34:00,130817,830.26,830.26,830.02,830.02,139.0,113339.0,113337.0
au2510.SHFE,SHFE.au2510,2025-09-11 23:35:00,130818,830.02,830.1,829.88,829.9,194.0,113337.0,113331.0
au2510.SHFE,SHFE.au2510,2025-09-11 23:36:00,130819,829.9,829.96,829.78,829.84,171.0,113331.0,113324.0
au2510.SHFE,SHFE.au2510,2025-09-11 23:37:00,130820,829.84,829.86,829.72,829.8,213.0,113324.0,113355.0
au2510.SHFE,SHFE.au2510,2025-09-11 23:38:00,130821,829.8,829.88,829.78,829.82,92.0,113355.0,113338.0
au2510.SHFE,SHFE.au2510,2025-09-11 23:39:00,130822,829.82,830.0,829.82,829.96,135.0,113338.0,113313.0
au2510.SHFE,SHFE.au2510,2025-09-11 23:40:00,130823,829.96,830.12,829.9,830.12,177.0,113313.0,113319.0
au2510.SHFE,SHFE.au2510,2025-09-11 23:41:00,130824,830.12,830.12,829.86,829.88,183.0,113319.0,113307.0
au2510.SHFE,SHFE.au2510,2025-09-11 23:42:00,130825,829.88,830.0,829.86,829.98,90.0,113307.0,113295.0
au2510.SHFE,SHFE.au2510,2025-09-11 23:43:00,130826,829.98,830.04,829.9,829.96,77.0,113295.0,113296.0
au2510.SHFE,SHFE.au2510,2025-09-11 23:44:00,130827,829.96,829.96,829.8,829.94,112.0,113296.0,113304.0
au2510.SHFE,SHFE.au2510,2025-09-11 23:45:00,130828,829.94,829.94,829.74,829.8,134.0,113304.0,113262.0
au2510.SHFE,SHFE.au2510,2025-09-11 23:46:00,130829,829.8,829.8,829.62,829.74,231.0,113262.0,113224.0
au2510.SHFE,SHFE.au2510,2025-09-11 23:47:00,130830,829.74,829.76,829.66,829.7,79.0,113224.0,113217.0
au2510.SHFE,SHFE.au2510,2025-09-11 23:48:00,130831,829.7,829.74,829.54,829.6,208.0,113217.0,113171.0
au2510.SHFE,SHFE.au2510,2025-09-11 23:49:00,130832,829.6,829.6,829.46,829.54,261.0,113171.0,113157.0
au2510.SHFE,SHFE.au2510,2025-09-11 23:50:00,130833,829.54,829.64,829.38,829.54,188.0,113157.0,113140.0
au2510.SHFE,SHFE.au2510,2025-09-11 23:51:00,130834,829.54,829.8,829.54,829.68,256.0,113140.0,113060.0
au2510.SHFE,SHFE.au2510,2025-09-11 23:52:00,130835,829.68,829.72,829.56,829.56,108.0,113060.0,113046.0
au2510.SHFE,SHFE.au2510,2025-09-11 23:53:00,130836,829.56,829.7,829.56,829.66,81.0,113046.0,113014.0
au2510.SHFE,SHFE.au2510,2025-09-11 23:54:00,130837,829.66,829.66,829.5,829.54,125.0,113014.0,113003.0
au2510.SHFE,SHFE.au2510,2025-09-11 23:55:00,130838,829.54,829.68,829.54,829.58,90.0,113003.0,112974.0
au2510.SHFE,SHFE.au2510,2025-09-11 23:56:00,130839,829.58,829.7,829.44,829.44,143.0,112974.0,112966.0
au2510.SHFE,SHFE.au2510,2025-09-11 23:57:00,130840,829.44,829.48,829.32,829.46,175.0,112966.0,112952.0
au2510.SHFE,SHFE.au2510,2025-09-11 23:58:00,130841,829.46,829.7,829.46,829.66,105.0,112952.0,112955.0
au2510.SHFE,SHFE.au2510,2025-09-11 23:59:00,130842,829.66,829.92,829.64,829.82,345.0,112955.0,112879.0
au2510.SHFE,SHFE.au2510,2025-09-12 00:00:00,130843,829.82,829.98,829.8,829.86,221.0,112879.0,112884.0
au2510.SHFE,SHFE.au2510,2025-09-12 00:01:00,130844,829.86,830.08,829.82,830.08,181.0,112884.0,112856.0
au2510.SHFE,SHFE.au2510,2025-09-12 00:02:00,130845,830.08,830.32,830.0,830.28,255.0,112856.0,112871.0
au2510.SHFE,SHFE.au2510,2025-09-12 00:03:00,130846,830.28,830.42,830.28,830.28,287.0,112871.0,112887.0
au2510.SHFE,SHFE.au2510,2025-09-12 00:04:00,130847,830.28,830.32,830.14,830.14,177.0,112887.0,112868.0
au2510.SHFE,SHFE.au2510,2025-09-12 00:05:00,130848,830.14,830.36,830.14,830.22,176.0,112868.0,112866.0
au2510.SHFE,SHFE.au2510,2025-09-12 00:06:00,130849,830.22,830.4,830.2,830.38,125.0,112866.0,112848.0
au2510.SHFE,SHFE.au2510,2025-09-12 00:07:00,130850,830.38,830.46,830.24,830.42,139.0,112848.0,112867.0
au2510.SHFE,SHFE.au2510,2025-09-12 00:08:00,130851,830.42,830.68,830.42,830.62,431.0,112867.0,112965.0
au2510.SHFE,SHFE.au2510,2025-09-12 00:09:00,130852,830.62,830.76,830.54,830.76,258.0,112965.0,112992.0
au2510.SHFE,SHFE.au2510,2025-09-12 00:10:00,130853,830.76,830.92,830.7,830.72,449.0,112992.0,113035.0
au2510.SHFE,SHFE.au2510,2025-09-12 00:11:00,130854,830.72,831.12,830.7,830.94,517.0,113035.0,113037.0
au2510.SHFE,SHFE.au2510,2025-09-12 00:12:00,130855,830.94,831.12,830.9,831.12,225.0,113037.0,113036.0
au2510.SHFE,SHFE.au2510,2025-09-12 00:13:00,130856,831.12,831.22,831.08,831.18,225.0,113036.0,113071.0
au2510.SHFE,SHFE.au2510,2025-09-12 00:14:00,130857,831.18,831.18,830.82,830.84,411.0,113071.0,113076.0
au2510.SHFE,SHFE.au2510,2025-09-12 00:15:00,130858,830.84,831.06,830.48,830.5,366.0,113076.0,113033.0
au2510.SHFE,SHFE.au2510,2025-09-12 00:16:00,130859,830.5,830.78,830.46,830.58,297.0,113033.0,112997.0
au2510.SHFE,SHFE.au2510,2025-09-12 00:17:00,130860,830.58,830.58,830.4,830.58,254.0,112997.0,113004.0
au2510.SHFE,SHFE.au2510,2025-09-12 00:18:00,130861,830.58,830.6,830.3,830.36,241.0,113004.0,112997.0
au2510.SHFE,SHFE.au2510,2025-09-12 00:19:00,130862,830.36,830.38,830.16,830.36,275.0,112997.0,112992.0
au2510.SHFE,SHFE.au2510,2025-09-12 00:20:00,130863,830.36,830.44,830.2,830.36,182.0,112992.0,112971.0
au2510.SHFE,SHFE.au2510,2025-09-12 00:21:00,130864,830.36,830.58,830.34,830.52,160.0,112971.0,112957.0
au2510.SHFE,SHFE.au2510,2025-09-12 00:22:00,130865,830.52,830.52,830.38,830.52,97.0,112957.0,112963.0
au2510.SHFE,SHFE.au2510,2025-09-12 00:23:00,130866,830.52,830.7,830.48,830.7,187.0,112963.0,112951.0
au2510.SHFE,SHFE.au2510,2025-09-12 00:24:00,130867,830.7,830.82,830.66,830.72,268.0,112951.0,112906.0
au2510.SHFE,SHFE.au2510,2025-09-12 00:25:00,130868,830.72,830.76,830.4,830.56,121.0,112906.0,112879.0
au2510.SHFE,SHFE.au2510,2025-09-12 00:26:00,130869,830.56,830.6,830.5,830.52,72.0,112879.0,112887.0
au2510.SHFE,SHFE.au2510,2025-09-12 00:27:00,130870,830.52,830.6,830.46,830.54,86.0,112887.0,112862.0
au2510.SHFE,SHFE.au2510,2025-09-12 00:28:00,130871,830.54,830.58,830.46,830.48,56.0,112862.0,112867.0
au2510.SHFE,SHFE.au2510,2025-09-12 00:29:00,130872,830.48,830.5,830.28,830.4,96.0,112867.0,112854.0
au2510.SHFE,SHFE.au2510,2025-09-12 00:30:00,130873,830.4,830.68,830.4,830.66,132.0,112854.0,112856.0
au2510.SHFE,SHFE.au2510,2025-09-12 00:31:00,130874,830.66,830.66,830.34,830.42,112.0,112856.0,112851.0
au2510.SHFE,SHFE.au2510,2025-09-12 00:32:00,130875,830.42,830.42,830.3,830.4,107.0,112851.0,112849.0
au2510.SHFE,SHFE.au2510,2025-09-12 00:33:00,130876,830.4,830.42,830.26,830.3,106.0,112849.0,112854.0
au2510.SHFE,SHFE.au2510,2025-09-12 00:34:00,130877,830.3,830.52,830.26,830.46,175.0,112854.0,112836.0
au2510.SHFE,SHFE.au2510,2025-09-12 00:35:00,130878,830.46,830.64,830.46,830.6,120.0,112836.0,112822.0
au2510.SHFE,SHFE.au2510,2025-09-12 00:36:00,130879,830.6,830.72,830.56,830.62,95.0,112822.0,112849.0
au2510.SHFE,SHFE.au2510,2025-09-12 00:37:00,130880,830.62,830.66,830.42,830.6,117.0,112849.0,112852.0
au2510.SHFE,SHFE.au2510,2025-09-12 00:38:00,130881,830.6,830.78,830.58,830.6,82.0,112852.0,112843.0
au2510.SHFE,SHFE.au2510,2025-09-12 00:39:00,130882,830.6,830.62,830.18,830.2,139.0,112843.0,112821.0
au2510.SHFE,SHFE.au2510,2025-09-12 00:40:00,130883,830.2,830.2,829.82,830.08,396.0,112821.0,112732.0
au2510.SHFE,SHFE.au2510,2025-09-12 00:41:00,130884,830.08,830.32,830.08,830.22,179.0,112732.0,112755.0
au2510.SHFE,SHFE.au2510,2025-09-12 00:42:00,130885,830.22,830.3,830.16,830.22,84.0,112755.0,112755.0
au2510.SHFE,SHFE.au2510,2025-09-12 00:43:00,130886,830.22,830.4,830.22,830.28,115.0,112755.0,112774.0
au2510.SHFE,SHFE.au2510,2025-09-12 00:44:00,130887,830.28,830.3,830.02,830.06,94.0,112774.0,112772.0
au2510.SHFE,SHFE.au2510,2025-09-12 00:45:00,130888,830.06,830.16,829.9,830.14,157.0,112772.0,112755.0
au2510.SHFE,SHFE.au2510,2025-09-12 00:46:00,130889,830.14,830.14,829.98,830.06,79.0,112755.0,112777.0
au2510.SHFE,SHFE.au2510,2025-09-12 00:47:00,130890,830.06,830.2,829.98,829.98,130.0,112777.0,112766.0
au2510.SHFE,SHFE.au2510,2025-09-12 00:48:00,130891,829.98,830.0,829.7,829.94,231.0,112766.0,112732.0
au2510.SHFE,SHFE.au2510,2025-09-12 00:49:00,130892,829.94,830.16,829.9,830.14,79.0,112732.0,112727.0
au2510.SHFE,SHFE.au2510,2025-09-12 00:50:00,130893,830.14,830.14,829.98,830.1,82.0,112727.0,112725.0
au2510.SHFE,SHFE.au2510,2025-09-12 00:51:00,130894,830.1,830.24,830.08,830.08,113.0,112725.0,112727.0
au2510.SHFE,SHFE.au2510,2025-09-12 00:52:00,130895,830.08,830.18,830.04,830.04,47.0,112727.0,112729.0
au2510.SHFE,SHFE.au2510,2025-09-12 00:53:00,130896,830.04,830.18,830.0,830.16,101.0,112729.0,112749.0
au2510.SHFE,SHFE.au2510,2025-09-12 00:54:00,130897,830.16,830.3,830.16,830.26,70.0,112749.0,112747.0
au2510.SHFE,SHFE.au2510,2025-09-12 00:55:00,130898,830.26,830.28,830.14,830.28,82.0,112747.0,112760.0
au2510.SHFE,SHFE.au2510,2025-09-12 00:56:00,130899,830.28,830.32,830.22,830.28,55.0,112760.0,112765.0
au2510.SHFE,SHFE.au2510,2025-09-12 00:57:00,130900,830.28,830.3,830.2,830.3,45.0,112765.0,112763.0
au2510.SHFE,SHFE.au2510,2025-09-12 00:58:00,130901,830.3,830.32,830.24,830.26,41.0,112763.0,112764.0
au2510.SHFE,SHFE.au2510,2025-09-12 00:59:00,130902,830.26,830.26,830.12,830.22,62.0,112764.0,112751.0
au2510.SHFE,SHFE.au2510,2025-09-12 01:00:00,130903,830.22,830.24,830.14,830.18,35.0,112751.0,112745.0
au2510.SHFE,SHFE.au2510,2025-09-12 01:01:00,130904,830.18,830.18,830.12,830.16,58.0,112745.0,112741.0
au2510.SHFE,SHFE.au2510,2025-09-12 01:02:00,130905,830.16,830.16,829.94,830.06,105.0,112741.0,112744.0
au2510.SHFE,SHFE.au2510,2025-09-12 01:03:00,130906,830.06,830.06,829.76,829.8,194.0,112744.0,112761.0
au2510.SHFE,SHFE.au2510,2025-09-12 01:04:00,130907,829.8,829.82,829.62,829.72,189.0,112761.0,112724.0
au2510.SHFE,SHFE.au2510,2025-09-12 01:05:00,130908,829.72,829.94,829.64,829.94,179.0,112724.0,112704.0
au2510.SHFE,SHFE.au2510,2025-09-12 01:06:00,130909,829.94,829.96,829.76,829.84,100.0,112704.0,112714.0
au2510.SHFE,SHFE.au2510,2025-09-12 01:07:00,130910,829.84,829.92,829.8,829.88,39.0,112714.0,112716.0
au2510.SHFE,SHFE.au2510,2025-09-12 01:08:00,130911,829.88,829.88,829.8,829.84,26.0,112716.0,112712.0
au2510.SHFE,SHFE.au2510,2025-09-12 01:09:00,130912,829.84,829.94,829.74,829.74,106.0,112712.0,112695.0
au2510.SHFE,SHFE.au2510,2025-09-12 01:10:00,130913,829.74,829.82,829.62,829.66,113.0,112695.0,112682.0
au2510.SHFE,SHFE.au2510,2025-09-12 01:11:00,130914,829.66,829.9,829.64,829.78,81.0,112682.0,112665.0
au2510.SHFE,SHFE.au2510,2025-09-12 01:12:00,130915,829.78,829.78,829.5,829.5,94.0,112665.0,112657.0
au2510.SHFE,SHFE.au2510,2025-09-12 01:13:00,130916,829.5,829.7,829.48,829.7,121.0,112657.0,112640.0
au2510.SHFE,SHFE.au2510,2025-09-12 01:14:00,130917,829.7,829.74,829.56,829.68,77.0,112640.0,112637.0
au2510.SHFE,SHFE.au2510,2025-09-12 01:15:00,130918,829.68,829.96,829.6,829.86,186.0,112637.0,112639.0
au2510.SHFE,SHFE.au2510,2025-09-12 01:16:00,130919,829.86,830.0,829.86,829.96,91.0,112639.0,112627.0
au2510.SHFE,SHFE.au2510,2025-09-12 01:17:00,130920,829.96,830.14,829.96,830.08,99.0,112627.0,112617.0
au2510.SHFE,SHFE.au2510,2025-09-12 01:18:00,130921,830.08,830.1,830.02,830.06,41.0,112617.0,112616.0
au2510.SHFE,SHFE.au2510,2025-09-12 01:19:00,130922,830.06,830.14,830.02,830.04,69.0,112616.0,112612.0
au2510.SHFE,SHFE.au2510,2025-09-12 01:20:00,130923,830.04,830.04,829.88,829.88,94.0,112612.0,112600.0
au2510.SHFE,SHFE.au2510,2025-09-12 01:21:00,130924,829.88,829.9,829.78,829.9,58.0,112600.0,112605.0
au2510.SHFE,SHFE.au2510,2025-09-12 01:22:00,130925,829.9,829.98,829.86,829.88,37.0,112605.0,112600.0
au2510.SHFE,SHFE.au2510,2025-09-12 01:23:00,130926,829.88,830.02,829.88,829.92,44.0,112600.0,112615.0
au2510.SHFE,SHFE.au2510,2025-09-12 01:24:00,130927,829.92,830.08,829.92,830.06,45.0,112615.0,112610.0
au2510.SHFE,SHFE.au2510,2025-09-12 01:25:00,130928,830.06,830.22,830.0,830.2,123.0,112610.0,112601.0
au2510.SHFE,SHFE.au2510,2025-09-12 01:26:00,130929,830.2,830.28,830.16,830.16,56.0,112601.0,112601.0
au2510.SHFE,SHFE.au2510,2025-09-12 01:27:00,130930,830.16,830.18,829.98,830.06,80.0,112601.0,112611.0
au2510.SHFE,SHFE.au2510,2025-09-12 01:28:00,130931,830.06,830.18,830.06,830.1,75.0,112611.0,112611.0
au2510.SHFE,SHFE.au2510,2025-09-12 01:29:00,130932,830.1,830.1,829.88,830.1,161.0,112611.0,112647.0
au2510.SHFE,SHFE.au2510,2025-09-12 01:30:00,130933,830.1,830.18,829.96,829.98,78.0,112647.0,112662.0
au2510.SHFE,SHFE.au2510,2025-09-12 01:31:00,130934,829.98,830.2,829.96,830.16,79.0,112662.0,112635.0
au2510.SHFE,SHFE.au2510,2025-09-12 01:32:00,130935,830.16,830.26,830.1,830.24,81.0,112635.0,112640.0
au2510.SHFE,SHFE.au2510,2025-09-12 01:33:00,130936,830.24,830.32,830.16,830.26,69.0,112640.0,112644.0
au2510.SHFE,SHFE.au2510,2025-09-12 01:34:00,130937,830.26,830.32,830.16,830.3,64.0,112644.0,112634.0
au2510.SHFE,SHFE.au2510,2025-09-12 01:35:00,130938,830.3,830.36,830.04,830.18,87.0,112634.0,112644.0
au2510.SHFE,SHFE.au2510,2025-09-12 01:36:00,130939,830.18,830.24,830.16,830.22,35.0,112644.0,112642.0
au2510.SHFE,SHFE.au2510,2025-09-12 01:37:00,130940,830.22,830.22,830.14,830.22,35.0,112642.0,112637.0
au2510.SHFE,SHFE.au2510,2025-09-12 01:38:00,130941,830.22,830.26,830.18,830.2,24.0,112637.0,112637.0
au2510.SHFE,SHFE.au2510,2025-09-12 01:39:00,130942,830.2,830.2,830.14,830.2,17.0,112637.0,112633.0
au2510.SHFE,SHFE.au2510,2025-09-12 01:40:00,130943,830.2,830.24,830.14,830.16,52.0,112633.0,112621.0
au2510.SHFE,SHFE.au2510,2025-09-12 01:41:00,130944,830.16,830.2,830.0,830.16,66.0,112621.0,112625.0
au2510.SHFE,SHFE.au2510,2025-09-12 01:42:00,130945,830.16,830.18,830.0,830.04,95.0,112625.0,112612.0
au2510.SHFE,SHFE.au2510,2025-09-12 01:43:00,130946,830.04,830.06,829.8,829.86,126.0,112612.0,112604.0
au2510.SHFE,SHFE.au2510,2025-09-12 01:44:00,130947,829.86,829.92,829.82,829.9,90.0,112604.0,112581.0
au2510.SHFE,SHFE.au2510,2025-09-12 01:45:00,130948,829.9,830.08,829.88,829.88,51.0,112581.0,112571.0
au2510.SHFE,SHFE.au2510,2025-09-12 01:46:00,130949,829.88,829.92,829.68,829.92,73.0,112571.0,112573.0
au2510.SHFE,SHFE.au2510,2025-09-12 01:47:00,130950,829.92,829.98,829.88,829.92,50.0,112573.0,112561.0
au2510.SHFE,SHFE.au2510,2025-09-12 01:48:00,130951,829.92,829.94,829.84,829.9,20.0,112561.0,112558.0
au2510.SHFE,SHFE.au2510,2025-09-12 01:49:00,130952,829.9,829.98,829.86,829.94,12.0,112558.0,112556.0
au2510.SHFE,SHFE.au2510,2025-09-12 01:50:00,130953,829.94,830.06,829.92,829.96,59.0,112556.0,112551.0
au2510.SHFE,SHFE.au2510,2025-09-12 01:51:00,130954,829.96,830.14,829.9,830.04,65.0,112551.0,112556.0
au2510.SHFE,SHFE.au2510,2025-09-12 01:52:00,130955,830.04,830.1,830.04,830.08,39.0,112556.0,112557.0
au2510.SHFE,SHFE.au2510,2025-09-12 01:53:00,130956,830.08,830.2,830.08,830.2,30.0,112557.0,112554.0
au2510.SHFE,SHFE.au2510,2025-09-12 01:54:00,130957,830.2,830.2,830.08,830.12,58.0,112554.0,112532.0
au2510.SHFE,SHFE.au2510,2025-09-12 01:55:00,130958,830.12,830.14,829.94,830.06,67.0,112532.0,112531.0
au2510.SHFE,SHFE.au2510,2025-09-12 01:56:00,130959,830.06,830.06,829.96,830.04,53.0,112531.0,112521.0
au2510.SHFE,SHFE.au2510,2025-09-12 01:57:00,130960,830.04,830.06,829.98,830.02,57.0,112521.0,112516.0
au2510.SHFE,SHFE.au2510,2025-09-12 01:58:00,130961,830.02,830.04,829.98,830.04,34.0,112516.0,112523.0
au2510.SHFE,SHFE.au2510,2025-09-12 01:59:00,130962,830.04,830.1,829.88,830.0,51.0,112523.0,112532.0
au2510.SHFE,SHFE.au2510,2025-09-12 02:00:00,130963,830.0,830.08,830.0,830.02,17.0,112532.0,112530.0
au2510.SHFE,SHFE.au2510,2025-09-12 02:01:00,130964,830.02,830.22,830.02,830.2,69.0,112530.0,112520.0
au2510.SHFE,SHFE.au2510,2025-09-12 02:02:00,130965,830.2,830.2,830.12,830.16,30.0,112520.0,112530.0
au2510.SHFE,SHFE.au2510,2025-09-12 02:03:00,130966,830.16,830.22,830.14,830.18,34.0,112530.0,112537.0
au2510.SHFE,SHFE.au2510,2025-09-12 02:04:00,130967,830.18,830.18,830.08,830.16,29.0,112537.0,112530.0
au2510.SHFE,SHFE.au2510,2025-09-12 02:05:00,130968,830.16,830.42,830.14,830.36,104.0,112530.0,112524.0
au2510.SHFE,SHFE.au2510,2025-09-12 02:06:00,130969,830.36,830.4,830.26,830.36,38.0,112524.0,112530.0
au2510.SHFE,SHFE.au2510,2025-09-12 02:07:00,130970,830.36,830.4,830.3,830.38,26.0,112530.0,112532.0
au2510.SHFE,SHFE.au2510,2025-09-12 02:08:00,130971,830.38,830.38,830.24,830.3,25.0,112532.0,112534.0
au2510.SHFE,SHFE.au2510,2025-09-12 02:09:00,130972,830.3,830.38,830.28,830.34,30.0,112534.0,112528.0
au2510.SHFE,SHFE.au2510,2025-09-12 02:10:00,130973,830.34,830.46,830.34,830.4,84.0,112528.0,112527.0
au2510.SHFE,SHFE.au2510,2025-09-12 02:11:00,130974,830.4,830.4,830.24,830.26,30.0,112527.0,112529.0
au2510.SHFE,SHFE.au2510,2025-09-12 02:12:00,130975,830.26,830.3,829.96,830.12,110.0,112529.0,112510.0
au2510.SHFE,SHFE.au2510,2025-09-12 02:13:00,130976,830.12,830.16,830.02,830.08,54.0,112510.0,112512.0
au2510.SHFE,SHFE.au2510,2025-09-12 02:14:00,130977,830.08,830.08,829.8,829.94,124.0,112512.0,112536.0
au2510.SHFE,SHFE.au2510,2025-09-12 02:15:00,130978,829.94,830.04,829.76,829.82,126.0,112536.0,112568.0
au2510.SHFE,SHFE.au2510,2025-09-12 02:16:00,130979,829.82,829.88,829.76,829.76,163.0,112568.0,112525.0
au2510.SHFE,SHFE.au2510,2025-09-12 02:17:00,130980,829.76,829.76,829.54,829.62,158.0,112525.0,112557.0
au2510.SHFE,SHFE.au2510,2025-09-12 02:18:00,130981,829.62,829.62,829.44,829.48,206.0,112557.0,112505.0
au2510.SHFE,SHFE.au2510,2025-09-12 02:19:00,130982,829.48,829.6,829.42,829.46,128.0,112505.0,112509.0
au2510.SHFE,SHFE.au2510,2025-09-12 02:20:00,130983,829.46,829.74,829.4,829.64,132.0,112509.0,112518.0
au2510.SHFE,SHFE.au2510,2025-09-12 02:21:00,130984,829.64,829.8,829.64,829.78,90.0,112518.0,112513.0
au2510.SHFE,SHFE.au2510,2025-09-12 02:22:00,130985,829.78,829.86,829.72,829.78,125.0,112513.0,112509.0
au2510.SHFE,SHFE.au2510,2025-09-12 02:23:00,130986,829.78,829.86,829.72,829.78,29.0,112509.0,112509.0
au2510.SHFE,SHFE.au2510,2025-09-12 02:24:00,130987,829.78,829.8,829.72,829.74,58.0,112509.0,112522.0
au2510.SHFE,SHFE.au2510,2025-09-12 02:25:00,130988,829.74,829.76,829.4,829.44,216.0,112522.0,112572.0
au2510.SHFE,SHFE.au2510,2025-09-12 02:26:00,130989,829.44,829.46,829.2,829.28,394.0,112572.0,112712.0
au2510.SHFE,SHFE.au2510,2025-09-12 02:27:00,130990,829.28,829.46,829.26,829.34,128.0,112712.0,112708.0
au2510.SHFE,SHFE.au2510,2025-09-12 02:28:00,130991,829.34,829.52,829.34,829.46,82.0,112708.0,112693.0
au2510.SHFE,SHFE.au2510,2025-09-12 02:29:00,130992,829.46,829.58,829.2,829.26,211.0,112693.0,112640.0
au2510.SHFE,SHFE.au2510,2025-09-12 09:00:00,130993,830.36,830.46,830.06,830.34,742.0,112640.0,112694.0
au2510.SHFE,SHFE.au2510,2025-09-12 09:01:00,130994,830.34,830.82,830.34,830.78,830.0,112694.0,112683.0
au2510.SHFE,SHFE.au2510,2025-09-12 09:02:00,130995,830.78,831.28,830.68,830.74,1044.0,112683.0,112635.0
au2510.SHFE,SHFE.au2510,2025-09-12 09:03:00,130996,830.74,830.78,830.5,830.5,608.0,112635.0,112514.0
au2510.SHFE,SHFE.au2510,2025-09-12 09:04:00,130997,830.5,831.06,830.44,831.06,551.0,112514.0,112429.0
au2510.SHFE,SHFE.au2510,2025-09-12 09:05:00,130998,831.06,831.1,830.82,830.82,456.0,112429.0,112354.0
au2510.SHFE,SHFE.au2510,2025-09-12 09:06:00,130999,830.82,831.04,830.76,830.96,331.0,112354.0,112275.0
au2510.SHFE,SHFE.au2510,2025-09-12 09:07:00,131000,830.96,831.1,830.82,831.06,309.0,112275.0,112226.0
au2510.SHFE,SHFE.au2510,2025-09-12 09:08:00,131001,831.06,831.24,830.9,831.24,450.0,112226.0,112122.0
au2510.SHFE,SHFE.au2510,2025-09-12 09:09:00,131002,831.24,831.64,831.16,831.52,785.0,112122.0,111959.0
au2510.SHFE,SHFE.au2510,2025-09-12 09:10:00,131003,831.52,831.98,831.52,831.92,753.0,111959.0,111830.0
au2510.SHFE,SHFE.au2510,2025-09-12 09:11:00,131004,831.92,832.22,831.72,831.74,815.0,111830.0,111787.0
au2510.SHFE,SHFE.au2510,2025-09-12 09:12:00,131005,831.74,832.04,831.6,831.98,436.0,111787.0,111734.0
au2510.SHFE,SHFE.au2510,2025-09-12 09:13:00,131006,831.98,832.12,831.84,831.88,428.0,111734.0,111721.0
au2510.SHFE,SHFE.au2510,2025-09-12 09:14:00,131007,831.88,832.36,831.88,832.12,646.0,111721.0,111702.0
au2510.SHFE,SHFE.au2510,2025-09-12 09:15:00,131008,832.12,832.36,831.84,832.02,772.0,111702.0,111648.0
au2510.SHFE,SHFE.au2510,2025-09-12 09:16:00,131009,832.02,832.04,831.7,831.72,354.0,111648.0,111677.0
au2510.SHFE,SHFE.au2510,2025-09-12 09:17:00,131010,831.72,832.0,831.46,831.48,504.0,111677.0,111567.0
au2510.SHFE,SHFE.au2510,2025-09-12 09:18:00,131011,831.48,831.66,831.32,831.34,460.0,111567.0,111495.0
au2510.SHFE,SHFE.au2510,2025-09-12 09:19:00,131012,831.34,831.56,831.28,831.54,268.0,111495.0,111455.0
au2510.SHFE,SHFE.au2510,2025-09-12 09:20:00,131013,831.54,831.92,831.54,831.86,601.0,111455.0,111338.0
au2510.SHFE,SHFE.au2510,2025-09-12 09:21:00,131014,831.86,831.88,831.68,831.7,146.0,111338.0,111326.0
au2510.SHFE,SHFE.au2510,2025-09-12 09:22:00,131015,831.7,831.8,831.6,831.74,108.0,111326.0,111318.0
au2510.SHFE,SHFE.au2510,2025-09-12 09:23:00,131016,831.74,831.84,831.68,831.8,166.0,111318.0,111300.0
au2510.SHFE,SHFE.au2510,2025-09-12 09:24:00,131017,831.8,832.0,831.74,832.0,155.0,111300.0,111278.0
au2510.SHFE,SHFE.au2510,2025-09-12 09:25:00,131018,832.0,832.04,831.76,832.0,417.0,111278.0,111396.0
au2510.SHFE,SHFE.au2510,2025-09-12 09:26:00,131019,832.0,832.06,831.6,831.6,248.0,111396.0,111370.0
au2510.SHFE,SHFE.au2510,2025-09-12 09:27:00,131020,831.6,831.92,831.6,831.78,291.0,111370.0,111412.0
au2510.SHFE,SHFE.au2510,2025-09-12 09:28:00,131021,831.78,832.08,831.78,831.94,168.0,111412.0,111385.0
au2510.SHFE,SHFE.au2510,2025-09-12 09:29:00,131022,831.94,832.06,831.94,832.02,133.0,111385.0,111394.0
au2510.SHFE,SHFE.au2510,2025-09-12 09:30:00,131023,832.02,832.14,831.96,832.04,254.0,111394.0,111351.0
au2510.SHFE,SHFE.au2510,2025-09-12 09:31:00,131024,832.04,832.56,832.04,832.34,668.0,111351.0,111197.0
au2510.SHFE,SHFE.au2510,2025-09-12 09:32:00,131025,832.34,832.66,832.34,832.56,376.0,111197.0,111270.0
au2510.SHFE,SHFE.au2510,2025-09-12 09:33:00,131026,832.56,832.72,832.3,832.3,318.0,111270.0,111272.0
au2510.SHFE,SHFE.au2510,2025-09-12 09:34:00,131027,832.3,832.42,832.12,832.22,260.0,111272.0,111320.0
au2510.SHFE,SHFE.au2510,2025-09-12 09:35:00,131028,832.22,832.36,832.16,832.28,201.0,111320.0,111305.0
au2510.SHFE,SHFE.au2510,2025-09-12 09:36:00,131029,832.28,832.28,832.12,832.2,175.0,111305.0,111296.0
au2510.SHFE,SHFE.au2510,2025-09-12 09:37:00,131030,832.2,832.6,832.18,832.56,328.0,111296.0,111316.0
au2510.SHFE,SHFE.au2510,2025-09-12 09:38:00,131031,832.56,833.06,832.56,832.96,728.0,111316.0,111234.0
au2510.SHFE,SHFE.au2510,2025-09-12 09:39:00,131032,832.96,833.12,832.7,833.02,538.0,111234.0,111221.0
au2510.SHFE,SHFE.au2510,2025-09-12 09:40:00,131033,833.02,833.06,832.86,832.96,364.0,111221.0,111199.0
au2510.SHFE,SHFE.au2510,2025-09-12 09:41:00,131034,832.96,833.14,832.82,832.84,346.0,111199.0,111185.0
au2510.SHFE,SHFE.au2510,2025-09-12 09:42:00,131035,832.84,833.14,832.74,833.08,473.0,111185.0,111100.0
au2510.SHFE,SHFE.au2510,2025-09-12 09:43:00,131036,833.08,833.34,833.04,833.16,524.0,111100.0,111083.0
au2510.SHFE,SHFE.au2510,2025-09-12 09:44:00,131037,833.16,833.18,832.98,833.14,387.0,111083.0,111037.0
au2510.SHFE,SHFE.au2510,2025-09-12 09:45:00,131038,833.14,833.3,832.7,832.8,552.0,111037.0,111008.0
au2510.SHFE,SHFE.au2510,2025-09-12 09:46:00,131039,832.8,833.32,832.78,833.26,363.0,111008.0,110970.0
au2510.SHFE,SHFE.au2510,2025-09-12 09:47:00,131040,833.26,833.6,833.18,833.5,571.0,110970.0,110920.0
au2510.SHFE,SHFE.au2510,2025-09-12 09:48:00,131041,833.5,833.52,832.96,833.18,500.0,110920.0,110880.0
au2510.SHFE,SHFE.au2510,2025-09-12 09:49:00,131042,833.18,833.44,833.12,833.12,281.0,110880.0,110862.0
au2510.SHFE,SHFE.au2510,2025-09-12 09:50:00,131043,833.12,833.34,832.94,832.94,328.0,110862.0,110857.0
au2510.SHFE,SHFE.au2510,2025-09-12 09:51:00,131044,832.94,833.14,832.76,832.9,433.0,110857.0,110835.0
au2510.SHFE,SHFE.au2510,2025-09-12 09:52:00,131045,832.9,832.98,832.78,832.94,189.0,110835.0,110839.0
au2510.SHFE,SHFE.au2510,2025-09-12 09:53:00,131046,832.94,833.04,832.72,832.8,167.0,110839.0,110822.0
au2510.SHFE,SHFE.au2510,2025-09-12 09:54:00,131047,832.8,833.22,832.78,833.2,285.0,110822.0,110822.0
au2510.SHFE,SHFE.au2510,2025-09-12 09:55:00,131048,833.2,833.34,833.08,833.22,250.0,110822.0,110786.0
au2510.SHFE,SHFE.au2510,2025-09-12 09:56:00,131049,833.22,833.32,833.02,833.18,335.0,110786.0,110770.0
au2510.SHFE,SHFE.au2510,2025-09-12 09:57:00,131050,833.18,833.34,833.16,833.26,199.0,110770.0,110745.0
au2510.SHFE,SHFE.au2510,2025-09-12 09:58:00,131051,833.26,833.5,833.26,833.48,262.0,110745.0,110710.0
au2510.SHFE,SHFE.au2510,2025-09-12 09:59:00,131052,833.48,833.48,833.18,833.24,214.0,110710.0,110725.0
au2510.SHFE,SHFE.au2510,2025-09-12 10:00:00,131053,833.24,833.26,832.98,833.22,327.0,110725.0,110691.0
au2510.SHFE,SHFE.au2510,2025-09-12 10:01:00,131054,833.22,833.22,833.1,833.2,127.0,110691.0,110684.0
au2510.SHFE,SHFE.au2510,2025-09-12 10:02:00,131055,833.2,833.26,833.1,833.2,151.0,110684.0,110668.0
au2510.SHFE,SHFE.au2510,2025-09-12 10:03:00,131056,833.2,833.4,833.2,833.3,123.0,110668.0,110657.0
au2510.SHFE,SHFE.au2510,2025-09-12 10:04:00,131057,833.3,833.32,832.98,833.04,346.0,110657.0,110584.0
au2510.SHFE,SHFE.au2510,2025-09-12 10:05:00,131058,833.04,833.12,832.88,833.06,277.0,110584.0,110548.0
au2510.SHFE,SHFE.au2510,2025-09-12 10:06:00,131059,833.06,833.4,833.06,833.28,285.0,110548.0,110563.0
au2510.SHFE,SHFE.au2510,2025-09-12 10:07:00,131060,833.28,833.38,833.16,833.18,249.0,110563.0,110540.0
au2510.SHFE,SHFE.au2510,2025-09-12 10:08:00,131061,833.18,833.82,833.12,833.82,433.0,110540.0,110548.0
au2510.SHFE,SHFE.au2510,2025-09-12 10:09:00,131062,833.82,834.1,833.78,833.86,791.0,110548.0,110563.0
au2510.SHFE,SHFE.au2510,2025-09-12 10:10:00,131063,833.86,833.86,833.48,833.64,368.0,110563.0,110501.0
au2510.SHFE,SHFE.au2510,2025-09-12 10:11:00,131064,833.64,833.72,833.58,833.66,152.0,110501.0,110471.0
au2510.SHFE,SHFE.au2510,2025-09-12 10:12:00,131065,833.66,833.78,833.52,833.58,220.0,110471.0,110443.0
au2510.SHFE,SHFE.au2510,2025-09-12 10:13:00,131066,833.58,833.68,833.52,833.68,157.0,110443.0,110417.0
au2510.SHFE,SHFE.au2510,2025-09-12 10:14:00,131067,833.68,833.72,833.38,833.52,242.0,110417.0,110380.0
au2510.SHFE,SHFE.au2510,2025-09-12 10:30:00,131068,834.0,834.32,833.86,834.22,933.0,110380.0,110439.0
au2510.SHFE,SHFE.au2510,2025-09-12 10:31:00,131069,834.22,834.24,833.66,833.66,287.0,110439.0,110422.0
au2510.SHFE,SHFE.au2510,2025-09-12 10:32:00,131070,833.66,833.84,833.56,833.82,279.0,110422.0,110444.0
au2510.SHFE,SHFE.au2510,2025-09-12 10:33:00,131071,833.82,833.86,833.7,833.86,177.0,110444.0,110462.0
au2510.SHFE,SHFE.au2510,2025-09-12 10:34:00,131072,833.86,834.02,833.78,833.8,144.0,110462.0,110456.0
au2510.SHFE,SHFE.au2510,2025-09-12 10:35:00,131073,833.8,833.98,833.56,833.68,228.0,110456.0,110435.0
au2510.SHFE,SHFE.au2510,2025-09-12 10:36:00,131074,833.68,833.78,833.64,833.78,108.0,110435.0,110438.0
au2510.SHFE,SHFE.au2510,2025-09-12 10:37:00,131075,833.78,833.9,833.32,833.46,404.0,110438.0,110411.0
au2510.SHFE,SHFE.au2510,2025-09-12 10:38:00,131076,833.46,833.74,833.38,833.72,236.0,110411.0,110394.0
au2510.SHFE,SHFE.au2510,2025-09-12 10:39:00,131077,833.72,833.74,833.48,833.6,138.0,110394.0,110404.0
au2510.SHFE,SHFE.au2510,2025-09-12 10:40:00,131078,833.6,833.62,833.42,833.42,106.0,110404.0,110378.0
au2510.SHFE,SHFE.au2510,2025-09-12 10:41:00,131079,833.42,833.48,833.32,833.4,134.0,110378.0,110339.0
au2510.SHFE,SHFE.au2510,2025-09-12 10:42:00,131080,833.4,833.58,833.4,833.56,116.0,110339.0,110316.0
au2510.SHFE,SHFE.au2510,2025-09-12 10:43:00,131081,833.56,833.62,833.48,833.6,120.0,110316.0,110321.0
au2510.SHFE,SHFE.au2510,2025-09-12 10:44:00,131082,833.6,833.62,833.48,833.6,89.0,110321.0,110331.0
au2510.SHFE,SHFE.au2510,2025-09-12 10:45:00,131083,833.6,833.6,833.4,833.4,107.0,110331.0,110304.0
au2510.SHFE,SHFE.au2510,2025-09-12 10:46:00,131084,833.4,833.4,833.14,833.16,264.0,110304.0,110293.0
au2510.SHFE,SHFE.au2510,2025-09-12 10:47:00,131085,833.16,833.2,832.8,832.86,384.0,110293.0,110276.0
au2510.SHFE,SHFE.au2510,2025-09-12 10:48:00,131086,832.86,833.36,832.82,833.36,447.0,110276.0,110281.0
au2510.SHFE,SHFE.au2510,2025-09-12 10:49:00,131087,833.36,833.52,833.36,833.52,211.0,110281.0,110315.0
au2510.SHFE,SHFE.au2510,2025-09-12 10:50:00,131088,833.52,833.74,833.5,833.74,200.0,110315.0,110283.0
au2510.SHFE,SHFE.au2510,2025-09-12 10:51:00,131089,833.74,833.9,833.74,833.86,301.0,110283.0,110268.0
au2510.SHFE,SHFE.au2510,2025-09-12 10:52:00,131090,833.86,833.88,833.74,833.86,228.0,110268.0,110280.0
au2510.SHFE,SHFE.au2510,2025-09-12 10:53:00,131091,833.86,834.16,833.82,834.12,315.0,110280.0,110264.0
au2510.SHFE,SHFE.au2510,2025-09-12 10:54:00,131092,834.12,834.16,833.94,834.02,345.0,110264.0,110257.0
au2510.SHFE,SHFE.au2510,2025-09-12 10:55:00,131093,834.02,834.08,833.78,833.8,183.0,110257.0,110222.0
au2510.SHFE,SHFE.au2510,2025-09-12 10:56:00,131094,833.8,834.08,833.72,834.04,283.0,110222.0,110185.0
au2510.SHFE,SHFE.au2510,2025-09-12 10:57:00,131095,834.04,834.1,833.78,833.92,302.0,110185.0,110111.0
au2510.SHFE,SHFE.au2510,2025-09-12 10:58:00,131096,833.92,833.98,833.66,833.76,175.0,110111.0,110096.0
au2510.SHFE,SHFE.au2510,2025-09-12 10:59:00,131097,833.76,833.86,833.68,833.8,120.0,110096.0,110059.0
au2510.SHFE,SHFE.au2510,2025-09-12 11:00:00,131098,833.8,833.96,833.64,833.92,221.0,110059.0,110049.0
au2510.SHFE,SHFE.au2510,2025-09-12 11:01:00,131099,833.92,834.04,833.74,833.76,389.0,110049.0,110061.0
au2510.SHFE,SHFE.au2510,2025-09-12 11:02:00,131100,833.76,834.0,833.7,833.7,244.0,110061.0,109988.0
au2510.SHFE,SHFE.au2510,2025-09-12 11:03:00,131101,833.7,833.74,833.6,833.6,232.0,109988.0,109985.0
au2510.SHFE,SHFE.au2510,2025-09-12 11:04:00,131102,833.6,833.84,833.46,833.8,328.0,109985.0,109917.0
au2510.SHFE,SHFE.au2510,2025-09-12 11:05:00,131103,833.8,834.1,833.8,834.06,265.0,109917.0,109886.0
au2510.SHFE,SHFE.au2510,2025-09-12 11:06:00,131104,834.06,834.1,833.82,833.92,233.0,109886.0,109876.0
au2510.SHFE,SHFE.au2510,2025-09-12 11:07:00,131105,833.92,834.04,833.84,834.04,116.0,109876.0,109874.0
au2510.SHFE,SHFE.au2510,2025-09-12 11:08:00,131106,834.04,834.04,833.88,833.92,161.0,109874.0,109927.0
au2510.SHFE,SHFE.au2510,2025-09-12 11:09:00,131107,833.92,834.0,833.72,833.98,216.0,109927.0,109944.0
au2510.SHFE,SHFE.au2510,2025-09-12 11:10:00,131108,833.98,834.04,833.76,833.88,137.0,109944.0,109914.0
au2510.SHFE,SHFE.au2510,2025-09-12 11:11:00,131109,833.88,833.88,833.74,833.82,95.0,109914.0,109906.0
au2510.SHFE,SHFE.au2510,2025-09-12 11:12:00,131110,833.82,834.04,833.8,834.02,144.0,109906.0,109924.0
au2510.SHFE,SHFE.au2510,2025-09-12 11:13:00,131111,834.02,834.26,834.02,834.14,280.0,109924.0,109969.0
au2510.SHFE,SHFE.au2510,2025-09-12 11:14:00,131112,834.14,834.16,834.02,834.12,139.0,109969.0,109915.0
au2510.SHFE,SHFE.au2510,2025-09-12 11:15:00,131113,834.12,834.2,833.98,834.16,216.0,109915.0,109939.0
au2510.SHFE,SHFE.au2510,2025-09-12 11:16:00,131114,834.16,834.44,834.16,834.38,270.0,109939.0,110000.0
au2510.SHFE,SHFE.au2510,2025-09-12 11:17:00,131115,834.38,834.68,834.38,834.58,497.0,110000.0,110075.0
au2510.SHFE,SHFE.au2510,2025-09-12 11:18:00,131116,834.58,834.78,834.4,834.5,382.0,110075.0,110107.0
au2510.SHFE,SHFE.au2510,2025-09-12 11:19:00,131117,834.5,834.6,834.26,834.26,234.0,110107.0,110123.0
au2510.SHFE,SHFE.au2510,2025-09-12 11:20:00,131118,834.26,834.38,834.14,834.3,277.0,110123.0,110107.0
au2510.SHFE,SHFE.au2510,2025-09-12 11:21:00,131119,834.3,834.38,834.28,834.38,93.0,110107.0,110098.0
au2510.SHFE,SHFE.au2510,2025-09-12 11:22:00,131120,834.38,834.38,834.22,834.28,81.0,110098.0,110109.0
au2510.SHFE,SHFE.au2510,2025-09-12 11:23:00,131121,834.28,834.34,834.2,834.34,80.0,110109.0,110096.0
au2510.SHFE,SHFE.au2510,2025-09-12 11:24:00,131122,834.34,834.46,834.26,834.46,83.0,110096.0,110106.0
au2510.SHFE,SHFE.au2510,2025-09-12 11:25:00,131123,834.46,834.58,834.4,834.54,147.0,110106.0,110077.0
au2510.SHFE,SHFE.au2510,2025-09-12 11:26:00,131124,834.54,834.66,834.52,834.62,169.0,110077.0,110067.0
au2510.SHFE,SHFE.au2510,2025-09-12 11:27:00,131125,834.62,834.64,834.5,834.54,170.0,110067.0,110039.0
au2510.SHFE,SHFE.au2510,2025-09-12 11:28:00,131126,834.54,834.54,834.28,834.32,125.0,110039.0,110015.0
au2510.SHFE,SHFE.au2510,2025-09-12 11:29:00,131127,834.32,834.54,834.32,834.46,228.0,110015.0,109939.0
au2510.SHFE,SHFE.au2510,2025-09-12 13:30:00,131128,835.0,835.0,834.32,834.36,941.0,109939.0,109994.0
au2510.SHFE,SHFE.au2510,2025-09-12 13:31:00,131129,834.36,834.64,834.36,834.56,364.0,109994.0,110031.0
au2510.SHFE,SHFE.au2510,2025-09-12 13:32:00,131130,834.56,834.86,834.56,834.82,474.0,110031.0,110141.0
au2510.SHFE,SHFE.au2510,2025-09-12 13:33:00,131131,834.82,834.88,834.66,834.72,316.0,110141.0,110172.0
au2510.SHFE,SHFE.au2510,2025-09-12 13:34:00,131132,834.72,834.8,834.44,834.8,253.0,110172.0,110153.0
au2510.SHFE,SHFE.au2510,2025-09-12 13:35:00,131133,834.8,834.86,834.7,834.78,270.0,110153.0,110168.0
au2510.SHFE,SHFE.au2510,2025-09-12 13:36:00,131134,834.78,834.78,834.54,834.74,236.0,110168.0,110125.0
au2510.SHFE,SHFE.au2510,2025-09-12 13:37:00,131135,834.74,834.76,834.58,834.7,193.0,110125.0,110080.0
au2510.SHFE,SHFE.au2510,2025-09-12 13:38:00,131136,834.7,834.72,834.62,834.7,120.0,110080.0,110088.0
au2510.SHFE,SHFE.au2510,2025-09-12 13:39:00,131137,834.7,834.96,834.68,834.76,383.0,110088.0,110089.0
au2510.SHFE,SHFE.au2510,2025-09-12 13:40:00,131138,834.76,835.28,834.74,835.1,474.0,110089.0,110132.0
au2510.SHFE,SHFE.au2510,2025-09-12 13:41:00,131139,835.1,835.22,835.06,835.22,271.0,110132.0,110145.0
au2510.SHFE,SHFE.au2510,2025-09-12 13:42:00,131140,835.22,835.28,835.1,835.1,228.0,110145.0,110167.0
au2510.SHFE,SHFE.au2510,2025-09-12 13:43:00,131141,835.1,835.14,834.94,834.96,232.0,110167.0,110181.0
au2510.SHFE,SHFE.au2510,2025-09-12 13:44:00,131142,834.96,835.08,834.94,835.06,183.0,110181.0,110168.0
au2510.SHFE,SHFE.au2510,2025-09-12 13:45:00,131143,835.06,835.08,834.82,834.82,154.0,110168.0,110179.0
au2510.SHFE,SHFE.au2510,2025-09-12 13:46:00,131144,834.82,834.82,834.56,834.6,262.0,110179.0,110180.0
au2510.SHFE,SHFE.au2510,2025-09-12 13:47:00,131145,834.6,834.68,834.52,834.6,211.0,110180.0,110142.0
au2510.SHFE,SHFE.au2510,2025-09-12 13:48:00,131146,834.6,834.6,834.44,834.52,164.0,110142.0,110125.0
au2510.SHFE,SHFE.au2510,2025-09-12 13:49:00,131147,834.52,834.52,834.22,834.34,257.0,110125.0,110119.0
au2510.SHFE,SHFE.au2510,2025-09-12 13:50:00,131148,834.34,834.4,834.24,834.3,181.0,110119.0,110116.0
au2510.SHFE,SHFE.au2510,2025-09-12 13:51:00,131149,834.3,834.62,834.28,834.6,290.0,110116.0,110108.0
au2510.SHFE,SHFE.au2510,2025-09-12 13:52:00,131150,834.6,834.68,834.54,834.68,209.0,110108.0,110057.0
au2510.SHFE,SHFE.au2510,2025-09-12 13:53:00,131151,834.68,835.06,834.68,834.76,437.0,110057.0,110037.0
au2510.SHFE,SHFE.au2510,2025-09-12 13:54:00,131152,834.76,834.84,834.58,834.64,267.0,110037.0,110068.0
au2510.SHFE,SHFE.au2510,2025-09-12 13:55:00,131153,834.64,834.8,834.64,834.8,107.0,110068.0,110068.0
au2510.SHFE,SHFE.au2510,2025-09-12 13:56:00,131154,834.8,834.9,834.78,834.84,138.0,110068.0,110078.0
au2510.SHFE,SHFE.au2510,2025-09-12 13:57:00,131155,834.84,834.86,834.68,834.74,148.0,110078.0,110054.0
au2510.SHFE,SHFE.au2510,2025-09-12 13:58:00,131156,834.74,834.76,834.68,834.72,46.0,110054.0,110047.0
au2510.SHFE,SHFE.au2510,2025-09-12 13:59:00,131157,834.72,834.74,834.56,834.6,148.0,110047.0,110037.0
au2510.SHFE,SHFE.au2510,2025-09-12 14:00:00,131158,834.6,834.72,834.52,834.6,209.0,110037.0,110013.0
au2510.SHFE,SHFE.au2510,2025-09-12 14:01:00,131159,834.6,834.6,834.24,834.26,305.0,110013.0,109986.0
au2510.SHFE,SHFE.au2510,2025-09-12 14:02:00,131160,834.26,834.58,834.22,834.46,258.0,109986.0,109992.0
au2510.SHFE,SHFE.au2510,2025-09-12 14:03:00,131161,834.46,834.62,834.36,834.46,174.0,109992.0,110008.0
au2510.SHFE,SHFE.au2510,2025-09-12 14:04:00,131162,834.46,834.68,834.42,834.62,179.0,110008.0,110006.0
au2510.SHFE,SHFE.au2510,2025-09-12 14:05:00,131163,834.62,834.62,834.34,834.34,138.0,110006.0,110026.0
au2510.SHFE,SHFE.au2510,2025-09-12 14:06:00,131164,834.34,834.46,834.32,834.44,184.0,110026.0,110021.0
au2510.SHFE,SHFE.au2510,2025-09-12 14:07:00,131165,834.44,834.46,834.36,834.4,112.0,110021.0,110054.0
au2510.SHFE,SHFE.au2510,2025-09-12 14:08:00,131166,834.4,834.46,834.4,834.4,60.0,110054.0,110037.0
au2510.SHFE,SHFE.au2510,2025-09-12 14:09:00,131167,834.4,834.42,834.22,834.28,171.0,110037.0,110063.0
au2510.SHFE,SHFE.au2510,2025-09-12 14:10:00,131168,834.28,834.3,833.88,833.92,437.0,110063.0,110089.0
au2510.SHFE,SHFE.au2510,2025-09-12 14:11:00,131169,833.92,834.1,833.9,834.06,365.0,110089.0,110106.0
au2510.SHFE,SHFE.au2510,2025-09-12 14:12:00,131170,834.06,834.22,834.0,834.18,187.0,110106.0,110135.0
au2510.SHFE,SHFE.au2510,2025-09-12 14:13:00,131171,834.18,834.36,834.16,834.32,164.0,110135.0,110170.0
au2510.SHFE,SHFE.au2510,2025-09-12 14:14:00,131172,834.32,834.52,834.28,834.44,115.0,110170.0,110167.0
au2510.SHFE,SHFE.au2510,2025-09-12 14:15:00,131173,834.44,834.5,834.36,834.38,114.0,110167.0,110155.0
au2510.SHFE,SHFE.au2510,2025-09-12 14:16:00,131174,834.38,834.48,834.38,834.46,81.0,110155.0,110171.0
au2510.SHFE,SHFE.au2510,2025-09-12 14:17:00,131175,834.46,834.64,834.42,834.58,226.0,110171.0,110169.0
au2510.SHFE,SHFE.au2510,2025-09-12 14:18:00,131176,834.58,834.6,834.24,834.46,215.0,110169.0,110184.0
au2510.SHFE,SHFE.au2510,2025-09-12 14:19:00,131177,834.46,834.5,834.3,834.32,152.0,110184.0,110220.0
au2510.SHFE,SHFE.au2510,2025-09-12 14:20:00,131178,834.32,834.4,834.12,834.18,320.0,110220.0,110231.0
au2510.SHFE,SHFE.au2510,2025-09-12 14:21:00,131179,834.18,834.34,834.14,834.18,234.0,110231.0,110190.0
au2510.SHFE,SHFE.au2510,2025-09-12 14:22:00,131180,834.18,834.34,834.12,834.34,97.0,110190.0,110178.0
au2510.SHFE,SHFE.au2510,2025-09-12 14:23:00,131181,834.34,834.38,834.18,834.18,66.0,110178.0,110172.0
au2510.SHFE,SHFE.au2510,2025-09-12 14:24:00,131182,834.18,834.22,834.0,834.0,129.0,110172.0,110158.0
au2510.SHFE,SHFE.au2510,2025-09-12 14:25:00,131183,834.0,834.04,833.7,833.9,350.0,110158.0,110079.0
au2510.SHFE,SHFE.au2510,2025-09-12 14:26:00,131184,833.9,834.0,833.82,833.98,176.0,110079.0,110071.0
au2510.SHFE,SHFE.au2510,2025-09-12 14:27:00,131185,833.98,834.06,833.88,834.04,111.0,110071.0,110092.0
au2510.SHFE,SHFE.au2510,2025-09-12 14:28:00,131186,834.04,834.1,833.92,834.0,101.0,110092.0,110071.0
au2510.SHFE,SHFE.au2510,2025-09-12 14:29:00,131187,834.0,834.12,834.0,834.06,107.0,110071.0,110048.0
au2510.SHFE,SHFE.au2510,2025-09-12 14:30:00,131188,834.06,834.1,833.94,834.04,108.0,110048.0,110038.0
au2510.SHFE,SHFE.au2510,2025-09-12 14:31:00,131189,834.04,834.2,833.84,834.2,229.0,110038.0,110052.0
au2510.SHFE,SHFE.au2510,2025-09-12 14:32:00,131190,834.2,834.36,833.94,834.0,354.0,110052.0,109976.0
au2510.SHFE,SHFE.au2510,2025-09-12 14:33:00,131191,834.0,834.38,833.96,834.36,226.0,109976.0,109951.0
au2510.SHFE,SHFE.au2510,2025-09-12 14:34:00,131192,834.36,834.54,834.28,834.48,263.0,109951.0,109999.0
au2510.SHFE,SHFE.au2510,2025-09-12 14:35:00,131193,834.48,834.52,834.26,834.36,189.0,109999.0,109968.0
au2510.SHFE,SHFE.au2510,2025-09-12 14:36:00,131194,834.36,834.36,834.08,834.18,221.0,109968.0,109938.0
au2510.SHFE,SHFE.au2510,2025-09-12 14:37:00,131195,834.18,834.2,834.1,834.18,75.0,109938.0,109928.0
au2510.SHFE,SHFE.au2510,2025-09-12 14:38:00,131196,834.18,834.36,834.18,834.28,117.0,109928.0,109891.0
au2510.SHFE,SHFE.au2510,2025-09-12 14:39:00,131197,834.28,834.32,834.14,834.14,144.0,109891.0,109861.0
au2510.SHFE,SHFE.au2510,2025-09-12 14:40:00,131198,834.14,834.24,834.12,834.2,75.0,109861.0,109857.0
au2510.SHFE,SHFE.au2510,2025-09-12 14:41:00,131199,834.2,834.22,834.04,834.04,95.0,109857.0,109828.0
au2510.SHFE,SHFE.au2510,2025-09-12 14:42:00,131200,834.04,834.08,833.76,833.8,365.0,109828.0,109767.0
au2510.SHFE,SHFE.au2510,2025-09-12 14:43:00,131201,833.8,833.9,833.66,833.86,304.0,109767.0,109726.0
au2510.SHFE,SHFE.au2510,2025-09-12 14:44:00,131202,833.86,833.88,833.78,833.78,131.0,109726.0,109690.0
au2510.SHFE,SHFE.au2510,2025-09-12 14:45:00,131203,833.78,833.8,833.58,833.6,194.0,109690.0,109638.0
au2510.SHFE,SHFE.au2510,2025-09-12 14:46:00,131204,833.6,833.6,833.4,833.46,256.0,109638.0,109646.0
au2510.SHFE,SHFE.au2510,2025-09-12 14:47:00,131205,833.46,833.56,833.46,833.46,113.0,109646.0,109597.0
au2510.SHFE,SHFE.au2510,2025-09-12 14:48:00,131206,833.46,833.66,833.46,833.66,252.0,109597.0,109557.0
au2510.SHFE,SHFE.au2510,2025-09-12 14:49:00,131207,833.66,833.72,833.52,833.52,280.0,109557.0,109539.0
au2510.SHFE,SHFE.au2510,2025-09-12 14:50:00,131208,833.52,833.88,833.52,833.84,190.0,109539.0,109520.0
au2510.SHFE,SHFE.au2510,2025-09-12 14:51:00,131209,833.84,833.92,833.8,833.86,180.0,109520.0,109540.0
au2510.SHFE,SHFE.au2510,2025-09-12 14:52:00,131210,833.86,834.0,833.84,833.88,183.0,109540.0,109531.0
au2510.SHFE,SHFE.au2510,2025-09-12 14:53:00,131211,833.88,833.96,833.78,833.78,196.0,109531.0,109477.0
au2510.SHFE,SHFE.au2510,2025-09-12 14:54:00,131212,833.78,833.88,833.7,833.88,109.0,109477.0,109438.0
au2510.SHFE,SHFE.au2510,2025-09-12 14:55:00,131213,833.88,833.88,833.74,833.84,115.0,109438.0,109418.0
au2510.SHFE,SHFE.au2510,2025-09-12 14:56:00,131214,833.84,834.04,833.8,834.04,202.0,109418.0,109380.0
au2510.SHFE,SHFE.au2510,2025-09-12 14:57:00,131215,834.04,834.22,833.98,834.18,334.0,109380.0,109308.0
au2510.SHFE,SHFE.au2510,2025-09-12 14:58:00,131216,834.18,834.18,834.06,834.08,297.0,109308.0,109253.0
au2510.SHFE,SHFE.au2510,2025-09-12 14:59:00,131217,834.08,834.38,834.06,834.22,784.0,109253.0,109267.0
au2510.SHFE,SHFE.au2510,2025-09-12 21:00:00,131218,833.82,833.9,833.3,833.4,1476.0,109267.0,109425.0
au2510.SHFE,SHFE.au2510,2025-09-12 21:01:00,131219,833.4,833.42,833.08,833.22,866.0,109425.0,109452.0
au2510.SHFE,SHFE.au2510,2025-09-12 21:02:00,131220,833.22,833.22,832.88,833.1,768.0,109452.0,109518.0
au2510.SHFE,SHFE.au2510,2025-09-12 21:03:00,131221,833.1,833.48,833.08,833.38,540.0,109518.0,109512.0
au2510.SHFE,SHFE.au2510,2025-09-12 21:04:00,131222,833.38,833.86,833.34,833.84,673.0,109512.0,109556.0
au2510.SHFE,SHFE.au2510,2025-09-12 21:05:00,131223,833.84,834.2,833.84,833.98,674.0,109556.0,109584.0
au2510.SHFE,SHFE.au2510,2025-09-12 21:06:00,131224,833.98,834.32,833.86,834.12,383.0,109584.0,109601.0
au2510.SHFE,SHFE.au2510,2025-09-12 21:07:00,131225,834.12,834.36,834.12,834.24,461.0,109601.0,109620.0
au2510.SHFE,SHFE.au2510,2025-09-12 21:08:00,131226,834.24,834.26,833.98,834.04,350.0,109620.0,109706.0
au2510.SHFE,SHFE.au2510,2025-09-12 21:09:00,131227,834.04,834.34,834.0,834.34,392.0,109706.0,109801.0
au2510.SHFE,SHFE.au2510,2025-09-12 21:10:00,131228,834.34,834.5,834.24,834.44,506.0,109801.0,109843.0
au2510.SHFE,SHFE.au2510,2025-09-12 21:11:00,131229,834.44,834.86,834.44,834.66,539.0,109843.0,109947.0
au2510.SHFE,SHFE.au2510,2025-09-12 21:12:00,131230,834.66,834.72,834.52,834.62,474.0,109947.0,109992.0
au2510.SHFE,SHFE.au2510,2025-09-12 21:13:00,131231,834.62,834.96,834.62,834.74,414.0,109992.0,109979.0
au2510.SHFE,SHFE.au2510,2025-09-12 21:14:00,131232,834.74,834.76,834.54,834.64,259.0,109979.0,110005.0
au2510.SHFE,SHFE.au2510,2025-09-12 21:15:00,131233,834.64,834.8,834.34,834.4,447.0,110005.0,110004.0
au2510.SHFE,SHFE.au2510,2025-09-12 21:16:00,131234,834.4,834.66,834.24,834.36,327.0,110004.0,110014.0
au2510.SHFE,SHFE.au2510,2025-09-12 21:17:00,131235,834.36,834.66,834.32,834.46,396.0,110014.0,109956.0
au2510.SHFE,SHFE.au2510,2025-09-12 21:18:00,131236,834.46,834.72,834.46,834.7,203.0,109956.0,109920.0
au2510.SHFE,SHFE.au2510,2025-09-12 21:19:00,131237,834.7,834.82,834.62,834.66,314.0,109920.0,109949.0
au2510.SHFE,SHFE.au2510,2025-09-12 21:20:00,131238,834.66,834.78,834.56,834.62,240.0,109949.0,109951.0
au2510.SHFE,SHFE.au2510,2025-09-12 21:21:00,131239,834.62,834.82,834.62,834.72,138.0,109951.0,109974.0
au2510.SHFE,SHFE.au2510,2025-09-12 21:22:00,131240,834.72,834.74,834.44,834.48,187.0,109974.0,109978.0
au2510.SHFE,SHFE.au2510,2025-09-12 21:23:00,131241,834.48,834.58,834.44,834.5,166.0,109978.0,109961.0
au2510.SHFE,SHFE.au2510,2025-09-12 21:24:00,131242,834.5,834.86,834.5,834.72,310.0,109961.0,109943.0
au2510.SHFE,SHFE.au2510,2025-09-12 21:25:00,131243,834.72,834.78,834.54,834.58,207.0,109943.0,109914.0
au2510.SHFE,SHFE.au2510,2025-09-12 21:26:00,131244,834.58,834.66,834.54,834.58,225.0,109914.0,109956.0
au2510.SHFE,SHFE.au2510,2025-09-12 21:27:00,131245,834.58,834.74,834.56,834.66,189.0,109956.0,109941.0
au2510.SHFE,SHFE.au2510,2025-09-12 21:28:00,131246,834.66,834.74,834.56,834.56,167.0,109941.0,109966.0
au2510.SHFE,SHFE.au2510,2025-09-12 21:29:00,131247,834.56,834.6,834.3,834.36,280.0,109966.0,109963.0
au2510.SHFE,SHFE.au2510,2025-09-12 21:30:00,131248,834.36,834.36,833.86,834.08,890.0,109963.0,109956.0
au2510.SHFE,SHFE.au2510,2025-09-12 21:31:00,131249,834.08,834.48,834.08,834.44,357.0,109956.0,109927.0
au2510.SHFE,SHFE.au2510,2025-09-12 21:32:00,131250,834.44,834.8,834.44,834.54,490.0,109927.0,109979.0
au2510.SHFE,SHFE.au2510,2025-09-12 21:33:00,131251,834.54,835.0,834.38,834.96,476.0,109979.0,109965.0
au2510.SHFE,SHFE.au2510,2025-09-12 21:34:00,131252,834.96,835.0,834.64,834.82,481.0,109965.0,110049.0
au2510.SHFE,SHFE.au2510,2025-09-12 21:35:00,131253,834.82,834.82,834.28,834.32,541.0,110049.0,110106.0
au2510.SHFE,SHFE.au2510,2025-09-12 21:36:00,131254,834.32,834.56,834.04,834.14,463.0,110106.0,110094.0
au2510.SHFE,SHFE.au2510,2025-09-12 21:37:00,131255,834.14,834.2,833.88,834.16,652.0,110094.0,110141.0
au2510.SHFE,SHFE.au2510,2025-09-12 21:38:00,131256,834.16,834.38,834.16,834.22,348.0,110141.0,110171.0
au2510.SHFE,SHFE.au2510,2025-09-12 21:39:00,131257,834.22,834.5,834.18,834.44,258.0,110171.0,110152.0
au2510.SHFE,SHFE.au2510,2025-09-12 21:40:00,131258,834.44,834.54,834.28,834.46,299.0,110152.0,110163.0
au2510.SHFE,SHFE.au2510,2025-09-12 21:41:00,131259,834.46,834.92,834.38,834.86,544.0,110163.0,110120.0
au2510.SHFE,SHFE.au2510,2025-09-12 21:42:00,131260,834.86,835.02,834.68,834.82,595.0,110120.0,110180.0
au2510.SHFE,SHFE.au2510,2025-09-12 21:43:00,131261,834.82,834.84,834.6,834.8,305.0,110180.0,110215.0
au2510.SHFE,SHFE.au2510,2025-09-12 21:44:00,131262,834.8,834.86,834.7,834.7,226.0,110215.0,110222.0
au2510.SHFE,SHFE.au2510,2025-09-12 21:45:00,131263,834.7,834.96,834.7,834.82,326.0,110222.0,110299.0
au2510.SHFE,SHFE.au2510,2025-09-12 21:46:00,131264,834.82,834.86,834.38,834.44,329.0,110299.0,110308.0
au2510.SHFE,SHFE.au2510,2025-09-12 21:47:00,131265,834.44,834.44,834.02,834.06,485.0,110308.0,110331.0
au2510.SHFE,SHFE.au2510,2025-09-12 21:48:00,131266,834.06,834.3,833.8,834.2,874.0,110331.0,110464.0
au2510.SHFE,SHFE.au2510,2025-09-12 21:49:00,131267,834.2,834.34,834.12,834.28,439.0,110464.0,110501.0
au2510.SHFE,SHFE.au2510,2025-09-12 21:50:00,131268,834.28,834.5,834.2,834.46,282.0,110501.0,110488.0
au2510.SHFE,SHFE.au2510,2025-09-12 21:51:00,131269,834.46,834.6,834.38,834.58,262.0,110488.0,110447.0
au2510.SHFE,SHFE.au2510,2025-09-12 21:52:00,131270,834.58,834.8,834.46,834.74,403.0,110447.0,110416.0
au2510.SHFE,SHFE.au2510,2025-09-12 21:53:00,131271,834.74,834.88,834.72,834.76,400.0,110416.0,110416.0
au2510.SHFE,SHFE.au2510,2025-09-12 21:54:00,131272,834.76,834.8,834.64,834.72,144.0,110416.0,110418.0
au2510.SHFE,SHFE.au2510,2025-09-12 21:55:00,131273,834.72,834.76,834.56,834.74,217.0,110418.0,110427.0
au2510.SHFE,SHFE.au2510,2025-09-12 21:56:00,131274,834.74,834.74,834.58,834.66,149.0,110427.0,110407.0
au2510.SHFE,SHFE.au2510,2025-09-12 21:57:00,131275,834.66,834.72,834.44,834.44,184.0,110407.0,110406.0
au2510.SHFE,SHFE.au2510,2025-09-12 21:58:00,131276,834.44,834.66,834.36,834.52,185.0,110406.0,110388.0
au2510.SHFE,SHFE.au2510,2025-09-12 21:59:00,131277,834.52,834.54,834.32,834.48,190.0,110388.0,110418.0
au2510.SHFE,SHFE.au2510,2025-09-12 22:00:00,131278,834.48,834.84,834.44,834.8,409.0,110418.0,110384.0
au2510.SHFE,SHFE.au2510,2025-09-12 22:01:00,131279,834.8,834.92,834.7,834.74,412.0,110384.0,110435.0
au2510.SHFE,SHFE.au2510,2025-09-12 22:02:00,131280,834.74,834.8,834.58,834.78,244.0,110435.0,110440.0
au2510.SHFE,SHFE.au2510,2025-09-12 22:03:00,131281,834.78,834.86,834.62,834.74,198.0,110440.0,110455.0
au2510.SHFE,SHFE.au2510,2025-09-12 22:04:00,131282,834.74,834.86,834.68,834.86,119.0,110455.0,110441.0
au2510.SHFE,SHFE.au2510,2025-09-12 22:05:00,131283,834.86,835.1,834.74,834.74,541.0,110441.0,110575.0
au2510.SHFE,SHFE.au2510,2025-09-12 22:06:00,131284,834.74,834.82,834.52,834.66,380.0,110575.0,110538.0
au2510.SHFE,SHFE.au2510,2025-09-12 22:07:00,131285,834.66,834.66,834.32,834.36,471.0,110538.0,110497.0
au2510.SHFE,SHFE.au2510,2025-09-12 22:08:00,131286,834.36,834.5,834.26,834.48,356.0,110497.0,110474.0
au2510.SHFE,SHFE.au2510,2025-09-12 22:09:00,131287,834.48,834.6,834.44,834.54,206.0,110474.0,110467.0
au2510.SHFE,SHFE.au2510,2025-09-12 22:10:00,131288,834.54,834.9,834.54,834.72,381.0,110467.0,110407.0
au2510.SHFE,SHFE.au2510,2025-09-12 22:11:00,131289,834.72,834.8,834.6,834.76,145.0,110407.0,110415.0
au2510.SHFE,SHFE.au2510,2025-09-12 22:12:00,131290,834.76,834.78,834.64,834.64,105.0,110415.0,110415.0
au2510.SHFE,SHFE.au2510,2025-09-12 22:13:00,131291,834.64,834.94,834.56,834.8,309.0,110415.0,110446.0
au2510.SHFE,SHFE.au2510,2025-09-12 22:14:00,131292,834.8,834.84,834.62,834.74,222.0,110446.0,110438.0
au2510.SHFE,SHFE.au2510,2025-09-12 22:15:00,131293,834.74,834.78,834.58,834.78,128.0,110438.0,110429.0
au2510.SHFE,SHFE.au2510,2025-09-12 22:16:00,131294,834.78,835.02,834.74,834.92,514.0,110429.0,110494.0
au2510.SHFE,SHFE.au2510,2025-09-12 22:17:00,131295,834.92,834.98,834.7,834.86,172.0,110494.0,110501.0
au2510.SHFE,SHFE.au2510,2025-09-12 22:18:00,131296,834.86,834.92,834.66,834.74,243.0,110501.0,110525.0
au2510.SHFE,SHFE.au2510,2025-09-12 22:19:00,131297,834.74,834.96,834.74,834.92,207.0,110525.0,110520.0
au2510.SHFE,SHFE.au2510,2025-09-12 22:20:00,131298,834.92,834.96,834.84,834.86,127.0,110520.0,110532.0
au2510.SHFE,SHFE.au2510,2025-09-12 22:21:00,131299,834.86,834.98,834.82,834.86,162.0,110532.0,110585.0
au2510.SHFE,SHFE.au2510,2025-09-12 22:22:00,131300,834.86,835.04,834.76,834.98,361.0,110585.0,110626.0
au2510.SHFE,SHFE.au2510,2025-09-12 22:23:00,131301,834.98,835.24,834.96,835.18,360.0,110626.0,110725.0
au2510.SHFE,SHFE.au2510,2025-09-12 22:24:00,131302,835.18,835.34,835.12,835.32,304.0,110725.0,110732.0
au2510.SHFE,SHFE.au2510,2025-09-12 22:25:00,131303,835.32,835.32,835.18,835.18,172.0,110732.0,110753.0
au2510.SHFE,SHFE.au2510,2025-09-12 22:26:00,131304,835.18,835.24,835.1,835.22,190.0,110753.0,110782.0
au2510.SHFE,SHFE.au2510,2025-09-12 22:27:00,131305,835.22,835.24,835.02,835.04,182.0,110782.0,110779.0
au2510.SHFE,SHFE.au2510,2025-09-12 22:28:00,131306,835.04,835.08,834.84,835.02,274.0,110779.0,110760.0
au2510.SHFE,SHFE.au2510,2025-09-12 22:29:00,131307,835.02,835.06,834.9,834.94,120.0,110760.0,110770.0
au2510.SHFE,SHFE.au2510,2025-09-12 22:30:00,131308,834.94,835.1,834.9,834.9,142.0,110770.0,110784.0
au2510.SHFE,SHFE.au2510,2025-09-12 22:31:00,131309,834.9,834.94,834.68,834.8,366.0,110784.0,110706.0
au2510.SHFE,SHFE.au2510,2025-09-12 22:32:00,131310,834.8,834.88,834.74,834.82,201.0,110706.0,110696.0
au2510.SHFE,SHFE.au2510,2025-09-12 22:33:00,131311,834.82,834.82,834.72,834.78,81.0,110696.0,110685.0
au2510.SHFE,SHFE.au2510,2025-09-12 22:34:00,131312,834.78,834.92,834.7,834.88,169.0,110685.0,110666.0
au2510.SHFE,SHFE.au2510,2025-09-12 22:35:00,131313,834.88,834.88,834.52,834.6,309.0,110666.0,110702.0
au2510.SHFE,SHFE.au2510,2025-09-12 22:36:00,131314,834.6,834.6,834.1,834.24,578.0,110702.0,110718.0
au2510.SHFE,SHFE.au2510,2025-09-12 22:37:00,131315,834.24,834.34,834.04,834.34,475.0,110718.0,110707.0
au2510.SHFE,SHFE.au2510,2025-09-12 22:38:00,131316,834.34,834.42,834.26,834.36,228.0,110707.0,110709.0
au2510.SHFE,SHFE.au2510,2025-09-12 22:39:00,131317,834.36,834.36,834.14,834.34,212.0,110709.0,110709.0
au2510.SHFE,SHFE.au2510,2025-09-12 22:40:00,131318,834.34,834.48,834.22,834.22,256.0,110709.0,110679.0
au2510.SHFE,SHFE.au2510,2025-09-12 22:41:00,131319,834.22,834.44,834.12,834.32,217.0,110679.0,110659.0
au2510.SHFE,SHFE.au2510,2025-09-12 22:42:00,131320,834.32,834.38,834.24,834.38,103.0,110659.0,110651.0
au2510.SHFE,SHFE.au2510,2025-09-12 22:43:00,131321,834.38,834.52,834.32,834.46,245.0,110651.0,110657.0
au2510.SHFE,SHFE.au2510,2025-09-12 22:44:00,131322,834.46,834.48,834.32,834.34,139.0,110657.0,110663.0
au2510.SHFE,SHFE.au2510,2025-09-12 22:45:00,131323,834.34,834.36,834.16,834.22,235.0,110663.0,110735.0
au2510.SHFE,SHFE.au2510,2025-09-12 22:46:00,131324,834.22,834.28,834.1,834.16,195.0,110735.0,110753.0
au2510.SHFE,SHFE.au2510,2025-09-12 22:47:00,131325,834.16,834.18,834.06,834.08,240.0,110753.0,110712.0
au2510.SHFE,SHFE.au2510,2025-09-12 22:48:00,131326,834.08,834.18,833.84,833.9,505.0,110712.0,110728.0
au2510.SHFE,SHFE.au2510,2025-09-12 22:49:00,131327,833.9,834.2,833.9,834.2,242.0,110728.0,110704.0
au2510.SHFE,SHFE.au2510,2025-09-12 22:50:00,131328,834.2,834.3,834.1,834.26,187.0,110704.0,110675.0
au2510.SHFE,SHFE.au2510,2025-09-12 22:51:00,131329,834.26,834.38,834.26,834.3,291.0,110675.0,110618.0
au2510.SHFE,SHFE.au2510,2025-09-12 22:52:00,131330,834.3,834.3,833.94,833.98,231.0,110618.0,110631.0
au2510.SHFE,SHFE.au2510,2025-09-12 22:53:00,131331,833.98,834.04,833.9,833.98,214.0,110631.0,110619.0
au2510.SHFE,SHFE.au2510,2025-09-12 22:54:00,131332,833.98,834.1,833.94,834.0,124.0,110619.0,110626.0
au2510.SHFE,SHFE.au2510,2025-09-12 22:55:00,131333,834.0,834.08,833.92,834.0,172.0,110626.0,110599.0
au2510.SHFE,SHFE.au2510,2025-09-12 22:56:00,131334,834.0,834.16,833.78,834.08,276.0,110599.0,110608.0
au2510.SHFE,SHFE.au2510,2025-09-12 22:57:00,131335,834.08,834.18,834.0,834.12,157.0,110608.0,110625.0
au2510.SHFE,SHFE.au2510,2025-09-12 22:58:00,131336,834.12,834.16,834.0,834.04,97.0,110625.0,110618.0
au2510.SHFE,SHFE.au2510,2025-09-12 22:59:00,131337,834.04,834.04,833.74,833.92,279.0,110618.0,110638.0
au2510.SHFE,SHFE.au2510,2025-09-12 23:00:00,131338,833.92,833.96,833.76,833.78,181.0,110638.0,110664.0
au2510.SHFE,SHFE.au2510,2025-09-12 23:01:00,131339,833.78,833.96,833.64,833.88,299.0,110664.0,110692.0
au2510.SHFE,SHFE.au2510,2025-09-12 23:02:00,131340,833.88,833.9,833.6,833.62,198.0,110692.0,110726.0
au2510.SHFE,SHFE.au2510,2025-09-12 23:03:00,131341,833.62,833.8,833.56,833.78,308.0,110726.0,110730.0
au2510.SHFE,SHFE.au2510,2025-09-12 23:04:00,131342,833.78,833.94,833.78,833.84,404.0,110730.0,110716.0
au2510.SHFE,SHFE.au2510,2025-09-12 23:05:00,131343,833.84,833.84,833.22,833.54,588.0,110716.0,110739.0
au2510.SHFE,SHFE.au2510,2025-09-12 23:06:00,131344,833.54,833.54,833.32,833.42,284.0,110739.0,110743.0
au2510.SHFE,SHFE.au2510,2025-09-12 23:07:00,131345,833.42,833.62,833.24,833.58,441.0,110743.0,110768.0
au2510.SHFE,SHFE.au2510,2025-09-12 23:08:00,131346,833.58,833.62,833.38,833.42,191.0,110768.0,110736.0
au2510.SHFE,SHFE.au2510,2025-09-12 23:09:00,131347,833.42,833.58,833.42,833.52,187.0,110736.0,110732.0
au2510.SHFE,SHFE.au2510,2025-09-12 23:10:00,131348,833.52,833.66,833.48,833.56,283.0,110732.0,110697.0
au2510.SHFE,SHFE.au2510,2025-09-12 23:11:00,131349,833.56,833.66,833.12,833.12,295.0,110697.0,110706.0
au2510.SHFE,SHFE.au2510,2025-09-12 23:12:00,131350,833.12,833.24,832.6,832.92,1043.0,110706.0,110683.0
au2510.SHFE,SHFE.au2510,2025-09-12 23:13:00,131351,832.92,833.16,832.82,833.12,382.0,110683.0,110721.0
au2510.SHFE,SHFE.au2510,2025-09-12 23:14:00,131352,833.12,833.28,833.04,833.26,309.0,110721.0,110692.0
au2510.SHFE,SHFE.au2510,2025-09-12 23:15:00,131353,833.26,833.54,833.22,833.48,446.0,110692.0,110696.0
au2510.SHFE,SHFE.au2510,2025-09-12 23:16:00,131354,833.48,833.74,833.46,833.5,423.0,110696.0,110711.0
au2510.SHFE,SHFE.au2510,2025-09-12 23:17:00,131355,833.5,833.64,833.48,833.54,172.0,110711.0,110712.0
au2510.SHFE,SHFE.au2510,2025-09-12 23:18:00,131356,833.54,833.7,833.54,833.66,160.0,110712.0,110717.0
au2510.SHFE,SHFE.au2510,2025-09-12 23:19:00,131357,833.66,833.68,833.34,833.36,271.0,110717.0,110737.0
au2510.SHFE,SHFE.au2510,2025-09-12 23:20:00,131358,833.36,833.56,833.24,833.32,296.0,110737.0,110678.0
au2510.SHFE,SHFE.au2510,2025-09-12 23:21:00,131359,833.32,833.32,833.1,833.1,295.0,110678.0,110692.0
au2510.SHFE,SHFE.au2510,2025-09-12 23:22:00,131360,833.1,833.28,833.08,833.22,272.0,110692.0,110741.0
au2510.SHFE,SHFE.au2510,2025-09-12 23:23:00,131361,833.22,833.44,833.18,833.2,188.0,110741.0,110731.0
au2510.SHFE,SHFE.au2510,2025-09-12 23:24:00,131362,833.2,833.34,833.18,833.34,93.0,110731.0,110725.0
au2510.SHFE,SHFE.au2510,2025-09-12 23:25:00,131363,833.34,833.34,833.2,833.28,145.0,110725.0,110719.0
au2510.SHFE,SHFE.au2510,2025-09-12 23:26:00,131364,833.28,833.28,833.06,833.16,162.0,110719.0,110714.0
au2510.SHFE,SHFE.au2510,2025-09-12 23:27:00,131365,833.16,833.36,833.14,833.34,157.0,110714.0,110724.0
au2510.SHFE,SHFE.au2510,2025-09-12 23:28:00,131366,833.34,833.38,833.26,833.38,109.0,110724.0,110717.0
au2510.SHFE,SHFE.au2510,2025-09-12 23:29:00,131367,833.38,833.58,833.38,833.56,171.0,110717.0,110715.0
au2510.SHFE,SHFE.au2510,2025-09-12 23:30:00,131368,833.56,833.66,833.56,833.62,223.0,110715.0,110705.0
au2510.SHFE,SHFE.au2510,2025-09-12 23:31:00,131369,833.62,833.82,833.6,833.8,327.0,110705.0,110712.0
au2510.SHFE,SHFE.au2510,2025-09-12 23:32:00,131370,833.8,833.8,833.62,833.74,267.0,110712.0,110707.0
au2510.SHFE,SHFE.au2510,2025-09-12 23:33:00,131371,833.74,833.82,833.62,833.82,216.0,110707.0,110675.0
au2510.SHFE,SHFE.au2510,2025-09-12 23:34:00,131372,833.82,834.1,833.8,834.06,480.0,110675.0,110660.0
au2510.SHFE,SHFE.au2510,2025-09-12 23:35:00,131373,834.06,834.06,833.86,833.88,254.0,110660.0,110620.0
au2510.SHFE,SHFE.au2510,2025-09-12 23:36:00,131374,833.88,834.1,833.88,834.06,141.0,110620.0,110622.0
au2510.SHFE,SHFE.au2510,2025-09-12 23:37:00,131375,834.06,834.18,834.04,834.12,209.0,110622.0,110625.0
au2510.SHFE,SHFE.au2510,2025-09-12 23:38:00,131376,834.12,834.12,833.96,834.04,176.0,110625.0,110673.0
au2510.SHFE,SHFE.au2510,2025-09-12 23:39:00,131377,834.04,834.06,833.8,833.86,134.0,110673.0,110661.0
au2510.SHFE,SHFE.au2510,2025-09-12 23:40:00,131378,833.86,834.04,833.86,834.0,114.0,110661.0,110680.0
au2510.SHFE,SHFE.au2510,2025-09-12 23:41:00,131379,834.0,834.08,833.96,834.04,84.0,110680.0,110692.0
au2510.SHFE,SHFE.au2510,2025-09-12 23:42:00,131380,834.04,834.06,833.96,834.02,52.0,110692.0,110677.0
au2510.SHFE,SHFE.au2510,2025-09-12 23:43:00,131381,834.02,834.18,834.02,834.16,173.0,110677.0,110711.0
au2510.SHFE,SHFE.au2510,2025-09-12 23:44:00,131382,834.16,834.16,834.08,834.08,102.0,110711.0,110722.0
au2510.SHFE,SHFE.au2510,2025-09-12 23:45:00,131383,834.08,834.12,834.0,834.0,59.0,110722.0,110709.0
au2510.SHFE,SHFE.au2510,2025-09-12 23:46:00,131384,834.0,834.0,833.92,833.94,166.0,110709.0,110716.0
au2510.SHFE,SHFE.au2510,2025-09-12 23:47:00,131385,833.94,833.96,833.62,833.68,257.0,110716.0,110716.0
au2510.SHFE,SHFE.au2510,2025-09-12 23:48:00,131386,833.68,833.82,833.66,833.66,95.0,110716.0,110703.0
au2510.SHFE,SHFE.au2510,2025-09-12 23:49:00,131387,833.66,833.88,833.66,833.82,120.0,110703.0,110705.0
au2510.SHFE,SHFE.au2510,2025-09-12 23:50:00,131388,833.82,833.96,833.78,833.92,120.0,110705.0,110698.0
au2510.SHFE,SHFE.au2510,2025-09-12 23:51:00,131389,833.92,833.98,833.88,833.98,58.0,110698.0,110692.0
au2510.SHFE,SHFE.au2510,2025-09-12 23:52:00,131390,833.98,833.98,833.88,833.9,59.0,110692.0,110705.0
au2510.SHFE,SHFE.au2510,2025-09-12 23:53:00,131391,833.9,833.94,833.78,833.78,90.0,110705.0,110699.0
au2510.SHFE,SHFE.au2510,2025-09-12 23:54:00,131392,833.78,833.88,833.78,833.86,30.0,110699.0,110693.0
au2510.SHFE,SHFE.au2510,2025-09-12 23:55:00,131393,833.86,833.86,833.74,833.84,58.0,110693.0,110705.0
au2510.SHFE,SHFE.au2510,2025-09-12 23:56:00,131394,833.84,833.84,833.66,833.66,152.0,110705.0,110640.0
au2510.SHFE,SHFE.au2510,2025-09-12 23:57:00,131395,833.66,833.66,833.5,833.52,223.0,110640.0,110583.0
au2510.SHFE,SHFE.au2510,2025-09-12 23:58:00,131396,833.52,833.56,833.38,833.4,132.0,110583.0,110598.0
au2510.SHFE,SHFE.au2510,2025-09-12 23:59:00,131397,833.4,833.58,833.36,833.58,134.0,110598.0,110579.0
au2510.SHFE,SHFE.au2510,2025-09-13 00:00:00,131398,833.58,833.64,833.54,833.54,106.0,110579.0,110574.0
au2510.SHFE,SHFE.au2510,2025-09-13 00:01:00,131399,833.54,833.6,833.48,833.54,62.0,110574.0,110579.0
au2510.SHFE,SHFE.au2510,2025-09-13 00:02:00,131400,833.54,833.62,833.5,833.56,35.0,110579.0,110579.0
au2510.SHFE,SHFE.au2510,2025-09-13 00:03:00,131401,833.56,833.64,833.56,833.58,57.0,110579.0,110583.0
au2510.SHFE,SHFE.au2510,2025-09-13 00:04:00,131402,833.58,833.6,833.42,833.46,67.0,110583.0,110588.0
au2510.SHFE,SHFE.au2510,2025-09-13 00:05:00,131403,833.46,833.46,833.34,833.42,147.0,110588.0,110589.0
au2510.SHFE,SHFE.au2510,2025-09-13 00:06:00,131404,833.42,833.52,833.4,833.42,69.0,110589.0,110585.0
au2510.SHFE,SHFE.au2510,2025-09-13 00:07:00,131405,833.42,833.42,833.32,833.36,151.0,110585.0,110591.0
au2510.SHFE,SHFE.au2510,2025-09-13 00:08:00,131406,833.36,833.38,833.2,833.38,175.0,110591.0,110589.0
au2510.SHFE,SHFE.au2510,2025-09-13 00:09:00,131407,833.38,833.4,833.22,833.22,108.0,110589.0,110586.0
au2510.SHFE,SHFE.au2510,2025-09-13 00:10:00,131408,833.22,833.32,833.22,833.28,55.0,110586.0,110584.0
au2510.SHFE,SHFE.au2510,2025-09-13 00:11:00,131409,833.28,833.4,833.28,833.4,55.0,110584.0,110587.0
au2510.SHFE,SHFE.au2510,2025-09-13 00:12:00,131410,833.4,833.42,833.3,833.38,65.0,110587.0,110587.0
au2510.SHFE,SHFE.au2510,2025-09-13 00:13:00,131411,833.38,833.42,833.3,833.36,65.0,110587.0,110588.0
au2510.SHFE,SHFE.au2510,2025-09-13 00:14:00,131412,833.36,833.42,833.34,833.42,42.0,110588.0,110588.0
au2510.SHFE,SHFE.au2510,2025-09-13 00:15:00,131413,833.42,833.52,833.38,833.46,84.0,110588.0,110574.0
au2510.SHFE,SHFE.au2510,2025-09-13 00:16:00,131414,833.46,833.5,833.4,833.46,42.0,110574.0,110582.0
au2510.SHFE,SHFE.au2510,2025-09-13 00:17:00,131415,833.46,833.62,833.44,833.58,92.0,110582.0,110569.0
au2510.SHFE,SHFE.au2510,2025-09-13 00:18:00,131416,833.58,833.62,833.56,833.62,41.0,110569.0,110573.0
au2510.SHFE,SHFE.au2510,2025-09-13 00:19:00,131417,833.62,833.62,833.48,833.54,72.0,110573.0,110560.0
au2510.SHFE,SHFE.au2510,2025-09-13 00:20:00,131418,833.54,833.8,833.54,833.8,148.0,110560.0,110558.0
au2510.SHFE,SHFE.au2510,2025-09-13 00:21:00,131419,833.8,833.84,833.7,833.8,183.0,110558.0,110523.0
au2510.SHFE,SHFE.au2510,2025-09-13 00:22:00,131420,833.8,833.9,833.78,833.84,100.0,110523.0,110497.0
au2510.SHFE,SHFE.au2510,2025-09-13 00:23:00,131421,833.84,833.92,833.82,833.9,89.0,110497.0,110489.0
au2510.SHFE,SHFE.au2510,2025-09-13 00:24:00,131422,833.9,833.94,833.84,833.9,67.0,110489.0,110500.0
au2510.SHFE,SHFE.au2510,2025-09-13 00:25:00,131423,833.9,834.06,833.86,833.9,206.0,110500.0,110527.0
au2510.SHFE,SHFE.au2510,2025-09-13 00:26:00,131424,833.9,834.0,833.8,833.84,141.0,110527.0,110511.0
au2510.SHFE,SHFE.au2510,2025-09-13 00:27:00,131425,833.84,833.92,833.84,833.88,42.0,110511.0,110506.0
au2510.SHFE,SHFE.au2510,2025-09-13 00:28:00,131426,833.88,833.94,833.86,833.88,62.0,110506.0,110497.0
au2510.SHFE,SHFE.au2510,2025-09-13 00:29:00,131427,833.88,833.94,833.82,833.92,151.0,110497.0,110492.0
au2510.SHFE,SHFE.au2510,2025-09-13 00:30:00,131428,833.92,833.96,833.88,833.92,77.0,110492.0,110479.0
au2510.SHFE,SHFE.au2510,2025-09-13 00:31:00,131429,833.92,834.08,833.92,833.94,171.0,110479.0,110504.0
au2510.SHFE,SHFE.au2510,2025-09-13 00:32:00,131430,833.94,834.02,833.86,833.96,152.0,110504.0,110491.0
au2510.SHFE,SHFE.au2510,2025-09-13 00:33:00,131431,833.96,834.06,833.96,834.04,37.0,110491.0,110482.0
au2510.SHFE,SHFE.au2510,2025-09-13 00:34:00,131432,834.04,834.04,833.9,833.96,41.0,110482.0,110492.0
au2510.SHFE,SHFE.au2510,2025-09-13 00:35:00,131433,833.96,833.96,833.72,833.74,145.0,110492.0,110509.0
au2510.SHFE,SHFE.au2510,2025-09-13 00:36:00,131434,833.74,833.78,833.66,833.76,138.0,110509.0,110514.0
au2510.SHFE,SHFE.au2510,2025-09-13 00:37:00,131435,833.76,833.96,833.76,833.94,66.0,110514.0,110502.0
au2510.SHFE,SHFE.au2510,2025-09-13 00:38:00,131436,833.94,833.96,833.82,833.82,76.0,110502.0,110500.0
au2510.SHFE,SHFE.au2510,2025-09-13 00:39:00,131437,833.82,833.82,833.78,833.78,36.0,110500.0,110501.0
au2510.SHFE,SHFE.au2510,2025-09-13 00:40:00,131438,833.78,833.86,833.78,833.84,60.0,110501.0,110530.0
au2510.SHFE,SHFE.au2510,2025-09-13 00:41:00,131439,833.84,833.86,833.76,833.76,39.0,110530.0,110552.0
au2510.SHFE,SHFE.au2510,2025-09-13 00:42:00,131440,833.76,833.9,833.72,833.9,59.0,110552.0,110547.0
au2510.SHFE,SHFE.au2510,2025-09-13 00:43:00,131441,833.9,833.94,833.8,833.86,47.0,110547.0,110556.0
au2510.SHFE,SHFE.au2510,2025-09-13 00:44:00,131442,833.86,833.88,833.8,833.88,50.0,110556.0,110558.0
au2510.SHFE,SHFE.au2510,2025-09-13 00:45:00,131443,833.88,834.0,833.88,833.9,95.0,110558.0,110548.0
au2510.SHFE,SHFE.au2510,2025-09-13 00:46:00,131444,833.9,834.04,833.88,834.02,84.0,110548.0,110540.0
au2510.SHFE,SHFE.au2510,2025-09-13 00:47:00,131445,834.02,834.02,833.86,833.88,66.0,110540.0,110539.0
au2510.SHFE,SHFE.au2510,2025-09-13 00:48:00,131446,833.88,833.94,833.84,833.94,20.0,110539.0,110543.0
au2510.SHFE,SHFE.au2510,2025-09-13 00:49:00,131447,833.94,834.04,833.92,834.02,57.0,110543.0,110535.0
au2510.SHFE,SHFE.au2510,2025-09-13 00:50:00,131448,834.02,834.06,833.96,834.04,58.0,110535.0,110544.0
au2510.SHFE,SHFE.au2510,2025-09-13 00:51:00,131449,834.04,834.22,834.04,834.22,109.0,110544.0,110524.0
au2510.SHFE,SHFE.au2510,2025-09-13 00:52:00,131450,834.22,834.22,834.12,834.18,55.0,110524.0,110547.0
au2510.SHFE,SHFE.au2510,2025-09-13 00:53:00,131451,834.18,834.18,834.06,834.12,79.0,110547.0,110563.0
au2510.SHFE,SHFE.au2510,2025-09-13 00:54:00,131452,834.12,834.2,834.1,834.2,70.0,110563.0,110575.0
au2510.SHFE,SHFE.au2510,2025-09-13 00:55:00,131453,834.2,834.32,834.18,834.32,132.0,110575.0,110574.0
au2510.SHFE,SHFE.au2510,2025-09-13 00:56:00,131454,834.32,834.34,834.26,834.28,114.0,110574.0,110583.0
au2510.SHFE,SHFE.au2510,2025-09-13 00:57:00,131455,834.28,834.28,834.18,834.22,57.0,110583.0,110587.0
au2510.SHFE,SHFE.au2510,2025-09-13 00:58:00,131456,834.22,834.3,834.22,834.3,113.0,110587.0,110615.0
au2510.SHFE,SHFE.au2510,2025-09-13 00:59:00,131457,834.3,834.34,834.18,834.18,67.0,110615.0,110625.0
au2510.SHFE,SHFE.au2510,2025-09-13 01:00:00,131458,834.18,834.4,834.18,834.38,95.0,110625.0,110628.0
au2510.SHFE,SHFE.au2510,2025-09-13 01:01:00,131459,834.38,834.4,834.36,834.36,30.0,110628.0,110636.0
au2510.SHFE,SHFE.au2510,2025-09-13 01:02:00,131460,834.36,834.36,834.2,834.24,75.0,110636.0,110640.0
au2510.SHFE,SHFE.au2510,2025-09-13 01:03:00,131461,834.24,834.24,834.14,834.22,77.0,110640.0,110646.0
au2510.SHFE,SHFE.au2510,2025-09-13 01:04:00,131462,834.22,834.3,834.18,834.26,35.0,110646.0,110640.0
au2510.SHFE,SHFE.au2510,2025-09-13 01:05:00,131463,834.26,834.28,834.22,834.22,28.0,110640.0,110644.0
au2510.SHFE,SHFE.au2510,2025-09-13 01:06:00,131464,834.22,834.22,834.0,834.2,119.0,110644.0,110645.0
au2510.SHFE,SHFE.au2510,2025-09-13 01:07:00,131465,834.2,834.36,834.2,834.28,50.0,110645.0,110653.0
au2510.SHFE,SHFE.au2510,2025-09-13 01:08:00,131466,834.28,834.34,834.24,834.32,21.0,110653.0,110652.0
au2510.SHFE,SHFE.au2510,2025-09-13 01:09:00,131467,834.32,834.34,834.28,834.3,23.0,110652.0,110657.0
au2510.SHFE,SHFE.au2510,2025-09-13 01:10:00,131468,834.3,834.44,834.3,834.4,62.0,110657.0,110657.0
au2510.SHFE,SHFE.au2510,2025-09-13 01:11:00,131469,834.4,834.42,834.32,834.36,78.0,110657.0,110644.0
au2510.SHFE,SHFE.au2510,2025-09-13 01:12:00,131470,834.36,834.4,834.26,834.38,54.0,110644.0,110657.0
au2510.SHFE,SHFE.au2510,2025-09-13 01:13:00,131471,834.38,834.4,834.36,834.38,26.0,110657.0,110657.0
au2510.SHFE,SHFE.au2510,2025-09-13 01:14:00,131472,834.38,834.38,834.32,834.34,37.0,110657.0,110657.0
au2510.SHFE,SHFE.au2510,2025-09-13 01:15:00,131473,834.34,834.38,834.32,834.32,59.0,110657.0,110692.0
au2510.SHFE,SHFE.au2510,2025-09-13 01:16:00,131474,834.32,834.36,834.24,834.28,38.0,110692.0,110699.0
au2510.SHFE,SHFE.au2510,2025-09-13 01:17:00,131475,834.28,834.32,834.22,834.26,37.0,110699.0,110691.0
au2510.SHFE,SHFE.au2510,2025-09-13 01:18:00,131476,834.26,834.36,834.24,834.34,39.0,110691.0,110691.0
au2510.SHFE,SHFE.au2510,2025-09-13 01:19:00,131477,834.34,834.42,834.34,834.4,37.0,110691.0,110701.0
au2510.SHFE,SHFE.au2510,2025-09-13 01:20:00,131478,834.4,834.58,834.34,834.48,116.0,110701.0,110702.0
au2510.SHFE,SHFE.au2510,2025-09-13 01:21:00,131479,834.48,834.5,834.36,834.4,47.0,110702.0,110707.0
au2510.SHFE,SHFE.au2510,2025-09-13 01:22:00,131480,834.4,834.56,834.36,834.56,68.0,110707.0,110708.0
au2510.SHFE,SHFE.au2510,2025-09-13 01:23:00,131481,834.56,834.6,834.48,834.5,89.0,110708.0,110708.0
au2510.SHFE,SHFE.au2510,2025-09-13 01:24:00,131482,834.5,834.5,834.28,834.3,99.0,110708.0,110708.0
au2510.SHFE,SHFE.au2510,2025-09-13 01:25:00,131483,834.3,834.4,834.28,834.3,31.0,110708.0,110710.0
au2510.SHFE,SHFE.au2510,2025-09-13 01:26:00,131484,834.3,834.3,834.16,834.18,137.0,110710.0,110680.0
au2510.SHFE,SHFE.au2510,2025-09-13 01:27:00,131485,834.18,834.2,834.04,834.06,132.0,110680.0,110679.0
au2510.SHFE,SHFE.au2510,2025-09-13 01:28:00,131486,834.06,834.16,833.96,833.96,91.0,110679.0,110659.0
au2510.SHFE,SHFE.au2510,2025-09-13 01:29:00,131487,833.96,834.1,833.96,834.04,173.0,110659.0,110650.0
au2510.SHFE,SHFE.au2510,2025-09-13 01:30:00,131488,834.04,834.1,833.88,834.04,121.0,110650.0,110637.0
au2510.SHFE,SHFE.au2510,2025-09-13 01:31:00,131489,834.04,834.1,834.0,834.1,36.0,110637.0,110628.0
au2510.SHFE,SHFE.au2510,2025-09-13 01:32:00,131490,834.1,834.26,834.1,834.24,101.0,110628.0,110640.0
au2510.SHFE,SHFE.au2510,2025-09-13 01:33:00,131491,834.24,834.24,834.16,834.22,42.0,110640.0,110641.0
au2510.SHFE,SHFE.au2510,2025-09-13 01:34:00,131492,834.22,834.34,834.22,834.22,59.0,110641.0,110649.0
au2510.SHFE,SHFE.au2510,2025-09-13 01:35:00,131493,834.22,834.22,834.14,834.18,30.0,110649.0,110642.0
au2510.SHFE,SHFE.au2510,2025-09-13 01:36:00,131494,834.18,834.24,834.16,834.24,26.0,110642.0,110644.0
au2510.SHFE,SHFE.au2510,2025-09-13 01:37:00,131495,834.24,834.36,834.22,834.32,42.0,110644.0,110661.0
au2510.SHFE,SHFE.au2510,2025-09-13 01:38:00,131496,834.32,834.32,834.22,834.3,52.0,110661.0,110675.0
au2510.SHFE,SHFE.au2510,2025-09-13 01:39:00,131497,834.3,834.32,834.22,834.24,40.0,110675.0,110673.0
au2510.SHFE,SHFE.au2510,2025-09-13 01:40:00,131498,834.24,834.26,834.22,834.22,10.0,110673.0,110674.0
au2510.SHFE,SHFE.au2510,2025-09-13 01:41:00,131499,834.22,834.26,834.2,834.24,19.0,110674.0,110677.0
au2510.SHFE,SHFE.au2510,2025-09-13 01:42:00,131500,834.24,834.24,834.18,834.2,13.0,110677.0,110681.0
au2510.SHFE,SHFE.au2510,2025-09-13 01:43:00,131501,834.2,834.22,834.18,834.2,12.0,110681.0,110680.0
au2510.SHFE,SHFE.au2510,2025-09-13 01:44:00,131502,834.2,834.28,834.18,834.26,15.0,110680.0,110681.0
au2510.SHFE,SHFE.au2510,2025-09-13 01:45:00,131503,834.26,834.28,834.14,834.26,27.0,110681.0,110674.0
au2510.SHFE,SHFE.au2510,2025-09-13 01:46:00,131504,834.26,834.26,834.16,834.2,16.0,110674.0,110675.0
au2510.SHFE,SHFE.au2510,2025-09-13 01:47:00,131505,834.2,834.24,834.16,834.16,25.0,110675.0,110676.0
au2510.SHFE,SHFE.au2510,2025-09-13 01:48:00,131506,834.16,834.26,834.16,834.24,23.0,110676.0,110672.0
au2510.SHFE,SHFE.au2510,2025-09-13 01:49:00,131507,834.24,834.28,834.24,834.28,10.0,110672.0,110675.0
au2510.SHFE,SHFE.au2510,2025-09-13 01:50:00,131508,834.28,834.4,834.26,834.36,48.0,110675.0,110674.0
au2510.SHFE,SHFE.au2510,2025-09-13 01:51:00,131509,834.36,834.4,834.34,834.4,22.0,110674.0,110678.0
au2510.SHFE,SHFE.au2510,2025-09-13 01:52:00,131510,834.4,834.4,834.3,834.32,37.0,110678.0,110680.0
au2510.SHFE,SHFE.au2510,2025-09-13 01:53:00,131511,834.32,834.32,834.28,834.3,26.0,110680.0,110681.0
au2510.SHFE,SHFE.au2510,2025-09-13 01:54:00,131512,834.3,834.38,834.26,834.32,43.0,110681.0,110679.0
au2510.SHFE,SHFE.au2510,2025-09-13 01:55:00,131513,834.32,834.36,834.3,834.36,36.0,110679.0,110698.0
au2510.SHFE,SHFE.au2510,2025-09-13 01:56:00,131514,834.36,834.36,834.3,834.3,31.0,110698.0,110711.0
au2510.SHFE,SHFE.au2510,2025-09-13 01:57:00,131515,834.3,834.34,834.26,834.3,42.0,110711.0,110713.0
au2510.SHFE,SHFE.au2510,2025-09-13 01:58:00,131516,834.3,834.32,834.28,834.3,12.0,110713.0,110710.0
au2510.SHFE,SHFE.au2510,2025-09-13 01:59:00,131517,834.3,834.34,834.22,834.26,34.0,110710.0,110717.0
au2510.SHFE,SHFE.au2510,2025-09-13 02:00:00,131518,834.26,834.28,834.1,834.12,55.0,110717.0,110718.0
au2510.SHFE,SHFE.au2510,2025-09-13 02:01:00,131519,834.12,834.22,834.12,834.2,35.0,110718.0,110723.0
au2510.SHFE,SHFE.au2510,2025-09-13 02:02:00,131520,834.2,834.2,834.1,834.14,57.0,110723.0,110714.0
au2510.SHFE,SHFE.au2510,2025-09-13 02:03:00,131521,834.14,834.24,834.14,834.18,15.0,110714.0,110715.0
au2510.SHFE,SHFE.au2510,2025-09-13 02:04:00,131522,834.18,834.24,834.18,834.22,30.0,110715.0,110700.0
au2510.SHFE,SHFE.au2510,2025-09-13 02:05:00,131523,834.22,834.22,834.16,834.18,24.0,110700.0,110694.0
au2510.SHFE,SHFE.au2510,2025-09-13 02:06:00,131524,834.18,834.24,834.16,834.2,17.0,110694.0,110696.0
au2510.SHFE,SHFE.au2510,2025-09-13 02:07:00,131525,834.2,834.2,834.1,834.1,17.0,110696.0,110700.0
au2510.SHFE,SHFE.au2510,2025-09-13 02:08:00,131526,834.1,834.12,833.82,833.9,101.0,110700.0,110680.0
au2510.SHFE,SHFE.au2510,2025-09-13 02:09:00,131527,833.9,834.04,833.9,834.04,26.0,110680.0,110672.0
au2510.SHFE,SHFE.au2510,2025-09-13 02:10:00,131528,834.04,834.06,833.96,833.96,25.0,110672.0,110677.0
au2510.SHFE,SHFE.au2510,2025-09-13 02:11:00,131529,833.96,833.98,833.94,833.94,30.0,110677.0,110672.0
au2510.SHFE,SHFE.au2510,2025-09-13 02:12:00,131530,833.94,834.0,833.94,834.0,39.0,110672.0,110659.0
au2510.SHFE,SHFE.au2510,2025-09-13 02:13:00,131531,834.0,834.02,833.94,834.02,44.0,110659.0,110647.0
au2510.SHFE,SHFE.au2510,2025-09-13 02:14:00,131532,834.02,834.12,834.02,834.12,41.0,110647.0,110660.0
au2510.SHFE,SHFE.au2510,2025-09-13 02:15:00,131533,834.12,834.22,834.08,834.18,92.0,110660.0,110616.0
au2510.SHFE,SHFE.au2510,2025-09-13 02:16:00,131534,834.18,834.2,834.1,834.1,20.0,110616.0,110612.0
au2510.SHFE,SHFE.au2510,2025-09-13 02:17:00,131535,834.1,834.12,834.08,834.08,18.0,110612.0,110608.0
au2510.SHFE,SHFE.au2510,2025-09-13 02:18:00,131536,834.08,834.1,834.04,834.08,20.0,110608.0,110607.0
au2510.SHFE,SHFE.au2510,2025-09-13 02:19:00,131537,834.08,834.12,833.98,834.02,96.0,110607.0,110587.0
au2510.SHFE,SHFE.au2510,2025-09-13 02:20:00,131538,834.02,834.14,834.02,834.02,63.0,110587.0,110599.0
au2510.SHFE,SHFE.au2510,2025-09-13 02:21:00,131539,834.02,834.14,834.02,834.12,23.0,110599.0,110589.0
au2510.SHFE,SHFE.au2510,2025-09-13 02:22:00,131540,834.12,834.22,834.12,834.22,49.0,110589.0,110590.0
au2510.SHFE,SHFE.au2510,2025-09-13 02:23:00,131541,834.22,834.28,834.16,834.2,36.0,110590.0,110583.0
au2510.SHFE,SHFE.au2510,2025-09-13 02:24:00,131542,834.2,834.28,834.18,834.24,32.0,110583.0,110574.0
au2510.SHFE,SHFE.au2510,2025-09-13 02:25:00,131543,834.24,834.3,834.14,834.2,129.0,110574.0,110550.0
au2510.SHFE,SHFE.au2510,2025-09-13 02:26:00,131544,834.2,834.2,833.88,833.92,113.0,110550.0,110500.0
au2510.SHFE,SHFE.au2510,2025-09-13 02:27:00,131545,833.92,834.16,833.82,834.04,158.0,110500.0,110455.0
au2510.SHFE,SHFE.au2510,2025-09-13 02:28:00,131546,834.04,834.04,833.96,833.98,75.0,110455.0,110442.0
au2510.SHFE,SHFE.au2510,2025-09-13 02:29:00,131547,833.98,834.0,833.5,834.0,625.0,110442.0,110221.0
au2510.SHFE,SHFE.au2510,2025-09-15 09:00:00,131548,831.0,831.0,830.2,830.2,2494.0,110221.0,110256.0
au2510.SHFE,SHFE.au2510,2025-09-15 09:01:00,131549,830.2,830.66,829.5,830.52,1931.0,110256.0,110205.0
au2510.SHFE,SHFE.au2510,2025-09-15 09:02:00,131550,830.52,830.6,829.78,829.84,940.0,110205.0,110159.0
au2510.SHFE,SHFE.au2510,2025-09-15 09:03:00,131551,829.84,830.4,829.82,830.34,984.0,110159.0,110042.0
au2510.SHFE,SHFE.au2510,2025-09-15 09:04:00,131552,830.34,830.4,829.9,829.9,823.0,110042.0,109939.0
au2510.SHFE,SHFE.au2510,2025-09-15 09:05:00,131553,829.9,829.9,829.1,829.12,1679.0,109939.0,109758.0
au2510.SHFE,SHFE.au2510,2025-09-15 09:06:00,131554,829.12,829.44,828.92,829.32,1305.0,109758.0,109727.0
au2510.SHFE,SHFE.au2510,2025-09-15 09:07:00,131555,829.32,829.34,828.68,829.08,1125.0,109727.0,109628.0
au2510.SHFE,SHFE.au2510,2025-09-15 09:08:00,131556,829.08,829.36,828.98,829.06,880.0,109628.0,109539.0
au2510.SHFE,SHFE.au2510,2025-09-15 09:09:00,131557,829.06,829.48,828.92,829.46,609.0,109539.0,109513.0
au2510.SHFE,SHFE.au2510,2025-09-15 09:10:00,131558,829.46,829.8,829.28,829.32,667.0,109513.0,109441.0
au2510.SHFE,SHFE.au2510,2025-09-15 09:11:00,131559,829.32,829.32,828.6,828.68,569.0,109441.0,109389.0
au2510.SHFE,SHFE.au2510,2025-09-15 09:12:00,131560,828.68,828.86,828.42,828.44,1097.0,109389.0,109249.0
au2510.SHFE,SHFE.au2510,2025-09-15 09:13:00,131561,828.44,829.12,828.44,829.1,721.0,109249.0,109115.0
au2510.SHFE,SHFE.au2510,2025-09-15 09:14:00,131562,829.1,829.26,828.96,829.02,404.0,109115.0,109057.0
au2510.SHFE,SHFE.au2510,2025-09-15 09:15:00,131563,829.02,829.26,828.92,829.1,331.0,109057.0,109056.0
au2510.SHFE,SHFE.au2510,2025-09-15 09:16:00,131564,829.1,829.1,828.7,828.84,377.0,109056.0,109077.0
au2510.SHFE,SHFE.au2510,2025-09-15 09:17:00,131565,828.84,828.86,828.46,828.78,555.0,109077.0,109001.0
au2510.SHFE,SHFE.au2510,2025-09-15 09:18:00,131566,828.78,829.48,828.74,829.44,754.0,109001.0,108848.0
au2510.SHFE,SHFE.au2510,2025-09-15 09:19:00,131567,829.44,829.84,829.42,829.74,781.0,108848.0,108669.0
au2510.SHFE,SHFE.au2510,2025-09-15 09:20:00,131568,829.74,829.78,829.4,829.58,506.0,108669.0,108581.0
au2510.SHFE,SHFE.au2510,2025-09-15 09:21:00,131569,829.58,829.62,829.38,829.48,362.0,108581.0,108504.0
au2510.SHFE,SHFE.au2510,2025-09-15 09:22:00,131570,829.48,829.64,829.22,829.62,530.0,108504.0,108471.0
au2510.SHFE,SHFE.au2510,2025-09-15 09:23:00,131571,829.62,829.78,829.1,829.2,532.0,108471.0,108462.0
au2510.SHFE,SHFE.au2510,2025-09-15 09:24:00,131572,829.2,829.36,829.08,829.34,302.0,108462.0,108449.0
au2510.SHFE,SHFE.au2510,2025-09-15 09:25:00,131573,829.34,829.54,829.3,829.36,294.0,108449.0,108367.0
au2510.SHFE,SHFE.au2510,2025-09-15 09:26:00,131574,829.36,829.64,829.32,829.6,202.0,108367.0,108319.0
au2510.SHFE,SHFE.au2510,2025-09-15 09:27:00,131575,829.6,830.06,829.6,830.06,441.0,108319.0,108255.0
au2510.SHFE,SHFE.au2510,2025-09-15 09:28:00,131576,830.06,830.22,829.98,830.22,472.0,108255.0,108233.0
au2510.SHFE,SHFE.au2510,2025-09-15 09:29:00,131577,830.22,830.22,829.9,830.14,331.0,108233.0,108219.0
au2510.SHFE,SHFE.au2510,2025-09-15 09:30:00,131578,830.14,830.18,829.92,829.94,289.0,108219.0,108197.0
au2510.SHFE,SHFE.au2510,2025-09-15 09:31:00,131579,829.94,830.18,829.94,830.12,204.0,108197.0,108153.0
au2510.SHFE,SHFE.au2510,2025-09-15 09:32:00,131580,830.12,830.22,829.98,830.18,192.0,108153.0,108146.0
au2510.SHFE,SHFE.au2510,2025-09-15 09:33:00,131581,830.18,830.18,830.02,830.08,264.0,108146.0,108101.0
au2510.SHFE,SHFE.au2510,2025-09-15 09:34:00,131582,830.08,830.1,829.82,829.98,341.0,108101.0,108063.0
au2510.SHFE,SHFE.au2510,2025-09-15 09:35:00,131583,829.98,830.02,829.62,829.94,489.0,108063.0,107995.0
au2510.SHFE,SHFE.au2510,2025-09-15 09:36:00,131584,829.94,829.96,829.34,829.62,347.0,107995.0,107965.0
au2510.SHFE,SHFE.au2510,2025-09-15 09:37:00,131585,829.62,829.68,829.38,829.38,299.0,107965.0,107935.0
au2510.SHFE,SHFE.au2510,2025-09-15 09:38:00,131586,829.38,830.2,829.36,830.06,559.0,107935.0,107858.0
au2510.SHFE,SHFE.au2510,2025-09-15 09:39:00,131587,830.06,830.14,829.9,829.94,247.0,107858.0,107815.0
au2510.SHFE,SHFE.au2510,2025-09-15 09:40:00,131588,829.94,830.1,829.78,830.08,181.0,107815.0,107796.0
au2510.SHFE,SHFE.au2510,2025-09-15 09:41:00,131589,830.08,830.4,830.04,830.36,300.0,107796.0,107837.0
au2510.SHFE,SHFE.au2510,2025-09-15 09:42:00,131590,830.36,830.38,830.14,830.18,203.0,107837.0,107816.0
au2510.SHFE,SHFE.au2510,2025-09-15 09:43:00,131591,830.18,830.18,830.0,830.08,182.0,107816.0,107775.0
au2510.SHFE,SHFE.au2510,2025-09-15 09:44:00,131592,830.08,830.2,830.04,830.08,159.0,107775.0,107701.0
au2510.SHFE,SHFE.au2510,2025-09-15 09:45:00,131593,830.08,830.1,829.84,830.06,279.0,107701.0,107673.0
au2510.SHFE,SHFE.au2510,2025-09-15 09:46:00,131594,830.06,830.12,829.9,830.04,172.0,107673.0,107634.0
au2510.SHFE,SHFE.au2510,2025-09-15 09:47:00,131595,830.04,830.38,830.0,830.34,267.0,107634.0,107595.0
au2510.SHFE,SHFE.au2510,2025-09-15 09:48:00,131596,830.34,830.58,830.3,830.42,283.0,107595.0,107552.0
au2510.SHFE,SHFE.au2510,2025-09-15 09:49:00,131597,830.42,830.54,830.4,830.54,194.0,107552.0,107525.0
au2510.SHFE,SHFE.au2510,2025-09-15 09:50:00,131598,830.54,830.66,830.44,830.54,325.0,107525.0,107486.0
au2510.SHFE,SHFE.au2510,2025-09-15 09:51:00,131599,830.54,830.9,830.54,830.88,395.0,107486.0,107468.0
au2510.SHFE,SHFE.au2510,2025-09-15 09:52:00,131600,830.88,830.9,830.74,830.78,299.0,107468.0,107413.0
au2510.SHFE,SHFE.au2510,2025-09-15 09:53:00,131601,830.78,830.78,830.52,830.72,338.0,107413.0,107408.0
au2510.SHFE,SHFE.au2510,2025-09-15 09:54:00,131602,830.72,830.86,830.66,830.76,333.0,107408.0,107368.0
au2510.SHFE,SHFE.au2510,2025-09-15 09:55:00,131603,830.76,830.96,830.76,830.84,212.0,107368.0,107348.0
au2510.SHFE,SHFE.au2510,2025-09-15 09:56:00,131604,830.84,830.84,830.7,830.7,219.0,107348.0,107288.0
au2510.SHFE,SHFE.au2510,2025-09-15 09:57:00,131605,830.7,830.86,830.68,830.82,245.0,107288.0,107252.0
au2510.SHFE,SHFE.au2510,2025-09-15 09:58:00,131606,830.82,830.86,830.7,830.84,111.0,107252.0,107225.0
au2510.SHFE,SHFE.au2510,2025-09-15 09:59:00,131607,830.84,830.92,830.82,830.84,161.0,107225.0,107180.0
au2510.SHFE,SHFE.au2510,2025-09-15 10:00:00,131608,830.84,831.16,830.84,831.1,475.0,107180.0,107151.0
au2510.SHFE,SHFE.au2510,2025-09-15 10:01:00,131609,831.1,831.24,830.9,830.98,348.0,107151.0,107066.0
au2510.SHFE,SHFE.au2510,2025-09-15 10:02:00,131610,830.98,831.34,830.98,831.22,301.0,107066.0,107036.0
au2510.SHFE,SHFE.au2510,2025-09-15 10:03:00,131611,831.22,831.44,831.12,831.44,303.0,107036.0,106963.0
au2510.SHFE,SHFE.au2510,2025-09-15 10:04:00,131612,831.44,831.44,831.26,831.34,234.0,106963.0,106950.0
au2510.SHFE,SHFE.au2510,2025-09-15 10:05:00,131613,831.34,831.4,831.26,831.38,204.0,106950.0,106904.0
au2510.SHFE,SHFE.au2510,2025-09-15 10:06:00,131614,831.38,831.44,831.3,831.44,243.0,106904.0,106901.0
au2510.SHFE,SHFE.au2510,2025-09-15 10:07:00,131615,831.44,831.72,831.42,831.6,309.0,106901.0,106832.0
au2510.SHFE,SHFE.au2510,2025-09-15 10:08:00,131616,831.6,831.8,831.58,831.74,322.0,106832.0,106828.0
au2510.SHFE,SHFE.au2510,2025-09-15 10:09:00,131617,831.74,831.96,831.74,831.88,247.0,106828.0,106825.0
au2510.SHFE,SHFE.au2510,2025-09-15 10:10:00,131618,831.88,832.0,831.88,831.94,223.0,106825.0,106817.0
au2510.SHFE,SHFE.au2510,2025-09-15 10:11:00,131619,831.94,832.06,831.7,831.7,394.0,106817.0,106792.0
au2510.SHFE,SHFE.au2510,2025-09-15 10:12:00,131620,831.7,831.98,831.62,831.92,288.0,106792.0,106780.0
au2510.SHFE,SHFE.au2510,2025-09-15 10:13:00,131621,831.92,832.08,831.92,832.04,194.0,106780.0,106766.0
au2510.SHFE,SHFE.au2510,2025-09-15 10:14:00,131622,832.04,832.16,831.96,832.1,195.0,106766.0,106758.0
au2510.SHFE,SHFE.au2510,2025-09-15 10:30:00,131623,832.8,832.8,832.08,832.2,1052.0,106758.0,106712.0
au2510.SHFE,SHFE.au2510,2025-09-15 10:31:00,131624,832.2,832.68,832.18,832.62,465.0,106712.0,106754.0
au2510.SHFE,SHFE.au2510,2025-09-15 10:32:00,131625,832.62,832.92,832.6,832.8,388.0,106754.0,106727.0
au2510.SHFE,SHFE.au2510,2025-09-15 10:33:00,131626,832.8,832.8,832.54,832.54,378.0,106727.0,106686.0
au2510.SHFE,SHFE.au2510,2025-09-15 10:34:00,131627,832.54,832.78,832.38,832.76,438.0,106686.0,106760.0
au2510.SHFE,SHFE.au2510,2025-09-15 10:35:00,131628,832.76,832.86,832.7,832.74,329.0,106760.0,106788.0
au2510.SHFE,SHFE.au2510,2025-09-15 10:36:00,131629,832.74,832.86,832.62,832.64,447.0,106788.0,106819.0
au2510.SHFE,SHFE.au2510,2025-09-15 10:37:00,131630,832.64,832.64,832.44,832.56,269.0,106819.0,106843.0
au2510.SHFE,SHFE.au2510,2025-09-15 10:38:00,131631,832.56,832.62,832.48,832.56,147.0,106843.0,106836.0
au2510.SHFE,SHFE.au2510,2025-09-15 10:39:00,131632,832.56,832.66,832.36,832.36,186.0,106836.0,106854.0
au2510.SHFE,SHFE.au2510,2025-09-15 10:40:00,131633,832.36,832.56,832.32,832.48,213.0,106854.0,106859.0
au2510.SHFE,SHFE.au2510,2025-09-15 10:41:00,131634,832.48,832.62,832.4,832.5,179.0,106859.0,106876.0
au2510.SHFE,SHFE.au2510,2025-09-15 10:42:00,131635,832.5,832.64,832.36,832.6,205.0,106876.0,106884.0
au2510.SHFE,SHFE.au2510,2025-09-15 10:43:00,131636,832.6,832.78,832.58,832.68,172.0,106884.0,106881.0
au2510.SHFE,SHFE.au2510,2025-09-15 10:44:00,131637,832.68,832.72,832.54,832.54,163.0,106881.0,106865.0
au2510.SHFE,SHFE.au2510,2025-09-15 10:45:00,131638,832.54,832.64,832.32,832.34,288.0,106865.0,106857.0
au2510.SHFE,SHFE.au2510,2025-09-15 10:46:00,131639,832.34,832.52,832.3,832.4,220.0,106857.0,106828.0
au2510.SHFE,SHFE.au2510,2025-09-15 10:47:00,131640,832.4,832.46,832.12,832.18,430.0,106828.0,106840.0
au2510.SHFE,SHFE.au2510,2025-09-15 10:48:00,131641,832.18,832.24,831.98,832.06,384.0,106840.0,106823.0
au2510.SHFE,SHFE.au2510,2025-09-15 10:49:00,131642,832.06,832.08,831.72,831.86,657.0,106823.0,106786.0
au2510.SHFE,SHFE.au2510,2025-09-15 10:50:00,131643,831.86,831.96,831.64,831.76,494.0,106786.0,106769.0
au2510.SHFE,SHFE.au2510,2025-09-15 10:51:00,131644,831.76,831.84,831.7,831.8,170.0,106769.0,106740.0
au2510.SHFE,SHFE.au2510,2025-09-15 10:52:00,131645,831.8,832.18,831.8,832.02,286.0,106740.0,106708.0
au2510.SHFE,SHFE.au2510,2025-09-15 10:53:00,131646,832.02,832.18,832.02,832.14,162.0,106708.0,106705.0
au2510.SHFE,SHFE.au2510,2025-09-15 10:54:00,131647,832.14,832.14,831.76,831.82,315.0,106705.0,106688.0
au2510.SHFE,SHFE.au2510,2025-09-15 10:55:00,131648,831.82,831.92,831.7,831.78,164.0,106688.0,106659.0
au2510.SHFE,SHFE.au2510,2025-09-15 10:56:00,131649,831.78,831.78,831.38,831.48,454.0,106659.0,106630.0
au2510.SHFE,SHFE.au2510,2025-09-15 10:57:00,131650,831.48,831.84,831.44,831.78,271.0,106630.0,106595.0
au2510.SHFE,SHFE.au2510,2025-09-15 10:58:00,131651,831.78,831.8,831.68,831.78,172.0,106595.0,106616.0
au2510.SHFE,SHFE.au2510,2025-09-15 10:59:00,131652,831.78,831.84,831.74,831.84,125.0,106616.0,106577.0
au2510.SHFE,SHFE.au2510,2025-09-15 11:00:00,131653,831.84,831.84,831.72,831.72,103.0,106577.0,106559.0
au2510.SHFE,SHFE.au2510,2025-09-15 11:01:00,131654,831.72,831.8,831.62,831.76,114.0,106559.0,106551.0
au2510.SHFE,SHFE.au2510,2025-09-15 11:02:00,131655,831.76,831.9,831.74,831.84,175.0,106551.0,106534.0
au2510.SHFE,SHFE.au2510,2025-09-15 11:03:00,131656,831.84,831.84,831.7,831.78,89.0,106534.0,106501.0
au2510.SHFE,SHFE.au2510,2025-09-15 11:04:00,131657,831.78,831.88,831.74,831.76,199.0,106501.0,106437.0
au2510.SHFE,SHFE.au2510,2025-09-15 11:05:00,131658,831.76,832.2,831.76,832.04,239.0,106437.0,106399.0
au2510.SHFE,SHFE.au2510,2025-09-15 11:06:00,131659,832.04,832.06,831.9,831.96,164.0,106399.0,106378.0
au2510.SHFE,SHFE.au2510,2025-09-15 11:07:00,131660,831.96,831.98,831.62,831.7,119.0,106378.0,106338.0
au2510.SHFE,SHFE.au2510,2025-09-15 11:08:00,131661,831.7,831.86,831.66,831.86,73.0,106338.0,106340.0
au2510.SHFE,SHFE.au2510,2025-09-15 11:09:00,131662,831.86,831.96,831.84,831.9,124.0,106340.0,106316.0
au2510.SHFE,SHFE.au2510,2025-09-15 11:10:00,131663,831.9,832.06,831.86,832.0,150.0,106316.0,106320.0
au2510.SHFE,SHFE.au2510,2025-09-15 11:11:00,131664,832.0,832.04,831.82,832.02,100.0,106320.0,106313.0
au2510.SHFE,SHFE.au2510,2025-09-15 11:12:00,131665,832.02,832.22,831.96,832.2,157.0,106313.0,106297.0
au2510.SHFE,SHFE.au2510,2025-09-15 11:13:00,131666,832.2,832.48,832.1,832.14,481.0,106297.0,106316.0
au2510.SHFE,SHFE.au2510,2025-09-15 11:14:00,131667,832.14,832.14,831.9,832.1,176.0,106316.0,106358.0
au2510.SHFE,SHFE.au2510,2025-09-15 11:15:00,131668,832.1,832.14,832.06,832.12,71.0,106358.0,106341.0
au2510.SHFE,SHFE.au2510,2025-09-15 11:16:00,131669,832.12,832.12,831.86,831.86,192.0,106341.0,106319.0
au2510.SHFE,SHFE.au2510,2025-09-15 11:17:00,131670,831.86,831.92,831.74,831.84,125.0,106319.0,106312.0
au2510.SHFE,SHFE.au2510,2025-09-15 11:18:00,131671,831.84,831.96,831.8,831.96,61.0,106312.0,106296.0
au2510.SHFE,SHFE.au2510,2025-09-15 11:19:00,131672,831.96,831.98,831.88,831.96,62.0,106296.0,106272.0
au2510.SHFE,SHFE.au2510,2025-09-15 11:20:00,131673,831.96,832.02,831.84,831.96,94.0,106272.0,106265.0
au2510.SHFE,SHFE.au2510,2025-09-15 11:21:00,131674,831.96,831.98,831.8,831.82,126.0,106265.0,106254.0
au2510.SHFE,SHFE.au2510,2025-09-15 11:22:00,131675,831.82,831.94,831.82,831.92,49.0,106254.0,106239.0
au2510.SHFE,SHFE.au2510,2025-09-15 11:23:00,131676,831.92,831.92,831.86,831.92,92.0,106239.0,106222.0
au2510.SHFE,SHFE.au2510,2025-09-15 11:24:00,131677,831.92,831.98,831.86,831.92,105.0,106222.0,106203.0
au2510.SHFE,SHFE.au2510,2025-09-15 11:25:00,131678,831.92,832.24,831.92,832.08,251.0,106203.0,106141.0
au2510.SHFE,SHFE.au2510,2025-09-15 11:26:00,131679,832.08,832.18,832.02,832.04,238.0,106141.0,106153.0
au2510.SHFE,SHFE.au2510,2025-09-15 11:27:00,131680,832.04,832.4,832.02,832.4,169.0,106153.0,106149.0
au2510.SHFE,SHFE.au2510,2025-09-15 11:28:00,131681,832.4,832.48,832.32,832.34,154.0,106149.0,106143.0
au2510.SHFE,SHFE.au2510,2025-09-15 11:29:00,131682,832.34,832.5,832.24,832.48,232.0,106143.0,106134.0
au2510.SHFE,SHFE.au2510,2025-09-15 13:30:00,131683,832.6,833.2,832.6,832.8,725.0,106134.0,106251.0
au2510.SHFE,SHFE.au2510,2025-09-15 13:31:00,131684,832.8,832.88,832.54,832.58,290.0,106251.0,106312.0
au2510.SHFE,SHFE.au2510,2025-09-15 13:32:00,131685,832.58,832.78,832.52,832.74,213.0,106312.0,106347.0
au2510.SHFE,SHFE.au2510,2025-09-15 13:33:00,131686,832.74,832.86,832.66,832.82,176.0,106347.0,106356.0
au2510.SHFE,SHFE.au2510,2025-09-15 13:34:00,131687,832.82,832.86,832.7,832.8,230.0,106356.0,106327.0
au2510.SHFE,SHFE.au2510,2025-09-15 13:35:00,131688,832.8,832.98,832.78,832.9,384.0,106327.0,106264.0
au2510.SHFE,SHFE.au2510,2025-09-15 13:36:00,131689,832.9,832.9,832.72,832.76,190.0,106264.0,106250.0
au2510.SHFE,SHFE.au2510,2025-09-15 13:37:00,131690,832.76,832.76,832.58,832.62,120.0,106250.0,106244.0
au2510.SHFE,SHFE.au2510,2025-09-15 13:38:00,131691,832.62,832.78,832.6,832.74,120.0,106244.0,106260.0
au2510.SHFE,SHFE.au2510,2025-09-15 13:39:00,131692,832.74,832.76,832.58,832.64,111.0,106260.0,106244.0
au2510.SHFE,SHFE.au2510,2025-09-15 13:40:00,131693,832.64,832.76,832.58,832.64,140.0,106244.0,106235.0
au2510.SHFE,SHFE.au2510,2025-09-15 13:41:00,131694,832.64,832.7,832.56,832.68,118.0,106235.0,106248.0
au2510.SHFE,SHFE.au2510,2025-09-15 13:42:00,131695,832.68,832.68,832.48,832.52,101.0,106248.0,106217.0
au2510.SHFE,SHFE.au2510,2025-09-15 13:43:00,131696,832.52,832.76,832.52,832.76,161.0,106217.0,106222.0
au2510.SHFE,SHFE.au2510,2025-09-15 13:44:00,131697,832.76,832.8,832.68,832.72,98.0,106222.0,106200.0
au2510.SHFE,SHFE.au2510,2025-09-15 13:45:00,131698,832.72,832.76,832.64,832.64,104.0,106200.0,106238.0
au2510.SHFE,SHFE.au2510,2025-09-15 13:46:00,131699,832.64,832.78,832.64,832.68,101.0,106238.0,106267.0
au2510.SHFE,SHFE.au2510,2025-09-15 13:47:00,131700,832.68,832.96,832.68,832.94,313.0,106267.0,106229.0
au2510.SHFE,SHFE.au2510,2025-09-15 13:48:00,131701,832.94,832.96,832.66,832.68,302.0,106229.0,106164.0
au2510.SHFE,SHFE.au2510,2025-09-15 13:49:00,131702,832.68,832.74,832.6,832.7,232.0,106164.0,106139.0
au2510.SHFE,SHFE.au2510,2025-09-15 13:50:00,131703,832.7,832.7,832.48,832.58,431.0,106139.0,106146.0
au2510.SHFE,SHFE.au2510,2025-09-15 13:51:00,131704,832.58,832.82,832.58,832.74,411.0,106146.0,106065.0
au2510.SHFE,SHFE.au2510,2025-09-15 13:52:00,131705,832.74,832.82,832.68,832.76,294.0,106065.0,105974.0
au2510.SHFE,SHFE.au2510,2025-09-15 13:53:00,131706,832.76,832.84,832.72,832.8,130.0,105974.0,105964.0
au2510.SHFE,SHFE.au2510,2025-09-15 13:54:00,131707,832.8,832.82,832.68,832.74,110.0,105964.0,105931.0
au2510.SHFE,SHFE.au2510,2025-09-15 13:55:00,131708,832.74,832.8,832.68,832.68,98.0,105931.0,105916.0
au2510.SHFE,SHFE.au2510,2025-09-15 13:56:00,131709,832.68,832.74,832.54,832.72,154.0,105916.0,105916.0
au2510.SHFE,SHFE.au2510,2025-09-15 13:57:00,131710,832.72,832.72,832.6,832.68,73.0,105916.0,105906.0
au2510.SHFE,SHFE.au2510,2025-09-15 13:58:00,131711,832.68,832.7,832.56,832.6,239.0,105906.0,105795.0
au2510.SHFE,SHFE.au2510,2025-09-15 13:59:00,131712,832.6,832.7,832.58,832.68,211.0,105795.0,105684.0
au2510.SHFE,SHFE.au2510,2025-09-15 14:00:00,131713,832.68,832.76,832.58,832.58,164.0,105684.0,105643.0
au2510.SHFE,SHFE.au2510,2025-09-15 14:01:00,131714,832.58,832.64,832.4,832.6,524.0,105643.0,105369.0
au2510.SHFE,SHFE.au2510,2025-09-15 14:02:00,131715,832.6,832.62,832.42,832.44,160.0,105369.0,105349.0
au2510.SHFE,SHFE.au2510,2025-09-15 14:03:00,131716,832.44,832.6,832.42,832.58,136.0,105349.0,105327.0
au2510.SHFE,SHFE.au2510,2025-09-15 14:04:00,131717,832.58,832.58,832.44,832.44,167.0,105327.0,105312.0
au2510.SHFE,SHFE.au2510,2025-09-15 14:05:00,131718,832.44,832.5,832.3,832.38,199.0,105312.0,105319.0
au2510.SHFE,SHFE.au2510,2025-09-15 14:06:00,131719,832.38,832.48,832.38,832.44,214.0,105319.0,105258.0
au2510.SHFE,SHFE.au2510,2025-09-15 14:07:00,131720,832.44,832.5,832.4,832.48,88.0,105258.0,105245.0
au2510.SHFE,SHFE.au2510,2025-09-15 14:08:00,131721,832.48,832.64,832.44,832.52,106.0,105245.0,105218.0
au2510.SHFE,SHFE.au2510,2025-09-15 14:09:00,131722,832.52,832.76,832.52,832.7,160.0,105218.0,105220.0
au2510.SHFE,SHFE.au2510,2025-09-15 14:10:00,131723,832.7,832.9,832.68,832.88,224.0,105220.0,105239.0
au2510.SHFE,SHFE.au2510,2025-09-15 14:11:00,131724,832.88,832.88,832.7,832.74,103.0,105239.0,105253.0
au2510.SHFE,SHFE.au2510,2025-09-15 14:12:00,131725,832.74,832.82,832.62,832.64,170.0,105253.0,105269.0
au2510.SHFE,SHFE.au2510,2025-09-15 14:13:00,131726,832.64,832.68,832.58,832.62,148.0,105269.0,105243.0
au2510.SHFE,SHFE.au2510,2025-09-15 14:14:00,131727,832.62,832.72,832.56,832.66,94.0,105243.0,105230.0
au2510.SHFE,SHFE.au2510,2025-09-15 14:15:00,131728,832.66,832.66,832.32,832.36,248.0,105230.0,105211.0
au2510.SHFE,SHFE.au2510,2025-09-15 14:16:00,131729,832.36,832.42,832.2,832.22,246.0,105211.0,105176.0
au2510.SHFE,SHFE.au2510,2025-09-15 14:17:00,131730,832.22,832.36,832.1,832.18,377.0,105176.0,105249.0
au2510.SHFE,SHFE.au2510,2025-09-15 14:18:00,131731,832.18,832.38,832.18,832.38,185.0,105249.0,105276.0
au2510.SHFE,SHFE.au2510,2025-09-15 14:19:00,131732,832.38,832.48,832.3,832.38,127.0,105276.0,105298.0
au2510.SHFE,SHFE.au2510,2025-09-15 14:20:00,131733,832.38,832.58,832.38,832.58,157.0,105298.0,105305.0
au2510.SHFE,SHFE.au2510,2025-09-15 14:21:00,131734,832.58,832.64,832.52,832.64,178.0,105305.0,105294.0
au2510.SHFE,SHFE.au2510,2025-09-15 14:22:00,131735,832.64,832.74,832.58,832.7,172.0,105294.0,105307.0
au2510.SHFE,SHFE.au2510,2025-09-15 14:23:00,131736,832.7,832.7,832.56,832.6,83.0,105307.0,105298.0
au2510.SHFE,SHFE.au2510,2025-09-15 14:24:00,131737,832.6,832.72,832.6,832.66,128.0,105298.0,105271.0
au2510.SHFE,SHFE.au2510,2025-09-15 14:25:00,131738,832.66,832.82,832.54,832.62,186.0,105271.0,105287.0
au2510.SHFE,SHFE.au2510,2025-09-15 14:26:00,131739,832.62,832.72,832.46,832.48,166.0,105287.0,105263.0
au2510.SHFE,SHFE.au2510,2025-09-15 14:27:00,131740,832.48,832.7,832.48,832.66,146.0,105263.0,105217.0
au2510.SHFE,SHFE.au2510,2025-09-15 14:28:00,131741,832.66,832.76,832.66,832.72,106.0,105217.0,105176.0
au2510.SHFE,SHFE.au2510,2025-09-15 14:29:00,131742,832.72,832.72,832.56,832.64,90.0,105176.0,105137.0
au2510.SHFE,SHFE.au2510,2025-09-15 14:30:00,131743,832.64,832.76,832.52,832.64,181.0,105137.0,105132.0
au2510.SHFE,SHFE.au2510,2025-09-15 14:31:00,131744,832.64,832.84,832.38,832.54,452.0,105132.0,105127.0
au2510.SHFE,SHFE.au2510,2025-09-15 14:32:00,131745,832.54,832.7,832.54,832.56,112.0,105127.0,105116.0
au2510.SHFE,SHFE.au2510,2025-09-15 14:33:00,131746,832.56,832.62,832.5,832.62,98.0,105116.0,105099.0
au2510.SHFE,SHFE.au2510,2025-09-15 14:34:00,131747,832.62,832.66,832.56,832.6,75.0,105099.0,105085.0
au2510.SHFE,SHFE.au2510,2025-09-15 14:35:00,131748,832.6,832.8,832.54,832.58,193.0,105085.0,105079.0
au2510.SHFE,SHFE.au2510,2025-09-15 14:36:00,131749,832.58,832.76,832.56,832.64,149.0,105079.0,105037.0
au2510.SHFE,SHFE.au2510,2025-09-15 14:37:00,131750,832.64,832.74,832.64,832.68,64.0,105037.0,105036.0
au2510.SHFE,SHFE.au2510,2025-09-15 14:38:00,131751,832.68,832.76,832.58,832.58,152.0,105036.0,105004.0
au2510.SHFE,SHFE.au2510,2025-09-15 14:39:00,131752,832.58,832.72,832.52,832.62,225.0,105004.0,104974.0
au2510.SHFE,SHFE.au2510,2025-09-15 14:40:00,131753,832.62,832.64,832.34,832.34,303.0,104974.0,104955.0
au2510.SHFE,SHFE.au2510,2025-09-15 14:41:00,131754,832.34,832.36,832.14,832.2,297.0,104955.0,104917.0
au2510.SHFE,SHFE.au2510,2025-09-15 14:42:00,131755,832.2,832.26,831.88,832.14,511.0,104917.0,104861.0
au2510.SHFE,SHFE.au2510,2025-09-15 14:43:00,131756,832.14,832.32,832.08,832.22,243.0,104861.0,104833.0
au2510.SHFE,SHFE.au2510,2025-09-15 14:44:00,131757,832.22,832.26,832.12,832.12,115.0,104833.0,104848.0
au2510.SHFE,SHFE.au2510,2025-09-15 14:45:00,131758,832.12,832.14,832.0,832.08,215.0,104848.0,104826.0
au2510.SHFE,SHFE.au2510,2025-09-15 14:46:00,131759,832.08,832.4,832.08,832.38,186.0,104826.0,104780.0
au2510.SHFE,SHFE.au2510,2025-09-15 14:47:00,131760,832.38,832.38,832.12,832.16,224.0,104780.0,104793.0
au2510.SHFE,SHFE.au2510,2025-09-15 14:48:00,131761,832.16,832.22,832.06,832.22,149.0,104793.0,104803.0
au2510.SHFE,SHFE.au2510,2025-09-15 14:49:00,131762,832.22,832.26,832.04,832.06,292.0,104803.0,104699.0
au2510.SHFE,SHFE.au2510,2025-09-15 14:50:00,131763,832.06,832.1,831.92,832.0,308.0,104699.0,104697.0
au2510.SHFE,SHFE.au2510,2025-09-15 14:51:00,131764,832.0,832.06,831.92,832.02,163.0,104697.0,104644.0
au2510.SHFE,SHFE.au2510,2025-09-15 14:52:00,131765,832.02,832.02,831.92,831.92,145.0,104644.0,104567.0
au2510.SHFE,SHFE.au2510,2025-09-15 14:53:00,131766,831.92,832.0,831.82,831.86,163.0,104567.0,104543.0
au2510.SHFE,SHFE.au2510,2025-09-15 14:54:00,131767,831.86,831.9,831.8,831.86,143.0,104543.0,104539.0
au2510.SHFE,SHFE.au2510,2025-09-15 14:55:00,131768,831.86,831.88,831.72,831.78,264.0,104539.0,104490.0
au2510.SHFE,SHFE.au2510,2025-09-15 14:56:00,131769,831.78,832.0,831.78,831.94,254.0,104490.0,104496.0
au2510.SHFE,SHFE.au2510,2025-09-15 14:57:00,131770,831.94,832.0,831.82,831.84,310.0,104496.0,104458.0
au2510.SHFE,SHFE.au2510,2025-09-15 14:58:00,131771,831.84,831.88,831.62,831.66,297.0,104458.0,104379.0
au2510.SHFE,SHFE.au2510,2025-09-15 14:59:00,131772,831.66,831.88,831.5,831.6,460.0,104379.0,104349.0
au2510.SHFE,SHFE.au2510,2025-09-15 21:00:00,131773,833.48,834.1,833.48,833.84,1828.0,104349.0,104532.0
au2510.SHFE,SHFE.au2510,2025-09-15 21:01:00,131774,833.84,833.92,833.7,833.86,883.0,104532.0,104451.0
au2510.SHFE,SHFE.au2510,2025-09-15 21:02:00,131775,833.86,834.12,833.7,833.84,1016.0,104451.0,104591.0
au2510.SHFE,SHFE.au2510,2025-09-15 21:03:00,131776,833.84,833.84,833.54,833.68,694.0,104591.0,104649.0
au2510.SHFE,SHFE.au2510,2025-09-15 21:04:00,131777,833.68,833.68,833.54,833.6,393.0,104649.0,104684.0
au2510.SHFE,SHFE.au2510,2025-09-15 21:05:00,131778,833.6,834.0,833.6,833.84,512.0,104684.0,104697.0
au2510.SHFE,SHFE.au2510,2025-09-15 21:06:00,131779,833.84,833.96,833.64,833.68,382.0,104697.0,104731.0
au2510.SHFE,SHFE.au2510,2025-09-15 21:07:00,131780,833.68,833.78,833.58,833.68,319.0,104731.0,104729.0
au2510.SHFE,SHFE.au2510,2025-09-15 21:08:00,131781,833.68,833.8,833.62,833.74,199.0,104729.0,104759.0
au2510.SHFE,SHFE.au2510,2025-09-15 21:09:00,131782,833.74,833.86,833.62,833.62,222.0,104759.0,104771.0
au2510.SHFE,SHFE.au2510,2025-09-15 21:10:00,131783,833.62,833.64,833.14,833.28,690.0,104771.0,104837.0
au2510.SHFE,SHFE.au2510,2025-09-15 21:11:00,131784,833.28,833.7,833.24,833.68,420.0,104837.0,104842.0
au2510.SHFE,SHFE.au2510,2025-09-15 21:12:00,131785,833.68,833.84,833.68,833.78,364.0,104842.0,104803.0
au2510.SHFE,SHFE.au2510,2025-09-15 21:13:00,131786,833.78,833.84,833.66,833.78,275.0,104803.0,104890.0
au2510.SHFE,SHFE.au2510,2025-09-15 21:14:00,131787,833.78,833.84,833.74,833.78,190.0,104890.0,104922.0
au2510.SHFE,SHFE.au2510,2025-09-15 21:15:00,131788,833.78,833.82,833.66,833.74,185.0,104922.0,104933.0
au2510.SHFE,SHFE.au2510,2025-09-15 21:16:00,131789,833.74,833.74,833.54,833.58,212.0,104933.0,104909.0
au2510.SHFE,SHFE.au2510,2025-09-15 21:17:00,131790,833.58,833.72,833.5,833.68,251.0,104909.0,104964.0
au2510.SHFE,SHFE.au2510,2025-09-15 21:18:00,131791,833.68,833.88,833.56,833.78,292.0,104964.0,105004.0
au2510.SHFE,SHFE.au2510,2025-09-15 21:19:00,131792,833.78,833.84,833.7,833.78,205.0,105004.0,105050.0
au2510.SHFE,SHFE.au2510,2025-09-15 21:20:00,131793,833.78,834.5,833.74,834.44,1034.0,105050.0,105108.0
au2510.SHFE,SHFE.au2510,2025-09-15 21:21:00,131794,834.44,834.6,834.06,834.22,661.0,105108.0,105142.0
au2510.SHFE,SHFE.au2510,2025-09-15 21:22:00,131795,834.22,834.4,834.08,834.36,323.0,105142.0,105157.0
au2510.SHFE,SHFE.au2510,2025-09-15 21:23:00,131796,834.36,834.6,834.26,834.38,533.0,105157.0,105232.0
au2510.SHFE,SHFE.au2510,2025-09-15 21:24:00,131797,834.38,834.38,834.18,834.24,302.0,105232.0,105238.0
au2510.SHFE,SHFE.au2510,2025-09-15 21:25:00,131798,834.24,834.32,834.12,834.24,206.0,105238.0,105249.0
au2510.SHFE,SHFE.au2510,2025-09-15 21:26:00,131799,834.24,834.34,834.2,834.3,156.0,105249.0,105286.0
au2510.SHFE,SHFE.au2510,2025-09-15 21:27:00,131800,834.3,834.38,834.24,834.32,163.0,105286.0,105342.0
au2510.SHFE,SHFE.au2510,2025-09-15 21:28:00,131801,834.32,834.52,834.26,834.52,225.0,105342.0,105368.0
au2510.SHFE,SHFE.au2510,2025-09-15 21:29:00,131802,834.52,834.6,834.44,834.54,341.0,105368.0,105446.0
au2510.SHFE,SHFE.au2510,2025-09-15 21:30:00,131803,834.54,834.62,834.42,834.46,303.0,105446.0,105463.0
au2510.SHFE,SHFE.au2510,2025-09-15 21:31:00,131804,834.46,834.66,834.34,834.62,382.0,105463.0,105521.0
au2510.SHFE,SHFE.au2510,2025-09-15 21:32:00,131805,834.62,834.84,834.5,834.84,314.0,105521.0,105536.0
au2510.SHFE,SHFE.au2510,2025-09-15 21:33:00,131806,834.84,834.86,834.56,834.58,390.0,105536.0,105595.0
au2510.SHFE,SHFE.au2510,2025-09-15 21:34:00,131807,834.58,834.8,834.52,834.68,300.0,105595.0,105647.0
au2510.SHFE,SHFE.au2510,2025-09-15 21:35:00,131808,834.68,834.96,834.68,834.94,408.0,105647.0,105708.0
au2510.SHFE,SHFE.au2510,2025-09-15 21:36:00,131809,834.94,835.06,834.88,835.02,641.0,105708.0,105741.0
au2510.SHFE,SHFE.au2510,2025-09-15 21:37:00,131810,835.02,835.68,834.94,835.62,959.0,105741.0,105877.0
au2510.SHFE,SHFE.au2510,2025-09-15 21:38:00,131811,835.62,835.92,835.62,835.84,923.0,105877.0,106092.0
au2510.SHFE,SHFE.au2510,2025-09-15 21:39:00,131812,835.84,836.18,835.8,836.12,783.0,106092.0,106178.0
au2510.SHFE,SHFE.au2510,2025-09-15 21:40:00,131813,836.12,836.52,836.12,836.34,1064.0,106178.0,106462.0
au2510.SHFE,SHFE.au2510,2025-09-15 21:41:00,131814,836.34,836.6,836.34,836.48,724.0,106462.0,106589.0
au2510.SHFE,SHFE.au2510,2025-09-15 21:42:00,131815,836.48,836.66,836.2,836.2,795.0,106589.0,106719.0
au2510.SHFE,SHFE.au2510,2025-09-15 21:43:00,131816,836.2,836.44,836.06,836.06,788.0,106719.0,106763.0
au2510.SHFE,SHFE.au2510,2025-09-15 21:44:00,131817,836.06,836.52,836.0,836.34,905.0,106763.0,106785.0
au2510.SHFE,SHFE.au2510,2025-09-15 21:45:00,131818,836.34,836.52,836.34,836.38,466.0,106785.0,106818.0
au2510.SHFE,SHFE.au2510,2025-09-15 21:46:00,131819,836.38,836.5,836.04,836.18,490.0,106818.0,106780.0
au2510.SHFE,SHFE.au2510,2025-09-15 21:47:00,131820,836.18,836.24,835.7,835.8,681.0,106780.0,106723.0
au2510.SHFE,SHFE.au2510,2025-09-15 21:48:00,131821,835.8,835.8,835.42,835.72,882.0,106723.0,106743.0
au2510.SHFE,SHFE.au2510,2025-09-15 21:49:00,131822,835.72,835.78,835.48,835.62,441.0,106743.0,106728.0
au2510.SHFE,SHFE.au2510,2025-09-15 21:50:00,131823,835.62,835.9,835.62,835.82,523.0,106728.0,106715.0
au2510.SHFE,SHFE.au2510,2025-09-15 21:51:00,131824,835.82,836.16,835.82,835.9,548.0,106715.0,106791.0
au2510.SHFE,SHFE.au2510,2025-09-15 21:52:00,131825,835.9,835.98,835.6,835.62,331.0,106791.0,106863.0
au2510.SHFE,SHFE.au2510,2025-09-15 21:53:00,131826,835.62,835.66,835.36,835.44,590.0,106863.0,106825.0
au2510.SHFE,SHFE.au2510,2025-09-15 21:54:00,131827,835.44,835.7,835.4,835.58,375.0,106825.0,106851.0
au2510.SHFE,SHFE.au2510,2025-09-15 21:55:00,131828,835.58,835.7,835.54,835.62,341.0,106851.0,106895.0
au2510.SHFE,SHFE.au2510,2025-09-15 21:56:00,131829,835.62,835.62,835.26,835.42,439.0,106895.0,106894.0
au2510.SHFE,SHFE.au2510,2025-09-15 21:57:00,131830,835.42,835.62,835.36,835.48,275.0,106894.0,106898.0
au2510.SHFE,SHFE.au2510,2025-09-15 21:58:00,131831,835.48,835.48,835.22,835.24,292.0,106898.0,106891.0
au2510.SHFE,SHFE.au2510,2025-09-15 21:59:00,131832,835.24,835.3,834.96,835.06,702.0,106891.0,106875.0
au2510.SHFE,SHFE.au2510,2025-09-15 22:00:00,131833,835.06,835.2,834.72,834.84,827.0,106875.0,106890.0
au2510.SHFE,SHFE.au2510,2025-09-15 22:01:00,131834,834.84,834.94,834.74,834.74,430.0,106890.0,106813.0
au2510.SHFE,SHFE.au2510,2025-09-15 22:02:00,131835,834.74,835.16,834.62,835.08,730.0,106813.0,106804.0
au2510.SHFE,SHFE.au2510,2025-09-15 22:03:00,131836,835.08,835.44,835.04,835.42,554.0,106804.0,106768.0
au2510.SHFE,SHFE.au2510,2025-09-15 22:04:00,131837,835.42,835.58,835.32,835.46,460.0,106768.0,106756.0
au2510.SHFE,SHFE.au2510,2025-09-15 22:05:00,131838,835.46,835.62,835.28,835.38,515.0,106756.0,106773.0
au2510.SHFE,SHFE.au2510,2025-09-15 22:06:00,131839,835.38,835.48,835.2,835.38,354.0,106773.0,106751.0
au2510.SHFE,SHFE.au2510,2025-09-15 22:07:00,131840,835.38,835.5,835.16,835.4,338.0,106751.0,106797.0
au2510.SHFE,SHFE.au2510,2025-09-15 22:08:00,131841,835.4,835.58,835.4,835.5,436.0,106797.0,106812.0
au2510.SHFE,SHFE.au2510,2025-09-15 22:09:00,131842,835.5,835.66,835.48,835.62,320.0,106812.0,106770.0
au2510.SHFE,SHFE.au2510,2025-09-15 22:10:00,131843,835.62,835.9,835.62,835.78,377.0,106770.0,106763.0
au2510.SHFE,SHFE.au2510,2025-09-15 22:11:00,131844,835.78,835.84,835.64,835.76,254.0,106763.0,106806.0
au2510.SHFE,SHFE.au2510,2025-09-15 22:12:00,131845,835.76,835.9,835.76,835.9,144.0,106806.0,106803.0
au2510.SHFE,SHFE.au2510,2025-09-15 22:13:00,131846,835.9,836.0,835.74,835.88,315.0,106803.0,106802.0
au2510.SHFE,SHFE.au2510,2025-09-15 22:14:00,131847,835.88,835.96,835.72,835.82,234.0,106802.0,106815.0
au2510.SHFE,SHFE.au2510,2025-09-15 22:15:00,131848,835.82,835.9,835.64,835.8,202.0,106815.0,106853.0
au2510.SHFE,SHFE.au2510,2025-09-15 22:16:00,131849,835.8,835.8,835.6,835.64,139.0,106853.0,106859.0
au2510.SHFE,SHFE.au2510,2025-09-15 22:17:00,131850,835.64,835.68,835.5,835.56,209.0,106859.0,106857.0
au2510.SHFE,SHFE.au2510,2025-09-15 22:18:00,131851,835.56,835.56,835.04,835.28,538.0,106857.0,106817.0
au2510.SHFE,SHFE.au2510,2025-09-15 22:19:00,131852,835.28,835.44,835.18,835.24,213.0,106817.0,106837.0
au2510.SHFE,SHFE.au2510,2025-09-15 22:20:00,131853,835.24,835.5,835.16,835.38,230.0,106837.0,106812.0
au2510.SHFE,SHFE.au2510,2025-09-15 22:21:00,131854,835.38,835.48,835.34,835.42,125.0,106812.0,106787.0
au2510.SHFE,SHFE.au2510,2025-09-15 22:22:00,131855,835.42,835.58,835.36,835.36,235.0,106787.0,106849.0
au2510.SHFE,SHFE.au2510,2025-09-15 22:23:00,131856,835.36,835.38,835.22,835.22,129.0,106849.0,106875.0
au2510.SHFE,SHFE.au2510,2025-09-15 22:24:00,131857,835.22,835.34,835.2,835.22,169.0,106875.0,106898.0
au2510.SHFE,SHFE.au2510,2025-09-15 22:25:00,131858,835.22,835.4,835.18,835.4,153.0,106898.0,106895.0
au2510.SHFE,SHFE.au2510,2025-09-15 22:26:00,131859,835.4,835.5,835.18,835.18,173.0,106895.0,106878.0
au2510.SHFE,SHFE.au2510,2025-09-15 22:27:00,131860,835.18,835.28,835.12,835.26,106.0,106878.0,106867.0
au2510.SHFE,SHFE.au2510,2025-09-15 22:28:00,131861,835.26,835.3,835.18,835.18,109.0,106867.0,106856.0
au2510.SHFE,SHFE.au2510,2025-09-15 22:29:00,131862,835.18,835.36,835.18,835.22,108.0,106856.0,106843.0
au2510.SHFE,SHFE.au2510,2025-09-15 22:30:00,131863,835.22,835.56,835.08,835.48,702.0,106843.0,106857.0
au2510.SHFE,SHFE.au2510,2025-09-15 22:31:00,131864,835.48,835.5,835.34,835.46,276.0,106857.0,106891.0
au2510.SHFE,SHFE.au2510,2025-09-15 22:32:00,131865,835.46,835.46,835.2,835.3,140.0,106891.0,106899.0
au2510.SHFE,SHFE.au2510,2025-09-15 22:33:00,131866,835.3,835.58,835.24,835.56,148.0,106899.0,106880.0
au2510.SHFE,SHFE.au2510,2025-09-15 22:34:00,131867,835.56,835.6,835.38,835.48,132.0,106880.0,106868.0
au2510.SHFE,SHFE.au2510,2025-09-15 22:35:00,131868,835.48,835.7,835.38,835.64,256.0,106868.0,106882.0
au2510.SHFE,SHFE.au2510,2025-09-15 22:36:00,131869,835.64,835.68,835.56,835.66,194.0,106882.0,106909.0
au2510.SHFE,SHFE.au2510,2025-09-15 22:37:00,131870,835.66,835.8,835.56,835.74,194.0,106909.0,106885.0
au2510.SHFE,SHFE.au2510,2025-09-15 22:38:00,131871,835.74,835.92,835.68,835.92,184.0,106885.0,106913.0
au2510.SHFE,SHFE.au2510,2025-09-15 22:39:00,131872,835.92,836.0,835.76,835.78,355.0,106913.0,106939.0
au2510.SHFE,SHFE.au2510,2025-09-15 22:40:00,131873,835.78,835.88,835.62,835.62,185.0,106939.0,106966.0
au2510.SHFE,SHFE.au2510,2025-09-15 22:41:00,131874,835.62,835.82,835.54,835.64,173.0,106966.0,106967.0
au2510.SHFE,SHFE.au2510,2025-09-15 22:42:00,131875,835.64,835.66,835.5,835.52,165.0,106967.0,106964.0
au2510.SHFE,SHFE.au2510,2025-09-15 22:43:00,131876,835.52,835.8,835.52,835.78,98.0,106964.0,106956.0
au2510.SHFE,SHFE.au2510,2025-09-15 22:44:00,131877,835.78,835.96,835.72,835.94,208.0,106956.0,106973.0
au2510.SHFE,SHFE.au2510,2025-09-15 22:45:00,131878,835.94,835.98,835.8,835.94,227.0,106973.0,107035.0
au2510.SHFE,SHFE.au2510,2025-09-15 22:46:00,131879,835.94,836.0,835.86,835.9,219.0,107035.0,107039.0
au2510.SHFE,SHFE.au2510,2025-09-15 22:47:00,131880,835.9,836.0,835.88,835.92,135.0,107039.0,107063.0
au2510.SHFE,SHFE.au2510,2025-09-15 22:48:00,131881,835.92,836.12,835.9,836.08,227.0,107063.0,107101.0
au2510.SHFE,SHFE.au2510,2025-09-15 22:49:00,131882,836.08,836.1,835.92,835.94,147.0,107101.0,107106.0
au2510.SHFE,SHFE.au2510,2025-09-15 22:50:00,131883,835.94,836.0,835.82,835.86,176.0,107106.0,107125.0
au2510.SHFE,SHFE.au2510,2025-09-15 22:51:00,131884,835.86,835.98,835.8,835.92,97.0,107125.0,107124.0
au2510.SHFE,SHFE.au2510,2025-09-15 22:52:00,131885,835.92,835.96,835.82,835.82,88.0,107124.0,107129.0
au2510.SHFE,SHFE.au2510,2025-09-15 22:53:00,131886,835.82,835.88,835.76,835.84,105.0,107129.0,107121.0
au2510.SHFE,SHFE.au2510,2025-09-15 22:54:00,131887,835.84,835.94,835.74,835.9,138.0,107121.0,107165.0
au2510.SHFE,SHFE.au2510,2025-09-15 22:55:00,131888,835.9,836.02,835.9,836.0,167.0,107165.0,107172.0
au2510.SHFE,SHFE.au2510,2025-09-15 22:56:00,131889,836.0,836.08,835.94,836.02,156.0,107172.0,107225.0
au2510.SHFE,SHFE.au2510,2025-09-15 22:57:00,131890,836.02,836.1,835.98,836.0,145.0,107225.0,107248.0
au2510.SHFE,SHFE.au2510,2025-09-15 22:58:00,131891,836.0,836.08,835.92,836.04,173.0,107248.0,107289.0
au2510.SHFE,SHFE.au2510,2025-09-15 22:59:00,131892,836.04,836.04,835.94,836.04,100.0,107289.0,107294.0
au2510.SHFE,SHFE.au2510,2025-09-15 23:00:00,131893,836.04,836.16,835.88,835.9,266.0,107294.0,107322.0
au2510.SHFE,SHFE.au2510,2025-09-15 23:01:00,131894,835.9,836.36,835.86,836.26,382.0,107322.0,107349.0
au2510.SHFE,SHFE.au2510,2025-09-15 23:02:00,131895,836.26,836.32,836.18,836.22,191.0,107349.0,107343.0
au2510.SHFE,SHFE.au2510,2025-09-15 23:03:00,131896,836.22,836.24,836.12,836.2,148.0,107343.0,107346.0
au2510.SHFE,SHFE.au2510,2025-09-15 23:04:00,131897,836.2,836.3,836.1,836.28,192.0,107346.0,107392.0
au2510.SHFE,SHFE.au2510,2025-09-15 23:05:00,131898,836.28,836.3,835.98,836.2,248.0,107392.0,107416.0
au2510.SHFE,SHFE.au2510,2025-09-15 23:06:00,131899,836.2,836.22,836.06,836.1,311.0,107416.0,107469.0
au2510.SHFE,SHFE.au2510,2025-09-15 23:07:00,131900,836.1,836.32,836.02,836.3,287.0,107469.0,107495.0
au2510.SHFE,SHFE.au2510,2025-09-15 23:08:00,131901,836.3,836.44,836.24,836.4,240.0,107495.0,107530.0
au2510.SHFE,SHFE.au2510,2025-09-15 23:09:00,131902,836.4,836.52,836.3,836.36,234.0,107530.0,107542.0
au2510.SHFE,SHFE.au2510,2025-09-15 23:10:00,131903,836.36,836.48,836.32,836.44,135.0,107542.0,107564.0
au2510.SHFE,SHFE.au2510,2025-09-15 23:11:00,131904,836.44,836.48,836.36,836.38,144.0,107564.0,107587.0
au2510.SHFE,SHFE.au2510,2025-09-15 23:12:00,131905,836.38,836.4,836.28,836.3,143.0,107587.0,107601.0
au2510.SHFE,SHFE.au2510,2025-09-15 23:13:00,131906,836.3,836.3,836.06,836.1,235.0,107601.0,107599.0
au2510.SHFE,SHFE.au2510,2025-09-15 23:14:00,131907,836.1,836.26,836.02,836.2,183.0,107599.0,107600.0
au2510.SHFE,SHFE.au2510,2025-09-15 23:15:00,131908,836.2,836.3,836.18,836.28,95.0,107600.0,107613.0
au2510.SHFE,SHFE.au2510,2025-09-15 23:16:00,131909,836.28,836.28,836.14,836.2,115.0,107613.0,107615.0
au2510.SHFE,SHFE.au2510,2025-09-15 23:17:00,131910,836.2,836.2,836.08,836.16,122.0,107615.0,107605.0
au2510.SHFE,SHFE.au2510,2025-09-15 23:18:00,131911,836.16,836.18,836.06,836.12,95.0,107605.0,107602.0
au2510.SHFE,SHFE.au2510,2025-09-15 23:19:00,131912,836.12,836.18,836.08,836.14,118.0,107602.0,107613.0
au2510.SHFE,SHFE.au2510,2025-09-15 23:20:00,131913,836.14,836.3,836.14,836.2,99.0,107613.0,107618.0
au2510.SHFE,SHFE.au2510,2025-09-15 23:21:00,131914,836.2,836.34,836.14,836.22,101.0,107618.0,107611.0
au2510.SHFE,SHFE.au2510,2025-09-15 23:22:00,131915,836.22,836.3,836.2,836.22,109.0,107611.0,107621.0
au2510.SHFE,SHFE.au2510,2025-09-15 23:23:00,131916,836.22,836.48,836.22,836.44,187.0,107621.0,107629.0
au2510.SHFE,SHFE.au2510,2025-09-15 23:24:00,131917,836.44,836.44,836.34,836.38,76.0,107629.0,107636.0
au2510.SHFE,SHFE.au2510,2025-09-15 23:25:00,131918,836.38,836.78,836.38,836.7,372.0,107636.0,107623.0
au2510.SHFE,SHFE.au2510,2025-09-15 23:26:00,131919,836.7,836.86,836.66,836.76,273.0,107623.0,107639.0
au2510.SHFE,SHFE.au2510,2025-09-15 23:27:00,131920,836.76,836.8,836.68,836.68,218.0,107639.0,107660.0
au2510.SHFE,SHFE.au2510,2025-09-15 23:28:00,131921,836.68,836.72,836.6,836.72,141.0,107660.0,107669.0
au2510.SHFE,SHFE.au2510,2025-09-15 23:29:00,131922,836.72,836.78,836.68,836.7,98.0,107669.0,107688.0
au2510.SHFE,SHFE.au2510,2025-09-15 23:30:00,131923,836.7,836.76,836.5,836.5,194.0,107688.0,107699.0
au2510.SHFE,SHFE.au2510,2025-09-15 23:31:00,131924,836.5,836.66,836.48,836.66,453.0,107699.0,107919.0
au2510.SHFE,SHFE.au2510,2025-09-15 23:32:00,131925,836.66,836.68,836.54,836.6,135.0,107919.0,107922.0
au2510.SHFE,SHFE.au2510,2025-09-15 23:33:00,131926,836.6,836.64,836.52,836.54,94.0,107922.0,107933.0
au2510.SHFE,SHFE.au2510,2025-09-15 23:34:00,131927,836.54,836.54,836.44,836.5,130.0,107933.0,107949.0
au2510.SHFE,SHFE.au2510,2025-09-15 23:35:00,131928,836.5,836.64,836.46,836.56,160.0,107949.0,107966.0
au2510.SHFE,SHFE.au2510,2025-09-15 23:36:00,131929,836.56,836.58,836.5,836.52,98.0,107966.0,107969.0
au2510.SHFE,SHFE.au2510,2025-09-15 23:37:00,131930,836.52,836.66,836.52,836.62,84.0,107969.0,107971.0
au2510.SHFE,SHFE.au2510,2025-09-15 23:38:00,131931,836.62,836.66,836.5,836.62,99.0,107971.0,107959.0
au2510.SHFE,SHFE.au2510,2025-09-15 23:39:00,131932,836.62,836.76,836.62,836.68,145.0,107959.0,107955.0
au2510.SHFE,SHFE.au2510,2025-09-15 23:40:00,131933,836.68,836.94,836.66,836.86,196.0,107955.0,107965.0
au2510.SHFE,SHFE.au2510,2025-09-15 23:41:00,131934,836.86,836.92,836.76,836.84,173.0,107965.0,107986.0
au2510.SHFE,SHFE.au2510,2025-09-15 23:42:00,131935,836.84,836.84,836.68,836.74,98.0,107986.0,107982.0
au2510.SHFE,SHFE.au2510,2025-09-15 23:43:00,131936,836.74,836.88,836.66,836.84,193.0,107982.0,107910.0
au2510.SHFE,SHFE.au2510,2025-09-15 23:44:00,131937,836.84,836.98,836.84,836.88,150.0,107910.0,107914.0
au2510.SHFE,SHFE.au2510,2025-09-15 23:45:00,131938,836.88,837.2,836.88,837.08,500.0,107914.0,107714.0
au2510.SHFE,SHFE.au2510,2025-09-15 23:46:00,131939,837.08,837.1,837.02,837.1,331.0,107714.0,107579.0
au2510.SHFE,SHFE.au2510,2025-09-15 23:47:00,131940,837.1,837.26,837.04,837.16,355.0,107579.0,107729.0
au2510.SHFE,SHFE.au2510,2025-09-15 23:48:00,131941,837.16,837.32,837.1,837.32,230.0,107729.0,107748.0
au2510.SHFE,SHFE.au2510,2025-09-15 23:49:00,131942,837.32,837.94,837.32,837.9,770.0,107748.0,107843.0
au2510.SHFE,SHFE.au2510,2025-09-15 23:50:00,131943,837.9,838.0,837.62,837.98,893.0,107843.0,107847.0
au2510.SHFE,SHFE.au2510,2025-09-15 23:51:00,131944,837.98,837.98,837.76,837.82,530.0,107847.0,107915.0
au2510.SHFE,SHFE.au2510,2025-09-15 23:52:00,131945,837.82,838.16,837.8,838.06,462.0,107915.0,107908.0
au2510.SHFE,SHFE.au2510,2025-09-15 23:53:00,131946,838.06,838.06,837.8,838.04,209.0,107908.0,107922.0
au2510.SHFE,SHFE.au2510,2025-09-15 23:54:00,131947,838.04,839.16,837.98,838.96,1158.0,107922.0,108011.0
au2510.SHFE,SHFE.au2510,2025-09-15 23:55:00,131948,838.96,839.38,838.96,839.06,973.0,108011.0,108078.0
au2510.SHFE,SHFE.au2510,2025-09-15 23:56:00,131949,839.06,839.3,838.74,838.86,767.0,108078.0,108197.0
au2510.SHFE,SHFE.au2510,2025-09-15 23:57:00,131950,838.86,839.4,838.8,839.28,527.0,108197.0,108240.0
au2510.SHFE,SHFE.au2510,2025-09-15 23:58:00,131951,839.28,839.66,839.22,839.5,805.0,108240.0,108312.0
au2510.SHFE,SHFE.au2510,2025-09-15 23:59:00,131952,839.5,839.5,839.02,839.2,428.0,108312.0,108347.0
au2510.SHFE,SHFE.au2510,2025-09-16 00:00:00,131953,839.2,839.32,838.52,838.56,755.0,108347.0,108400.0
au2510.SHFE,SHFE.au2510,2025-09-16 00:01:00,131954,838.56,838.96,838.42,838.82,637.0,108400.0,108436.0
au2510.SHFE,SHFE.au2510,2025-09-16 00:02:00,131955,838.82,838.92,838.72,838.82,288.0,108436.0,108504.0
au2510.SHFE,SHFE.au2510,2025-09-16 00:03:00,131956,838.82,838.94,838.4,838.4,373.0,108504.0,108537.0
au2510.SHFE,SHFE.au2510,2025-09-16 00:04:00,131957,838.4,838.96,838.28,838.86,601.0,108537.0,108628.0
au2510.SHFE,SHFE.au2510,2025-09-16 00:05:00,131958,838.86,839.18,838.84,839.04,403.0,108628.0,108659.0
au2510.SHFE,SHFE.au2510,2025-09-16 00:06:00,131959,839.04,839.06,838.92,839.04,228.0,108659.0,108717.0
au2510.SHFE,SHFE.au2510,2025-09-16 00:07:00,131960,839.04,839.2,838.88,838.88,253.0,108717.0,108732.0
au2510.SHFE,SHFE.au2510,2025-09-16 00:08:00,131961,838.88,839.04,838.84,839.04,136.0,108732.0,108724.0
au2510.SHFE,SHFE.au2510,2025-09-16 00:09:00,131962,839.04,839.36,839.04,839.36,318.0,108724.0,108723.0
au2510.SHFE,SHFE.au2510,2025-09-16 00:10:00,131963,839.36,839.38,839.0,839.02,278.0,108723.0,108788.0
au2510.SHFE,SHFE.au2510,2025-09-16 00:11:00,131964,839.02,839.24,839.02,839.12,163.0,108788.0,108818.0
au2510.SHFE,SHFE.au2510,2025-09-16 00:12:00,131965,839.12,839.26,839.04,839.12,160.0,108818.0,108836.0
au2510.SHFE,SHFE.au2510,2025-09-16 00:13:00,131966,839.12,839.24,839.08,839.16,144.0,108836.0,108841.0
au2510.SHFE,SHFE.au2510,2025-09-16 00:14:00,131967,839.16,839.22,839.0,839.04,211.0,108841.0,108883.0
au2510.SHFE,SHFE.au2510,2025-09-16 00:15:00,131968,839.04,839.08,838.74,838.86,290.0,108883.0,108848.0
au2510.SHFE,SHFE.au2510,2025-09-16 00:16:00,131969,838.86,839.18,838.84,839.16,201.0,108848.0,108826.0
au2510.SHFE,SHFE.au2510,2025-09-16 00:17:00,131970,839.16,839.38,839.12,839.22,247.0,108826.0,108836.0
au2510.SHFE,SHFE.au2510,2025-09-16 00:18:00,131971,839.22,839.22,838.98,839.06,174.0,108836.0,108816.0
au2510.SHFE,SHFE.au2510,2025-09-16 00:19:00,131972,839.06,839.22,839.06,839.12,100.0,108816.0,108833.0
au2510.SHFE,SHFE.au2510,2025-09-16 00:20:00,131973,839.12,839.4,839.12,839.28,233.0,108833.0,108859.0
au2510.SHFE,SHFE.au2510,2025-09-16 00:21:00,131974,839.28,839.6,839.28,839.6,282.0,108859.0,108867.0
au2510.SHFE,SHFE.au2510,2025-09-16 00:22:00,131975,839.6,839.74,839.54,839.62,533.0,108867.0,108789.0
au2510.SHFE,SHFE.au2510,2025-09-16 00:23:00,131976,839.62,839.82,839.56,839.68,319.0,108789.0,108803.0
au2510.SHFE,SHFE.au2510,2025-09-16 00:24:00,131977,839.68,839.7,839.56,839.56,115.0,108803.0,108809.0
au2510.SHFE,SHFE.au2510,2025-09-16 00:25:00,131978,839.56,839.58,839.32,839.5,159.0,108809.0,108804.0
au2510.SHFE,SHFE.au2510,2025-09-16 00:26:00,131979,839.5,839.6,839.48,839.6,96.0,108804.0,108829.0
au2510.SHFE,SHFE.au2510,2025-09-16 00:27:00,131980,839.6,839.64,839.5,839.62,114.0,108829.0,108835.0
au2510.SHFE,SHFE.au2510,2025-09-16 00:28:00,131981,839.62,839.98,839.62,839.84,265.0,108835.0,108862.0
au2510.SHFE,SHFE.au2510,2025-09-16 00:29:00,131982,839.84,840.12,839.84,839.9,417.0,108862.0,108830.0
au2510.SHFE,SHFE.au2510,2025-09-16 00:30:00,131983,839.9,839.96,839.74,839.82,284.0,108830.0,108849.0
au2510.SHFE,SHFE.au2510,2025-09-16 00:31:00,131984,839.82,840.02,839.76,839.96,170.0,108849.0,108843.0
au2510.SHFE,SHFE.au2510,2025-09-16 00:32:00,131985,839.96,839.96,839.82,839.94,148.0,108843.0,108847.0
au2510.SHFE,SHFE.au2510,2025-09-16 00:33:00,131986,839.94,840.2,839.94,840.08,391.0,108847.0,108829.0
au2510.SHFE,SHFE.au2510,2025-09-16 00:34:00,131987,840.08,840.26,840.04,840.12,337.0,108829.0,108809.0
au2510.SHFE,SHFE.au2510,2025-09-16 00:35:00,131988,840.12,840.12,839.74,839.82,372.0,108809.0,108827.0
au2510.SHFE,SHFE.au2510,2025-09-16 00:36:00,131989,839.82,839.82,839.42,839.52,379.0,108827.0,108844.0
au2510.SHFE,SHFE.au2510,2025-09-16 00:37:00,131990,839.52,839.54,839.22,839.24,354.0,108844.0,108800.0
au2510.SHFE,SHFE.au2510,2025-09-16 00:38:00,131991,839.24,839.26,838.84,838.84,677.0,108800.0,108779.0
au2510.SHFE,SHFE.au2510,2025-09-16 00:39:00,131992,838.84,838.84,838.5,838.58,724.0,108779.0,108674.0
au2510.SHFE,SHFE.au2510,2025-09-16 00:40:00,131993,838.58,838.9,838.3,838.88,672.0,108674.0,108575.0
au2510.SHFE,SHFE.au2510,2025-09-16 00:41:00,131994,838.88,839.04,838.72,839.04,489.0,108575.0,108614.0
au2510.SHFE,SHFE.au2510,2025-09-16 00:42:00,131995,839.04,839.22,839.04,839.08,392.0,108614.0,108599.0
au2510.SHFE,SHFE.au2510,2025-09-16 00:43:00,131996,839.08,839.1,838.8,838.98,175.0,108599.0,108601.0
au2510.SHFE,SHFE.au2510,2025-09-16 00:44:00,131997,838.98,838.98,838.72,838.78,145.0,108601.0,108595.0
au2510.SHFE,SHFE.au2510,2025-09-16 00:45:00,131998,838.78,838.78,838.4,838.42,341.0,108595.0,108594.0
au2510.SHFE,SHFE.au2510,2025-09-16 00:46:00,131999,838.42,838.54,838.04,838.36,693.0,108594.0,108590.0
au2510.SHFE,SHFE.au2510,2025-09-16 00:47:00,132000,838.36,838.68,838.32,838.54,304.0,108590.0,108580.0
au2510.SHFE,SHFE.au2510,2025-09-16 00:48:00,132001,838.54,838.9,838.5,838.86,281.0,108580.0,108557.0
au2510.SHFE,SHFE.au2510,2025-09-16 00:49:00,132002,838.86,838.98,838.78,838.9,147.0,108557.0,108541.0
au2510.SHFE,SHFE.au2510,2025-09-16 00:50:00,132003,838.9,838.94,838.62,838.7,174.0,108541.0,108571.0
au2510.SHFE,SHFE.au2510,2025-09-16 00:51:00,132004,838.7,838.86,838.6,838.8,177.0,108571.0,108568.0
au2510.SHFE,SHFE.au2510,2025-09-16 00:52:00,132005,838.8,839.02,838.8,838.96,179.0,108568.0,108581.0
au2510.SHFE,SHFE.au2510,2025-09-16 00:53:00,132006,838.96,839.1,838.84,839.1,177.0,108581.0,108569.0
au2510.SHFE,SHFE.au2510,2025-09-16 00:54:00,132007,839.1,839.26,838.92,838.94,231.0,108569.0,108572.0
au2510.SHFE,SHFE.au2510,2025-09-16 00:55:00,132008,838.94,839.08,838.9,839.04,143.0,108572.0,108593.0
au2510.SHFE,SHFE.au2510,2025-09-16 00:56:00,132009,839.04,839.06,838.84,839.02,187.0,108593.0,108583.0
au2510.SHFE,SHFE.au2510,2025-09-16 00:57:00,132010,839.02,839.1,838.88,838.9,138.0,108583.0,108596.0
au2510.SHFE,SHFE.au2510,2025-09-16 00:58:00,132011,838.9,838.98,838.84,838.92,96.0,108596.0,108568.0
au2510.SHFE,SHFE.au2510,2025-09-16 00:59:00,132012,838.92,838.94,838.76,838.92,109.0,108568.0,108556.0
au2510.SHFE,SHFE.au2510,2025-09-16 01:00:00,132013,838.92,839.08,838.84,839.08,182.0,108556.0,108538.0
au2510.SHFE,SHFE.au2510,2025-09-16 01:01:00,132014,839.08,839.24,839.04,839.24,207.0,108538.0,108522.0
au2510.SHFE,SHFE.au2510,2025-09-16 01:02:00,132015,839.24,839.24,839.12,839.18,156.0,108522.0,108503.0
au2510.SHFE,SHFE.au2510,2025-09-16 01:03:00,132016,839.18,839.22,839.12,839.18,69.0,108503.0,108514.0
au2510.SHFE,SHFE.au2510,2025-09-16 01:04:00,132017,839.18,839.26,839.12,839.26,61.0,108514.0,108512.0
au2510.SHFE,SHFE.au2510,2025-09-16 01:05:00,132018,839.26,839.3,839.16,839.2,105.0,108512.0,108510.0
au2510.SHFE,SHFE.au2510,2025-09-16 01:06:00,132019,839.2,839.2,839.1,839.1,152.0,108510.0,108500.0
au2510.SHFE,SHFE.au2510,2025-09-16 01:07:00,132020,839.1,839.44,839.06,839.4,215.0,108500.0,108505.0
au2510.SHFE,SHFE.au2510,2025-09-16 01:08:00,132021,839.4,839.42,839.24,839.32,83.0,108505.0,108513.0
au2510.SHFE,SHFE.au2510,2025-09-16 01:09:00,132022,839.32,839.44,839.28,839.32,130.0,108513.0,108503.0
au2510.SHFE,SHFE.au2510,2025-09-16 01:10:00,132023,839.32,839.32,839.22,839.28,79.0,108503.0,108505.0
au2510.SHFE,SHFE.au2510,2025-09-16 01:11:00,132024,839.28,839.38,839.14,839.28,77.0,108505.0,108508.0
au2510.SHFE,SHFE.au2510,2025-09-16 01:12:00,132025,839.28,839.46,839.24,839.24,114.0,108508.0,108523.0
au2510.SHFE,SHFE.au2510,2025-09-16 01:13:00,132026,839.24,839.28,839.2,839.24,41.0,108523.0,108522.0
au2510.SHFE,SHFE.au2510,2025-09-16 01:14:00,132027,839.24,839.28,839.12,839.12,66.0,108522.0,108523.0
au2510.SHFE,SHFE.au2510,2025-09-16 01:15:00,132028,839.12,839.18,839.06,839.12,120.0,108523.0,108504.0
au2510.SHFE,SHFE.au2510,2025-09-16 01:16:00,132029,839.12,839.18,839.1,839.14,51.0,108504.0,108486.0
au2510.SHFE,SHFE.au2510,2025-09-16 01:17:00,132030,839.14,839.32,839.14,839.26,49.0,108486.0,108474.0
au2510.SHFE,SHFE.au2510,2025-09-16 01:18:00,132031,839.26,839.34,839.26,839.34,94.0,108474.0,108473.0
au2510.SHFE,SHFE.au2510,2025-09-16 01:19:00,132032,839.34,839.4,839.26,839.26,64.0,108473.0,108459.0
au2510.SHFE,SHFE.au2510,2025-09-16 01:20:00,132033,839.26,839.26,839.06,839.1,79.0,108459.0,108460.0
au2510.SHFE,SHFE.au2510,2025-09-16 01:21:00,132034,839.1,839.18,839.0,839.1,83.0,108460.0,108466.0
au2510.SHFE,SHFE.au2510,2025-09-16 01:22:00,132035,839.1,839.12,839.0,839.06,40.0,108466.0,108472.0
au2510.SHFE,SHFE.au2510,2025-09-16 01:23:00,132036,839.06,839.14,839.04,839.06,57.0,108472.0,108476.0
au2510.SHFE,SHFE.au2510,2025-09-16 01:24:00,132037,839.06,839.06,838.92,839.0,348.0,108476.0,108461.0
au2510.SHFE,SHFE.au2510,2025-09-16 01:25:00,132038,839.0,839.3,838.98,839.3,130.0,108461.0,108479.0
au2510.SHFE,SHFE.au2510,2025-09-16 01:26:00,132039,839.3,839.42,839.22,839.34,308.0,108479.0,108541.0
au2510.SHFE,SHFE.au2510,2025-09-16 01:27:00,132040,839.34,839.42,839.3,839.36,93.0,108541.0,108540.0
au2510.SHFE,SHFE.au2510,2025-09-16 01:28:00,132041,839.36,839.44,839.32,839.32,70.0,108540.0,108526.0
au2510.SHFE,SHFE.au2510,2025-09-16 01:29:00,132042,839.32,839.36,839.2,839.28,206.0,108526.0,108531.0
au2510.SHFE,SHFE.au2510,2025-09-16 01:30:00,132043,839.28,839.56,839.28,839.52,193.0,108531.0,108532.0
au2510.SHFE,SHFE.au2510,2025-09-16 01:31:00,132044,839.52,839.78,839.52,839.7,158.0,108532.0,108513.0
au2510.SHFE,SHFE.au2510,2025-09-16 01:32:00,132045,839.7,839.82,839.64,839.66,132.0,108513.0,108551.0
au2510.SHFE,SHFE.au2510,2025-09-16 01:33:00,132046,839.66,839.74,839.6,839.66,72.0,108551.0,108550.0
au2510.SHFE,SHFE.au2510,2025-09-16 01:34:00,132047,839.66,839.76,839.54,839.76,339.0,108550.0,108576.0
au2510.SHFE,SHFE.au2510,2025-09-16 01:35:00,132048,839.76,839.86,839.7,839.78,152.0,108576.0,108595.0
au2510.SHFE,SHFE.au2510,2025-09-16 01:36:00,132049,839.78,839.9,839.72,839.9,138.0,108595.0,108619.0
au2510.SHFE,SHFE.au2510,2025-09-16 01:37:00,132050,839.9,839.94,839.86,839.9,93.0,108619.0,108628.0
au2510.SHFE,SHFE.au2510,2025-09-16 01:38:00,132051,839.9,839.92,839.72,839.74,87.0,108628.0,108626.0
au2510.SHFE,SHFE.au2510,2025-09-16 01:39:00,132052,839.74,839.84,839.74,839.76,81.0,108626.0,108613.0
au2510.SHFE,SHFE.au2510,2025-09-16 01:40:00,132053,839.76,839.82,839.72,839.8,45.0,108613.0,108613.0
au2510.SHFE,SHFE.au2510,2025-09-16 01:41:00,132054,839.8,839.82,839.66,839.7,70.0,108613.0,108619.0
au2510.SHFE,SHFE.au2510,2025-09-16 01:42:00,132055,839.7,839.7,839.56,839.62,106.0,108619.0,108617.0
au2510.SHFE,SHFE.au2510,2025-09-16 01:43:00,132056,839.62,839.72,839.56,839.68,53.0,108617.0,108600.0
au2510.SHFE,SHFE.au2510,2025-09-16 01:44:00,132057,839.68,839.76,839.64,839.74,75.0,108600.0,108602.0
au2510.SHFE,SHFE.au2510,2025-09-16 01:45:00,132058,839.74,839.78,839.62,839.62,91.0,108602.0,108611.0
au2510.SHFE,SHFE.au2510,2025-09-16 01:46:00,132059,839.62,839.74,839.62,839.7,67.0,108611.0,108589.0
au2510.SHFE,SHFE.au2510,2025-09-16 01:47:00,132060,839.7,839.74,839.64,839.7,40.0,108589.0,108591.0
au2510.SHFE,SHFE.au2510,2025-09-16 01:48:00,132061,839.7,839.72,839.66,839.7,33.0,108591.0,108588.0
au2510.SHFE,SHFE.au2510,2025-09-16 01:49:00,132062,839.7,839.86,839.68,839.82,50.0,108588.0,108589.0
au2510.SHFE,SHFE.au2510,2025-09-16 01:50:00,132063,839.82,839.9,839.8,839.8,61.0,108589.0,108576.0
au2510.SHFE,SHFE.au2510,2025-09-16 01:51:00,132064,839.8,839.88,839.78,839.88,49.0,108576.0,108580.0
au2510.SHFE,SHFE.au2510,2025-09-16 01:52:00,132065,839.88,839.96,839.8,839.8,66.0,108580.0,108562.0
au2510.SHFE,SHFE.au2510,2025-09-16 01:53:00,132066,839.8,839.8,839.68,839.78,79.0,108562.0,108560.0
au2510.SHFE,SHFE.au2510,2025-09-16 01:54:00,132067,839.78,839.82,839.74,839.74,18.0,108560.0,108560.0
au2510.SHFE,SHFE.au2510,2025-09-16 01:55:00,132068,839.74,839.8,839.7,839.78,36.0,108560.0,108565.0
au2510.SHFE,SHFE.au2510,2025-09-16 01:56:00,132069,839.78,839.88,839.74,839.86,34.0,108565.0,108572.0
au2510.SHFE,SHFE.au2510,2025-09-16 01:57:00,132070,839.86,839.94,839.86,839.92,60.0,108572.0,108560.0
au2510.SHFE,SHFE.au2510,2025-09-16 01:58:00,132071,839.92,840.1,839.92,839.98,134.0,108560.0,108540.0
au2510.SHFE,SHFE.au2510,2025-09-16 01:59:00,132072,839.98,840.06,839.86,839.98,114.0,108540.0,108524.0
au2510.SHFE,SHFE.au2510,2025-09-16 02:00:00,132073,839.98,840.06,839.94,839.98,96.0,108524.0,108505.0
au2510.SHFE,SHFE.au2510,2025-09-16 02:01:00,132074,839.98,839.98,839.82,839.82,57.0,108505.0,108501.0
au2510.SHFE,SHFE.au2510,2025-09-16 02:02:00,132075,839.82,839.86,839.72,839.8,82.0,108501.0,108498.0
au2510.SHFE,SHFE.au2510,2025-09-16 02:03:00,132076,839.8,839.9,839.52,839.66,127.0,108498.0,108499.0
au2510.SHFE,SHFE.au2510,2025-09-16 02:04:00,132077,839.66,839.74,839.62,839.72,59.0,108499.0,108505.0
au2510.SHFE,SHFE.au2510,2025-09-16 02:05:00,132078,839.72,839.74,839.68,839.7,67.0,108505.0,108507.0
au2510.SHFE,SHFE.au2510,2025-09-16 02:06:00,132079,839.7,839.8,839.7,839.8,33.0,108507.0,108492.0
au2510.SHFE,SHFE.au2510,2025-09-16 02:07:00,132080,839.8,839.84,839.72,839.78,27.0,108492.0,108497.0
au2510.SHFE,SHFE.au2510,2025-09-16 02:08:00,132081,839.78,839.8,839.72,839.76,38.0,108497.0,108490.0
au2510.SHFE,SHFE.au2510,2025-09-16 02:09:00,132082,839.76,839.76,839.58,839.6,57.0,108490.0,108494.0
au2510.SHFE,SHFE.au2510,2025-09-16 02:10:00,132083,839.6,839.68,839.58,839.58,62.0,108494.0,108488.0
au2510.SHFE,SHFE.au2510,2025-09-16 02:11:00,132084,839.58,839.62,839.46,839.48,89.0,108488.0,108473.0
au2510.SHFE,SHFE.au2510,2025-09-16 02:12:00,132085,839.48,839.5,839.4,839.44,59.0,108473.0,108462.0
au2510.SHFE,SHFE.au2510,2025-09-16 02:13:00,132086,839.44,839.46,839.34,839.4,67.0,108462.0,108461.0
au2510.SHFE,SHFE.au2510,2025-09-16 02:14:00,132087,839.4,839.4,839.18,839.2,81.0,108461.0,108447.0
au2510.SHFE,SHFE.au2510,2025-09-16 02:15:00,132088,839.2,839.36,839.04,839.04,141.0,108447.0,108431.0
au2510.SHFE,SHFE.au2510,2025-09-16 02:16:00,132089,839.04,839.14,838.98,839.1,103.0,108431.0,108403.0
au2510.SHFE,SHFE.au2510,2025-09-16 02:17:00,132090,839.1,839.1,838.82,838.88,207.0,108403.0,108385.0
au2510.SHFE,SHFE.au2510,2025-09-16 02:18:00,132091,838.88,839.16,838.86,839.1,136.0,108385.0,108382.0
au2510.SHFE,SHFE.au2510,2025-09-16 02:19:00,132092,839.1,839.28,839.08,839.24,75.0,108382.0,108379.0
au2510.SHFE,SHFE.au2510,2025-09-16 02:20:00,132093,839.24,839.38,839.22,839.34,80.0,108379.0,108360.0
au2510.SHFE,SHFE.au2510,2025-09-16 02:21:00,132094,839.34,839.38,839.3,839.38,88.0,108360.0,108357.0
au2510.SHFE,SHFE.au2510,2025-09-16 02:22:00,132095,839.38,839.42,839.34,839.36,69.0,108357.0,108374.0
au2510.SHFE,SHFE.au2510,2025-09-16 02:23:00,132096,839.36,839.38,839.24,839.36,25.0,108374.0,108367.0
au2510.SHFE,SHFE.au2510,2025-09-16 02:24:00,132097,839.36,839.4,839.32,839.4,43.0,108367.0,108350.0
au2510.SHFE,SHFE.au2510,2025-09-16 02:25:00,132098,839.4,839.4,839.22,839.26,51.0,108350.0,108338.0
au2510.SHFE,SHFE.au2510,2025-09-16 02:26:00,132099,839.26,839.34,839.24,839.3,42.0,108338.0,108321.0
au2510.SHFE,SHFE.au2510,2025-09-16 02:27:00,132100,839.3,839.32,839.26,839.28,65.0,108321.0,108319.0
au2510.SHFE,SHFE.au2510,2025-09-16 02:28:00,132101,839.28,839.3,839.24,839.28,137.0,108319.0,108306.0
au2510.SHFE,SHFE.au2510,2025-09-16 02:29:00,132102,839.28,839.42,839.08,839.08,195.0,108306.0,108229.0
au2510.SHFE,SHFE.au2510,2025-09-16 09:00:00,132103,841.0,842.2,840.76,841.6,2633.0,108229.0,108248.0
au2510.SHFE,SHFE.au2510,2025-09-16 09:01:00,132104,841.6,841.84,841.0,841.34,1132.0,108248.0,108240.0
au2510.SHFE,SHFE.au2510,2025-09-16 09:02:00,132105,841.34,841.4,840.9,841.04,904.0,108240.0,108224.0
au2510.SHFE,SHFE.au2510,2025-09-16 09:03:00,132106,841.04,841.52,840.92,841.16,764.0,108224.0,108249.0
au2510.SHFE,SHFE.au2510,2025-09-16 09:04:00,132107,841.16,841.16,840.12,840.22,811.0,108249.0,108260.0
au2510.SHFE,SHFE.au2510,2025-09-16 09:05:00,132108,840.22,840.6,840.1,840.48,854.0,108260.0,108297.0
au2510.SHFE,SHFE.au2510,2025-09-16 09:06:00,132109,840.48,840.68,840.34,840.58,525.0,108297.0,108251.0
au2510.SHFE,SHFE.au2510,2025-09-16 09:07:00,132110,840.58,840.68,840.3,840.48,561.0,108251.0,108172.0
au2510.SHFE,SHFE.au2510,2025-09-16 09:08:00,132111,840.48,840.6,840.12,840.2,396.0,108172.0,108155.0
au2510.SHFE,SHFE.au2510,2025-09-16 09:09:00,132112,840.2,840.24,839.76,839.84,764.0,108155.0,108061.0
au2510.SHFE,SHFE.au2510,2025-09-16 09:10:00,132113,839.84,840.3,839.74,840.14,434.0,108061.0,108051.0
au2510.SHFE,SHFE.au2510,2025-09-16 09:11:00,132114,840.14,840.4,840.06,840.24,580.0,108051.0,108048.0
au2510.SHFE,SHFE.au2510,2025-09-16 09:12:00,132115,840.24,840.28,839.82,839.94,337.0,108048.0,108034.0
au2510.SHFE,SHFE.au2510,2025-09-16 09:13:00,132116,839.94,840.16,839.88,839.98,281.0,108034.0,108018.0
au2510.SHFE,SHFE.au2510,2025-09-16 09:14:00,132117,839.98,840.24,839.98,840.04,313.0,108018.0,108014.0
au2510.SHFE,SHFE.au2510,2025-09-16 09:15:00,132118,840.04,840.12,839.6,840.06,648.0,108014.0,107977.0
au2510.SHFE,SHFE.au2510,2025-09-16 09:16:00,132119,840.06,840.18,839.96,840.18,328.0,107977.0,107983.0
au2510.SHFE,SHFE.au2510,2025-09-16 09:17:00,132120,840.18,840.2,839.32,839.32,486.0,107983.0,108029.0
au2510.SHFE,SHFE.au2510,2025-09-16 09:18:00,132121,839.32,839.64,839.3,839.62,511.0,108029.0,108002.0
au2510.SHFE,SHFE.au2510,2025-09-16 09:19:00,132122,839.62,839.72,839.46,839.46,297.0,108002.0,107939.0
au2510.SHFE,SHFE.au2510,2025-09-16 09:20:00,132123,839.46,839.5,839.02,839.42,570.0,107939.0,107877.0
au2510.SHFE,SHFE.au2510,2025-09-16 09:21:00,132124,839.42,839.72,839.42,839.64,244.0,107877.0,107843.0
au2510.SHFE,SHFE.au2510,2025-09-16 09:22:00,132125,839.64,839.74,839.5,839.58,221.0,107843.0,107870.0
au2510.SHFE,SHFE.au2510,2025-09-16 09:23:00,132126,839.58,839.94,839.58,839.9,465.0,107870.0,107804.0
au2510.SHFE,SHFE.au2510,2025-09-16 09:24:00,132127,839.9,839.9,839.66,839.76,233.0,107804.0,107774.0
au2510.SHFE,SHFE.au2510,2025-09-16 09:25:00,132128,839.76,840.08,839.68,840.02,241.0,107774.0,107764.0
au2510.SHFE,SHFE.au2510,2025-09-16 09:26:00,132129,840.02,840.18,839.94,840.08,291.0,107764.0,107786.0
au2510.SHFE,SHFE.au2510,2025-09-16 09:27:00,132130,840.08,840.14,839.68,839.74,241.0,107786.0,107780.0
au2510.SHFE,SHFE.au2510,2025-09-16 09:28:00,132131,839.74,839.78,839.42,839.56,256.0,107780.0,107797.0
au2510.SHFE,SHFE.au2510,2025-09-16 09:29:00,132132,839.56,839.76,839.52,839.66,128.0,107797.0,107792.0
au2510.SHFE,SHFE.au2510,2025-09-16 09:30:00,132133,839.66,839.66,839.4,839.48,277.0,107792.0,107739.0
au2510.SHFE,SHFE.au2510,2025-09-16 09:31:00,132134,839.48,839.9,839.4,839.86,227.0,107739.0,107743.0
au2510.SHFE,SHFE.au2510,2025-09-16 09:32:00,132135,839.86,840.18,839.78,840.12,252.0,107743.0,107734.0
au2510.SHFE,SHFE.au2510,2025-09-16 09:33:00,132136,840.12,840.48,840.0,840.46,464.0,107734.0,107654.0
au2510.SHFE,SHFE.au2510,2025-09-16 09:34:00,132137,840.46,840.72,840.22,840.32,640.0,107654.0,107608.0
au2510.SHFE,SHFE.au2510,2025-09-16 09:35:00,132138,840.32,840.32,840.04,840.26,341.0,107608.0,107565.0
au2510.SHFE,SHFE.au2510,2025-09-16 09:36:00,132139,840.26,840.38,840.0,840.08,374.0,107565.0,107490.0
au2510.SHFE,SHFE.au2510,2025-09-16 09:37:00,132140,840.08,840.12,839.8,839.88,366.0,107490.0,107393.0
au2510.SHFE,SHFE.au2510,2025-09-16 09:38:00,132141,839.88,840.04,839.72,839.74,285.0,107393.0,107362.0
au2510.SHFE,SHFE.au2510,2025-09-16 09:39:00,132142,839.74,839.96,839.68,839.94,145.0,107362.0,107349.0
au2510.SHFE,SHFE.au2510,2025-09-16 09:40:00,132143,839.94,840.16,839.88,840.12,159.0,107349.0,107322.0
au2510.SHFE,SHFE.au2510,2025-09-16 09:41:00,132144,840.12,840.14,839.92,839.96,98.0,107322.0,107331.0
au2510.SHFE,SHFE.au2510,2025-09-16 09:42:00,132145,839.96,839.98,839.76,839.98,201.0,107331.0,107339.0
au2510.SHFE,SHFE.au2510,2025-09-16 09:43:00,132146,839.98,839.98,839.42,839.52,345.0,107339.0,107351.0
au2510.SHFE,SHFE.au2510,2025-09-16 09:44:00,132147,839.52,839.74,839.24,839.26,511.0,107351.0,107336.0
au2510.SHFE,SHFE.au2510,2025-09-16 09:45:00,132148,839.26,839.5,839.08,839.24,373.0,107336.0,107275.0
au2510.SHFE,SHFE.au2510,2025-09-16 09:46:00,132149,839.24,839.62,839.22,839.6,162.0,107275.0,107237.0
au2510.SHFE,SHFE.au2510,2025-09-16 09:47:00,132150,839.6,839.68,839.52,839.62,135.0,107237.0,107220.0
au2510.SHFE,SHFE.au2510,2025-09-16 09:48:00,132151,839.62,839.62,839.28,839.36,212.0,107220.0,107182.0
au2510.SHFE,SHFE.au2510,2025-09-16 09:49:00,132152,839.36,839.46,839.22,839.36,180.0,107182.0,107163.0
au2510.SHFE,SHFE.au2510,2025-09-16 09:50:00,132153,839.36,839.64,839.28,839.54,160.0,107163.0,107159.0
au2510.SHFE,SHFE.au2510,2025-09-16 09:51:00,132154,839.54,839.54,839.38,839.5,120.0,107159.0,107156.0
au2510.SHFE,SHFE.au2510,2025-09-16 09:52:00,132155,839.5,839.64,839.48,839.52,158.0,107156.0,107144.0
au2510.SHFE,SHFE.au2510,2025-09-16 09:53:00,132156,839.52,839.64,839.5,839.54,70.0,107144.0,107134.0
au2510.SHFE,SHFE.au2510,2025-09-16 09:54:00,132157,839.54,839.6,839.3,839.44,125.0,107134.0,107145.0
au2510.SHFE,SHFE.au2510,2025-09-16 09:55:00,132158,839.44,839.58,839.38,839.54,78.0,107145.0,107143.0
au2510.SHFE,SHFE.au2510,2025-09-16 09:56:00,132159,839.54,839.6,839.38,839.52,148.0,107143.0,107112.0
au2510.SHFE,SHFE.au2510,2025-09-16 09:57:00,132160,839.52,839.54,839.46,839.48,122.0,107112.0,107083.0
au2510.SHFE,SHFE.au2510,2025-09-16 09:58:00,132161,839.48,839.6,839.44,839.56,91.0,107083.0,107051.0
au2510.SHFE,SHFE.au2510,2025-09-16 09:59:00,132162,839.56,839.9,839.56,839.86,146.0,107051.0,107026.0
au2510.SHFE,SHFE.au2510,2025-09-16 10:00:00,132163,839.86,840.04,839.86,839.98,267.0,107026.0,107023.0
au2510.SHFE,SHFE.au2510,2025-09-16 10:01:00,132164,839.98,840.18,839.98,840.12,195.0,107023.0,107000.0
au2510.SHFE,SHFE.au2510,2025-09-16 10:02:00,132165,840.12,840.18,839.96,840.16,184.0,107000.0,106962.0
au2510.SHFE,SHFE.au2510,2025-09-16 10:03:00,132166,840.16,840.16,839.8,840.02,144.0,106962.0,106927.0
au2510.SHFE,SHFE.au2510,2025-09-16 10:04:00,132167,840.02,840.06,839.96,840.0,97.0,106927.0,106923.0
au2510.SHFE,SHFE.au2510,2025-09-16 10:05:00,132168,840.0,840.1,839.9,840.06,242.0,106923.0,106856.0
au2510.SHFE,SHFE.au2510,2025-09-16 10:06:00,132169,840.06,840.26,840.02,840.14,190.0,106856.0,106823.0
au2510.SHFE,SHFE.au2510,2025-09-16 10:07:00,132170,840.14,840.38,840.12,840.38,153.0,106823.0,106816.0
au2510.SHFE,SHFE.au2510,2025-09-16 10:08:00,132171,840.38,840.42,840.24,840.28,203.0,106816.0,106793.0
au2510.SHFE,SHFE.au2510,2025-09-16 10:09:00,132172,840.28,840.3,840.12,840.2,128.0,106793.0,106770.0
au2510.SHFE,SHFE.au2510,2025-09-16 10:10:00,132173,840.2,840.2,839.92,840.0,134.0,106770.0,106746.0
au2510.SHFE,SHFE.au2510,2025-09-16 10:11:00,132174,840.0,840.0,839.62,839.72,200.0,106746.0,106735.0
au2510.SHFE,SHFE.au2510,2025-09-16 10:12:00,132175,839.72,839.98,839.5,839.98,338.0,106735.0,106742.0
au2510.SHFE,SHFE.au2510,2025-09-16 10:13:00,132176,839.98,840.08,839.88,840.0,214.0,106742.0,106696.0
au2510.SHFE,SHFE.au2510,2025-09-16 10:14:00,132177,840.0,840.1,839.92,840.06,129.0,106696.0,106673.0
au2510.SHFE,SHFE.au2510,2025-09-16 10:30:00,132178,840.08,840.12,839.78,839.82,339.0,106673.0,106595.0
au2510.SHFE,SHFE.au2510,2025-09-16 10:31:00,132179,839.82,839.82,839.64,839.7,151.0,106595.0,106567.0
au2510.SHFE,SHFE.au2510,2025-09-16 10:32:00,132180,839.7,839.74,839.6,839.66,144.0,106567.0,106562.0
au2510.SHFE,SHFE.au2510,2025-09-16 10:33:00,132181,839.66,839.7,839.38,839.54,267.0,106562.0,106513.0
au2510.SHFE,SHFE.au2510,2025-09-16 10:34:00,132182,839.54,839.6,839.28,839.28,225.0,106513.0,106518.0
au2510.SHFE,SHFE.au2510,2025-09-16 10:35:00,132183,839.28,839.5,839.22,839.48,211.0,106518.0,106521.0
au2510.SHFE,SHFE.au2510,2025-09-16 10:36:00,132184,839.48,839.5,838.92,839.02,546.0,106521.0,106595.0
au2510.SHFE,SHFE.au2510,2025-09-16 10:37:00,132185,839.02,839.26,838.86,839.2,335.0,106595.0,106554.0
au2510.SHFE,SHFE.au2510,2025-09-16 10:38:00,132186,839.2,839.32,838.68,838.7,454.0,106554.0,106593.0
au2510.SHFE,SHFE.au2510,2025-09-16 10:39:00,132187,838.7,839.1,838.28,839.04,1037.0,106593.0,106509.0
au2510.SHFE,SHFE.au2510,2025-09-16 10:40:00,132188,839.04,839.1,838.52,838.54,377.0,106509.0,106521.0
au2510.SHFE,SHFE.au2510,2025-09-16 10:41:00,132189,838.54,838.68,838.42,838.62,410.0,106521.0,106493.0
au2510.SHFE,SHFE.au2510,2025-09-16 10:42:00,132190,838.62,838.76,838.48,838.7,390.0,106493.0,106477.0
au2510.SHFE,SHFE.au2510,2025-09-16 10:43:00,132191,838.7,839.0,838.44,838.46,371.0,106477.0,106461.0
au2510.SHFE,SHFE.au2510,2025-09-16 10:44:00,132192,838.46,838.9,838.46,838.88,326.0,106461.0,106391.0
au2510.SHFE,SHFE.au2510,2025-09-16 10:45:00,132193,838.88,838.92,838.52,838.66,660.0,106391.0,106345.0
au2510.SHFE,SHFE.au2510,2025-09-16 10:46:00,132194,838.66,838.68,837.82,838.04,960.0,106345.0,106405.0
au2510.SHFE,SHFE.au2510,2025-09-16 10:47:00,132195,838.04,838.4,837.96,838.02,896.0,106405.0,106363.0
au2510.SHFE,SHFE.au2510,2025-09-16 10:48:00,132196,838.02,838.56,838.0,838.56,444.0,106363.0,106360.0
au2510.SHFE,SHFE.au2510,2025-09-16 10:49:00,132197,838.56,838.8,838.52,838.68,249.0,106360.0,106330.0
au2510.SHFE,SHFE.au2510,2025-09-16 10:50:00,132198,838.68,838.72,838.46,838.5,187.0,106330.0,106317.0
au2510.SHFE,SHFE.au2510,2025-09-16 10:51:00,132199,838.5,838.74,838.48,838.62,327.0,106317.0,106316.0
au2510.SHFE,SHFE.au2510,2025-09-16 10:52:00,132200,838.62,839.1,838.56,839.06,317.0,106316.0,106279.0
au2510.SHFE,SHFE.au2510,2025-09-16 10:53:00,132201,839.06,839.14,838.96,839.08,203.0,106279.0,106262.0
au2510.SHFE,SHFE.au2510,2025-09-16 10:54:00,132202,839.08,839.08,838.78,838.82,141.0,106262.0,106241.0
au2510.SHFE,SHFE.au2510,2025-09-16 10:55:00,132203,838.82,839.06,838.82,838.94,117.0,106241.0,106249.0
au2510.SHFE,SHFE.au2510,2025-09-16 10:56:00,132204,838.94,839.08,838.88,839.08,100.0,106249.0,106240.0
au2510.SHFE,SHFE.au2510,2025-09-16 10:57:00,132205,839.08,839.16,838.8,838.84,319.0,106240.0,106210.0
au2510.SHFE,SHFE.au2510,2025-09-16 10:58:00,132206,838.84,838.84,838.4,838.5,367.0,106210.0,106210.0
au2510.SHFE,SHFE.au2510,2025-09-16 10:59:00,132207,838.5,838.58,838.3,838.38,236.0,106210.0,106179.0
au2510.SHFE,SHFE.au2510,2025-09-16 11:00:00,132208,838.38,838.62,838.26,838.58,306.0,106179.0,106152.0
au2510.SHFE,SHFE.au2510,2025-09-16 11:01:00,132209,838.58,838.6,838.36,838.42,222.0,106152.0,106113.0
au2510.SHFE,SHFE.au2510,2025-09-16 11:02:00,132210,838.42,838.5,838.32,838.44,103.0,106113.0,106082.0
au2510.SHFE,SHFE.au2510,2025-09-16 11:03:00,132211,838.44,838.66,838.42,838.54,160.0,106082.0,106074.0
au2510.SHFE,SHFE.au2510,2025-09-16 11:04:00,132212,838.54,838.7,838.54,838.62,186.0,106074.0,106075.0
au2510.SHFE,SHFE.au2510,2025-09-16 11:05:00,132213,838.62,838.86,838.6,838.78,397.0,106075.0,106008.0
au2510.SHFE,SHFE.au2510,2025-09-16 11:06:00,132214,838.78,838.92,838.72,838.86,261.0,106008.0,105979.0
au2510.SHFE,SHFE.au2510,2025-09-16 11:07:00,132215,838.86,838.96,838.78,838.78,207.0,105979.0,106005.0
au2510.SHFE,SHFE.au2510,2025-09-16 11:08:00,132216,838.78,838.92,838.78,838.9,105.0,106005.0,105996.0
au2510.SHFE,SHFE.au2510,2025-09-16 11:09:00,132217,838.9,838.96,838.86,838.96,115.0,105996.0,105976.0
au2510.SHFE,SHFE.au2510,2025-09-16 11:10:00,132218,838.96,838.98,838.88,838.96,103.0,105976.0,105960.0
au2510.SHFE,SHFE.au2510,2025-09-16 11:11:00,132219,838.96,839.06,838.8,838.84,172.0,105960.0,105937.0
au2510.SHFE,SHFE.au2510,2025-09-16 11:12:00,132220,838.84,838.96,838.8,838.92,88.0,105937.0,105906.0
au2510.SHFE,SHFE.au2510,2025-09-16 11:13:00,132221,838.92,839.1,838.92,839.1,132.0,105906.0,105878.0
au2510.SHFE,SHFE.au2510,2025-09-16 11:14:00,132222,839.1,839.26,839.1,839.18,209.0,105878.0,105785.0
au2510.SHFE,SHFE.au2510,2025-09-16 11:15:00,132223,839.18,839.34,839.14,839.26,275.0,105785.0,105777.0
au2510.SHFE,SHFE.au2510,2025-09-16 11:16:00,132224,839.26,839.36,839.18,839.2,135.0,105777.0,105776.0
au2510.SHFE,SHFE.au2510,2025-09-16 11:17:00,132225,839.2,839.26,839.06,839.24,119.0,105776.0,105755.0
au2510.SHFE,SHFE.au2510,2025-09-16 11:18:00,132226,839.24,839.3,839.18,839.2,138.0,105755.0,105718.0
au2510.SHFE,SHFE.au2510,2025-09-16 11:19:00,132227,839.2,839.2,838.96,839.16,171.0,105718.0,105759.0
au2510.SHFE,SHFE.au2510,2025-09-16 11:20:00,132228,839.16,839.24,839.14,839.24,91.0,105759.0,105756.0
au2510.SHFE,SHFE.au2510,2025-09-16 11:21:00,132229,839.24,839.32,839.14,839.24,108.0,105756.0,105738.0
au2510.SHFE,SHFE.au2510,2025-09-16 11:22:00,132230,839.24,839.28,839.14,839.24,152.0,105738.0,105706.0
au2510.SHFE,SHFE.au2510,2025-09-16 11:23:00,132231,839.24,839.24,838.98,838.98,82.0,105706.0,105693.0
au2510.SHFE,SHFE.au2510,2025-09-16 11:24:00,132232,838.98,839.08,838.98,839.08,56.0,105693.0,105686.0
au2510.SHFE,SHFE.au2510,2025-09-16 11:25:00,132233,839.08,839.12,839.02,839.06,31.0,105686.0,105686.0
au2510.SHFE,SHFE.au2510,2025-09-16 11:26:00,132234,839.06,839.1,839.04,839.06,64.0,105686.0,105668.0
au2510.SHFE,SHFE.au2510,2025-09-16 11:27:00,132235,839.06,839.08,839.0,839.02,77.0,105668.0,105663.0
au2510.SHFE,SHFE.au2510,2025-09-16 11:28:00,132236,839.02,839.14,839.02,839.12,80.0,105663.0,105643.0
au2510.SHFE,SHFE.au2510,2025-09-16 11:29:00,132237,839.12,839.26,839.04,839.24,157.0,105643.0,105654.0
au2510.SHFE,SHFE.au2510,2025-09-16 13:30:00,132238,839.64,839.96,839.64,839.78,618.0,105654.0,105618.0
au2510.SHFE,SHFE.au2510,2025-09-16 13:31:00,132239,839.78,839.94,839.78,839.9,149.0,105618.0,105605.0
au2510.SHFE,SHFE.au2510,2025-09-16 13:32:00,132240,839.9,839.92,839.54,839.54,210.0,105605.0,105592.0
au2510.SHFE,SHFE.au2510,2025-09-16 13:33:00,132241,839.54,839.74,839.46,839.74,169.0,105592.0,105575.0
au2510.SHFE,SHFE.au2510,2025-09-16 13:34:00,132242,839.74,839.78,839.6,839.62,114.0,105575.0,105558.0
au2510.SHFE,SHFE.au2510,2025-09-16 13:35:00,132243,839.62,839.72,839.62,839.68,80.0,105558.0,105536.0
au2510.SHFE,SHFE.au2510,2025-09-16 13:36:00,132244,839.68,839.82,839.68,839.74,134.0,105536.0,105514.0
au2510.SHFE,SHFE.au2510,2025-09-16 13:37:00,132245,839.74,839.86,839.64,839.84,162.0,105514.0,105511.0
au2510.SHFE,SHFE.au2510,2025-09-16 13:38:00,132246,839.84,839.86,839.6,839.78,232.0,105511.0,105495.0
au2510.SHFE,SHFE.au2510,2025-09-16 13:39:00,132247,839.78,839.8,839.64,839.76,206.0,105495.0,105430.0
au2510.SHFE,SHFE.au2510,2025-09-16 13:40:00,132248,839.76,839.8,839.56,839.64,264.0,105430.0,105375.0
au2510.SHFE,SHFE.au2510,2025-09-16 13:41:00,132249,839.64,839.84,839.64,839.7,121.0,105375.0,105337.0
au2510.SHFE,SHFE.au2510,2025-09-16 13:42:00,132250,839.7,839.72,839.6,839.68,92.0,105337.0,105304.0
au2510.SHFE,SHFE.au2510,2025-09-16 13:43:00,132251,839.68,839.74,839.64,839.7,96.0,105304.0,105261.0
au2510.SHFE,SHFE.au2510,2025-09-16 13:44:00,132252,839.7,839.7,839.6,839.6,84.0,105261.0,105249.0
au2510.SHFE,SHFE.au2510,2025-09-16 13:45:00,132253,839.6,839.62,839.46,839.5,206.0,105249.0,105235.0
au2510.SHFE,SHFE.au2510,2025-09-16 13:46:00,132254,839.5,839.56,839.44,839.48,320.0,105235.0,105117.0
au2510.SHFE,SHFE.au2510,2025-09-16 13:47:00,132255,839.48,839.58,839.42,839.42,202.0,105117.0,105110.0
au2510.SHFE,SHFE.au2510,2025-09-16 13:48:00,132256,839.42,839.46,839.14,839.2,395.0,105110.0,104995.0
au2510.SHFE,SHFE.au2510,2025-09-16 13:49:00,132257,839.2,839.2,839.02,839.08,278.0,104995.0,104917.0
au2510.SHFE,SHFE.au2510,2025-09-16 13:50:00,132258,839.08,839.34,839.06,839.22,341.0,104917.0,104844.0
au2510.SHFE,SHFE.au2510,2025-09-16 13:51:00,132259,839.22,839.46,839.22,839.32,291.0,104844.0,104846.0
au2510.SHFE,SHFE.au2510,2025-09-16 13:52:00,132260,839.32,839.4,839.24,839.3,147.0,104846.0,104836.0
au2510.SHFE,SHFE.au2510,2025-09-16 13:53:00,132261,839.3,839.38,839.26,839.28,150.0,104836.0,104850.0
au2510.SHFE,SHFE.au2510,2025-09-16 13:54:00,132262,839.28,839.38,839.22,839.22,135.0,104850.0,104806.0
au2510.SHFE,SHFE.au2510,2025-09-16 13:55:00,132263,839.22,839.54,839.16,839.54,166.0,104806.0,104775.0
au2510.SHFE,SHFE.au2510,2025-09-16 13:56:00,132264,839.54,839.68,839.54,839.64,278.0,104775.0,104709.0
au2510.SHFE,SHFE.au2510,2025-09-16 13:57:00,132265,839.64,839.7,839.6,839.68,99.0,104709.0,104724.0
au2510.SHFE,SHFE.au2510,2025-09-16 13:58:00,132266,839.68,839.72,839.64,839.72,155.0,104724.0,104724.0
au2510.SHFE,SHFE.au2510,2025-09-16 13:59:00,132267,839.72,839.74,839.62,839.66,421.0,104724.0,104641.0
au2510.SHFE,SHFE.au2510,2025-09-16 14:00:00,132268,839.66,840.04,839.64,839.98,606.0,104641.0,104714.0
au2510.SHFE,SHFE.au2510,2025-09-16 14:01:00,132269,839.98,840.0,839.9,839.9,206.0,104714.0,104705.0
au2510.SHFE,SHFE.au2510,2025-09-16 14:02:00,132270,839.9,840.06,839.88,840.02,172.0,104705.0,104710.0
au2510.SHFE,SHFE.au2510,2025-09-16 14:03:00,132271,840.02,840.02,839.86,839.98,248.0,104710.0,104665.0
au2510.SHFE,SHFE.au2510,2025-09-16 14:04:00,132272,839.98,840.08,839.82,839.86,228.0,104665.0,104652.0
au2510.SHFE,SHFE.au2510,2025-09-16 14:05:00,132273,839.86,839.92,839.76,839.86,130.0,104652.0,104623.0
au2510.SHFE,SHFE.au2510,2025-09-16 14:06:00,132274,839.86,839.98,839.8,839.94,160.0,104623.0,104577.0
au2510.SHFE,SHFE.au2510,2025-09-16 14:07:00,132275,839.94,839.96,839.78,839.8,105.0,104577.0,104543.0
au2510.SHFE,SHFE.au2510,2025-09-16 14:08:00,132276,839.8,839.84,839.64,839.68,131.0,104543.0,104515.0
au2510.SHFE,SHFE.au2510,2025-09-16 14:09:00,132277,839.68,839.68,839.56,839.6,168.0,104515.0,104478.0
au2510.SHFE,SHFE.au2510,2025-09-16 14:10:00,132278,839.6,839.86,839.58,839.82,117.0,104478.0,104477.0
au2510.SHFE,SHFE.au2510,2025-09-16 14:11:00,132279,839.82,839.94,839.76,839.88,95.0,104477.0,104469.0
au2510.SHFE,SHFE.au2510,2025-09-16 14:12:00,132280,839.88,839.96,839.78,839.78,106.0,104469.0,104492.0
au2510.SHFE,SHFE.au2510,2025-09-16 14:13:00,132281,839.78,839.78,839.66,839.76,71.0,104492.0,104491.0
au2510.SHFE,SHFE.au2510,2025-09-16 14:14:00,132282,839.76,839.8,839.68,839.68,65.0,104491.0,104474.0
au2510.SHFE,SHFE.au2510,2025-09-16 14:15:00,132283,839.68,839.84,839.66,839.66,76.0,104474.0,104455.0
au2510.SHFE,SHFE.au2510,2025-09-16 14:16:00,132284,839.66,839.86,839.66,839.76,79.0,104455.0,104437.0
au2510.SHFE,SHFE.au2510,2025-09-16 14:17:00,132285,839.76,839.92,839.76,839.86,107.0,104437.0,104418.0
au2510.SHFE,SHFE.au2510,2025-09-16 14:18:00,132286,839.86,840.0,839.82,839.86,195.0,104418.0,104364.0
au2510.SHFE,SHFE.au2510,2025-09-16 14:19:00,132287,839.86,839.94,839.86,839.94,65.0,104364.0,104352.0
au2510.SHFE,SHFE.au2510,2025-09-16 14:20:00,132288,839.94,839.96,839.84,839.88,141.0,104352.0,104316.0
au2510.SHFE,SHFE.au2510,2025-09-16 14:21:00,132289,839.88,839.98,839.84,839.94,86.0,104316.0,104304.0
au2510.SHFE,SHFE.au2510,2025-09-16 14:22:00,132290,839.94,840.14,839.94,840.04,223.0,104304.0,104299.0
au2510.SHFE,SHFE.au2510,2025-09-16 14:23:00,132291,840.04,840.08,839.94,840.06,160.0,104299.0,104255.0
au2510.SHFE,SHFE.au2510,2025-09-16 14:24:00,132292,840.06,840.12,839.92,839.94,216.0,104255.0,104197.0
au2510.SHFE,SHFE.au2510,2025-09-16 14:25:00,132293,839.94,840.02,839.88,839.88,143.0,104197.0,104179.0
au2510.SHFE,SHFE.au2510,2025-09-16 14:26:00,132294,839.88,839.96,839.84,839.9,266.0,104179.0,104092.0
au2510.SHFE,SHFE.au2510,2025-09-16 14:27:00,132295,839.9,840.0,839.86,839.88,173.0,104092.0,104094.0
au2510.SHFE,SHFE.au2510,2025-09-16 14:28:00,132296,839.88,839.94,839.8,839.86,129.0,104094.0,104071.0
au2510.SHFE,SHFE.au2510,2025-09-16 14:29:00,132297,839.86,839.92,839.84,839.86,92.0,104071.0,104018.0
au2510.SHFE,SHFE.au2510,2025-09-16 14:30:00,132298,839.86,839.9,839.82,839.86,74.0,104018.0,104000.0
au2510.SHFE,SHFE.au2510,2025-09-16 14:31:00,132299,839.86,839.92,839.72,839.9,161.0,104000.0,103995.0
au2510.SHFE,SHFE.au2510,2025-09-16 14:32:00,132300,839.9,840.0,839.9,840.0,120.0,103995.0,103998.0
au2510.SHFE,SHFE.au2510,2025-09-16 14:33:00,132301,840.0,840.1,839.98,840.02,143.0,103998.0,104009.0
au2510.SHFE,SHFE.au2510,2025-09-16 14:34:00,132302,840.02,840.16,840.02,840.16,154.0,104009.0,104000.0
au2510.SHFE,SHFE.au2510,2025-09-16 14:35:00,132303,840.16,840.52,840.16,840.48,355.0,104000.0,103979.0
au2510.SHFE,SHFE.au2510,2025-09-16 14:36:00,132304,840.48,840.52,840.32,840.48,225.0,103979.0,103965.0
au2510.SHFE,SHFE.au2510,2025-09-16 14:37:00,132305,840.48,840.76,840.44,840.7,585.0,103965.0,103940.0
au2510.SHFE,SHFE.au2510,2025-09-16 14:38:00,132306,840.7,840.92,840.64,840.9,293.0,103940.0,103953.0
au2510.SHFE,SHFE.au2510,2025-09-16 14:39:00,132307,840.9,840.94,840.7,840.82,283.0,103953.0,103955.0
au2510.SHFE,SHFE.au2510,2025-09-16 14:40:00,132308,840.82,841.08,840.72,840.74,443.0,103955.0,103989.0
au2510.SHFE,SHFE.au2510,2025-09-16 14:41:00,132309,840.74,840.82,840.6,840.8,234.0,103989.0,103950.0
au2510.SHFE,SHFE.au2510,2025-09-16 14:42:00,132310,840.8,841.24,840.76,841.2,364.0,103950.0,103954.0
au2510.SHFE,SHFE.au2510,2025-09-16 14:43:00,132311,841.2,841.44,841.16,841.38,329.0,103954.0,103945.0
au2510.SHFE,SHFE.au2510,2025-09-16 14:44:00,132312,841.38,841.64,841.36,841.64,383.0,103945.0,103959.0
au2510.SHFE,SHFE.au2510,2025-09-16 14:45:00,132313,841.64,841.78,841.52,841.66,727.0,103959.0,104087.0
au2510.SHFE,SHFE.au2510,2025-09-16 14:46:00,132314,841.66,841.84,841.64,841.78,590.0,104087.0,104129.0
au2510.SHFE,SHFE.au2510,2025-09-16 14:47:00,132315,841.78,842.26,841.72,842.18,616.0,104129.0,104173.0
au2510.SHFE,SHFE.au2510,2025-09-16 14:48:00,132316,842.18,842.28,841.66,841.66,592.0,104173.0,104189.0
au2510.SHFE,SHFE.au2510,2025-09-16 14:49:00,132317,841.66,841.66,841.16,841.46,665.0,104189.0,104111.0
au2510.SHFE,SHFE.au2510,2025-09-16 14:50:00,132318,841.46,841.54,841.18,841.26,541.0,104111.0,103995.0
au2510.SHFE,SHFE.au2510,2025-09-16 14:51:00,132319,841.26,841.26,840.88,841.04,548.0,103995.0,103916.0
au2510.SHFE,SHFE.au2510,2025-09-16 14:52:00,132320,841.04,841.16,840.88,841.02,248.0,103916.0,103890.0
au2510.SHFE,SHFE.au2510,2025-09-16 14:53:00,132321,841.02,841.36,840.92,841.3,374.0,103890.0,103814.0
au2510.SHFE,SHFE.au2510,2025-09-16 14:54:00,132322,841.3,841.72,841.26,841.68,317.0,103814.0,103825.0
au2510.SHFE,SHFE.au2510,2025-09-16 14:55:00,132323,841.68,841.96,841.54,841.78,387.0,103825.0,103887.0
au2510.SHFE,SHFE.au2510,2025-09-16 14:56:00,132324,841.78,841.9,841.72,841.82,191.0,103887.0,103857.0
au2510.SHFE,SHFE.au2510,2025-09-16 14:57:00,132325,841.82,842.0,841.7,842.0,352.0,103857.0,103864.0
au2510.SHFE,SHFE.au2510,2025-09-16 14:58:00,132326,842.0,842.32,841.96,842.24,502.0,103864.0,103903.0
au2510.SHFE,SHFE.au2510,2025-09-16 14:59:00,132327,842.24,842.4,841.88,842.08,552.0,103903.0,104060.0
au2510.SHFE,SHFE.au2510,2025-09-16 21:00:00,132328,841.16,841.46,840.36,840.68,1594.0,104060.0,104121.0
au2510.SHFE,SHFE.au2510,2025-09-16 21:01:00,132329,840.68,840.68,840.22,840.4,915.0,104121.0,104100.0
au2510.SHFE,SHFE.au2510,2025-09-16 21:02:00,132330,840.4,840.44,840.0,840.26,632.0,104100.0,104097.0
au2510.SHFE,SHFE.au2510,2025-09-16 21:03:00,132331,840.26,840.4,840.04,840.38,455.0,104097.0,104101.0
au2510.SHFE,SHFE.au2510,2025-09-16 21:04:00,132332,840.38,840.5,840.28,840.28,349.0,104101.0,104125.0
au2510.SHFE,SHFE.au2510,2025-09-16 21:05:00,132333,840.28,840.32,840.0,840.08,507.0,104125.0,104095.0
au2510.SHFE,SHFE.au2510,2025-09-16 21:06:00,132334,840.08,840.22,839.88,840.18,491.0,104095.0,104115.0
au2510.SHFE,SHFE.au2510,2025-09-16 21:07:00,132335,840.18,840.2,839.96,840.08,267.0,104115.0,104138.0
au2510.SHFE,SHFE.au2510,2025-09-16 21:08:00,132336,840.08,840.36,840.02,840.3,403.0,104138.0,104159.0
au2510.SHFE,SHFE.au2510,2025-09-16 21:09:00,132337,840.3,840.32,840.16,840.16,332.0,104159.0,104201.0
au2510.SHFE,SHFE.au2510,2025-09-16 21:10:00,132338,840.16,840.26,839.96,840.16,465.0,104201.0,104258.0
au2510.SHFE,SHFE.au2510,2025-09-16 21:11:00,132339,840.16,840.24,840.0,840.2,325.0,104258.0,104238.0
au2510.SHFE,SHFE.au2510,2025-09-16 21:12:00,132340,840.2,840.46,840.18,840.38,400.0,104238.0,104163.0
au2510.SHFE,SHFE.au2510,2025-09-16 21:13:00,132341,840.38,840.6,840.38,840.5,415.0,104163.0,104140.0
au2510.SHFE,SHFE.au2510,2025-09-16 21:14:00,132342,840.5,840.7,840.5,840.64,365.0,104140.0,104181.0
au2510.SHFE,SHFE.au2510,2025-09-16 21:15:00,132343,840.64,840.72,840.34,840.72,392.0,104181.0,104203.0
au2510.SHFE,SHFE.au2510,2025-09-16 21:16:00,132344,840.72,840.78,840.42,840.42,447.0,104203.0,104189.0
au2510.SHFE,SHFE.au2510,2025-09-16 21:17:00,132345,840.42,840.7,840.36,840.64,398.0,104189.0,104157.0
au2510.SHFE,SHFE.au2510,2025-09-16 21:18:00,132346,840.64,840.66,840.38,840.38,212.0,104157.0,104173.0
au2510.SHFE,SHFE.au2510,2025-09-16 21:19:00,132347,840.38,840.38,840.06,840.32,408.0,104173.0,104212.0
au2510.SHFE,SHFE.au2510,2025-09-16 21:20:00,132348,840.32,840.74,840.18,840.64,489.0,104212.0,104229.0
au2510.SHFE,SHFE.au2510,2025-09-16 21:21:00,132349,840.64,841.18,840.64,841.12,563.0,104229.0,104235.0
au2510.SHFE,SHFE.au2510,2025-09-16 21:22:00,132350,841.12,841.38,841.12,841.3,585.0,104235.0,104260.0
au2510.SHFE,SHFE.au2510,2025-09-16 21:23:00,132351,841.3,841.52,841.26,841.52,432.0,104260.0,104274.0
au2510.SHFE,SHFE.au2510,2025-09-16 21:24:00,132352,841.52,841.72,841.5,841.58,629.0,104274.0,104395.0
au2510.SHFE,SHFE.au2510,2025-09-16 21:25:00,132353,841.58,841.78,841.5,841.62,487.0,104395.0,104436.0
au2510.SHFE,SHFE.au2510,2025-09-16 21:26:00,132354,841.62,841.72,841.52,841.52,377.0,104436.0,104407.0
au2510.SHFE,SHFE.au2510,2025-09-16 21:27:00,132355,841.52,841.74,841.52,841.58,373.0,104407.0,104456.0
au2510.SHFE,SHFE.au2510,2025-09-16 21:28:00,132356,841.58,841.98,841.5,841.94,499.0,104456.0,104517.0
au2510.SHFE,SHFE.au2510,2025-09-16 21:29:00,132357,841.94,842.04,841.74,841.9,467.0,104517.0,104618.0
au2510.SHFE,SHFE.au2510,2025-09-16 21:30:00,132358,841.9,841.98,841.6,841.66,406.0,104618.0,104622.0
au2510.SHFE,SHFE.au2510,2025-09-16 21:31:00,132359,841.66,842.0,841.5,841.86,459.0,104622.0,104624.0
au2510.SHFE,SHFE.au2510,2025-09-16 21:32:00,132360,841.86,841.94,841.66,841.8,311.0,104624.0,104638.0
au2510.SHFE,SHFE.au2510,2025-09-16 21:33:00,132361,841.8,841.8,841.5,841.74,302.0,104638.0,104619.0
au2510.SHFE,SHFE.au2510,2025-09-16 21:34:00,132362,841.74,842.4,841.68,842.26,700.0,104619.0,104631.0
au2510.SHFE,SHFE.au2510,2025-09-16 21:35:00,132363,842.26,842.3,842.1,842.3,435.0,104631.0,104701.0
au2510.SHFE,SHFE.au2510,2025-09-16 21:36:00,132364,842.3,842.38,842.14,842.16,392.0,104701.0,104720.0
au2510.SHFE,SHFE.au2510,2025-09-16 21:37:00,132365,842.16,842.34,842.1,842.24,547.0,104720.0,104847.0
au2510.SHFE,SHFE.au2510,2025-09-16 21:38:00,132366,842.24,842.66,842.22,842.62,703.0,104847.0,104857.0
au2510.SHFE,SHFE.au2510,2025-09-16 21:39:00,132367,842.62,842.64,842.36,842.6,478.0,104857.0,104907.0
au2510.SHFE,SHFE.au2510,2025-09-16 21:40:00,132368,842.6,842.64,842.24,842.3,659.0,104907.0,105014.0
au2510.SHFE,SHFE.au2510,2025-09-16 21:41:00,132369,842.3,842.68,842.18,842.62,638.0,105014.0,105052.0
au2510.SHFE,SHFE.au2510,2025-09-16 21:42:00,132370,842.62,842.7,842.48,842.52,377.0,105052.0,105119.0
au2510.SHFE,SHFE.au2510,2025-09-16 21:43:00,132371,842.52,842.54,842.02,842.02,453.0,105119.0,105130.0
au2510.SHFE,SHFE.au2510,2025-09-16 21:44:00,132372,842.02,842.06,841.56,841.68,715.0,105130.0,105073.0
au2510.SHFE,SHFE.au2510,2025-09-16 21:45:00,132373,841.68,842.06,841.66,841.94,604.0,105073.0,105026.0
au2510.SHFE,SHFE.au2510,2025-09-16 21:46:00,132374,841.94,842.2,841.84,842.2,269.0,105026.0,105015.0
au2510.SHFE,SHFE.au2510,2025-09-16 21:47:00,132375,842.2,842.24,841.98,842.08,311.0,105015.0,105012.0
au2510.SHFE,SHFE.au2510,2025-09-16 21:48:00,132376,842.08,842.44,842.08,842.26,291.0,105012.0,105020.0
au2510.SHFE,SHFE.au2510,2025-09-16 21:49:00,132377,842.26,842.38,842.08,842.16,189.0,105020.0,105019.0
au2510.SHFE,SHFE.au2510,2025-09-16 21:50:00,132378,842.16,842.36,842.16,842.2,176.0,105019.0,105002.0
au2510.SHFE,SHFE.au2510,2025-09-16 21:51:00,132379,842.2,842.34,842.04,842.06,197.0,105002.0,105041.0
au2510.SHFE,SHFE.au2510,2025-09-16 21:52:00,132380,842.06,842.26,842.06,842.24,114.0,105041.0,105021.0
au2510.SHFE,SHFE.au2510,2025-09-16 21:53:00,132381,842.24,842.56,842.22,842.44,324.0,105021.0,105028.0
au2510.SHFE,SHFE.au2510,2025-09-16 21:54:00,132382,842.44,842.5,842.36,842.42,278.0,105028.0,105053.0
au2510.SHFE,SHFE.au2510,2025-09-16 21:55:00,132383,842.42,842.48,842.2,842.28,195.0,105053.0,105067.0
au2510.SHFE,SHFE.au2510,2025-09-16 21:56:00,132384,842.28,842.3,842.06,842.2,244.0,105067.0,105077.0
au2510.SHFE,SHFE.au2510,2025-09-16 21:57:00,132385,842.2,842.36,842.12,842.36,155.0,105077.0,105033.0
au2510.SHFE,SHFE.au2510,2025-09-16 21:58:00,132386,842.36,842.36,842.08,842.1,129.0,105033.0,105058.0
au2510.SHFE,SHFE.au2510,2025-09-16 21:59:00,132387,842.1,842.2,842.08,842.14,211.0,105058.0,105078.0
au2510.SHFE,SHFE.au2510,2025-09-16 22:00:00,132388,842.14,842.28,841.9,842.26,422.0,105078.0,105069.0
au2510.SHFE,SHFE.au2510,2025-09-16 22:01:00,132389,842.26,842.42,842.14,842.14,296.0,105069.0,105061.0
au2510.SHFE,SHFE.au2510,2025-09-16 22:02:00,132390,842.14,842.24,842.0,842.02,252.0,105061.0,105050.0
au2510.SHFE,SHFE.au2510,2025-09-16 22:03:00,132391,842.02,842.02,841.84,841.9,343.0,105050.0,105024.0
au2510.SHFE,SHFE.au2510,2025-09-16 22:04:00,132392,841.9,842.2,841.9,841.98,289.0,105024.0,105005.0
au2510.SHFE,SHFE.au2510,2025-09-16 22:05:00,132393,841.98,842.18,841.54,841.58,417.0,105005.0,105012.0
au2510.SHFE,SHFE.au2510,2025-09-16 22:06:00,132394,841.58,841.86,841.56,841.8,479.0,105012.0,104887.0
au2510.SHFE,SHFE.au2510,2025-09-16 22:07:00,132395,841.8,842.1,841.8,842.04,242.0,104887.0,104918.0
au2510.SHFE,SHFE.au2510,2025-09-16 22:08:00,132396,842.04,842.1,841.98,842.1,189.0,104918.0,104900.0
au2510.SHFE,SHFE.au2510,2025-09-16 22:09:00,132397,842.1,842.14,841.9,842.1,236.0,104900.0,104882.0
au2510.SHFE,SHFE.au2510,2025-09-16 22:10:00,132398,842.1,842.2,841.96,842.18,153.0,104882.0,104879.0
au2510.SHFE,SHFE.au2510,2025-09-16 22:11:00,132399,842.18,842.58,842.18,842.44,541.0,104879.0,104850.0
au2510.SHFE,SHFE.au2510,2025-09-16 22:12:00,132400,842.44,842.62,842.4,842.5,362.0,104850.0,104911.0
au2510.SHFE,SHFE.au2510,2025-09-16 22:13:00,132401,842.5,842.58,842.32,842.58,231.0,104911.0,104985.0
au2510.SHFE,SHFE.au2510,2025-09-16 22:14:00,132402,842.58,842.62,842.46,842.54,214.0,104985.0,104967.0
au2510.SHFE,SHFE.au2510,2025-09-16 22:15:00,132403,842.54,842.78,842.44,842.46,424.0,104967.0,104999.0
au2510.SHFE,SHFE.au2510,2025-09-16 22:16:00,132404,842.46,842.62,842.42,842.6,266.0,104999.0,105059.0
au2510.SHFE,SHFE.au2510,2025-09-16 22:17:00,132405,842.6,843.24,842.58,843.0,1060.0,105059.0,105080.0
au2510.SHFE,SHFE.au2510,2025-09-16 22:18:00,132406,843.0,843.42,843.0,843.28,592.0,105080.0,105040.0
au2510.SHFE,SHFE.au2510,2025-09-16 22:19:00,132407,843.28,843.38,843.14,843.18,375.0,105040.0,105083.0
au2510.SHFE,SHFE.au2510,2025-09-16 22:20:00,132408,843.18,843.18,842.78,843.08,656.0,105083.0,105023.0
au2510.SHFE,SHFE.au2510,2025-09-16 22:21:00,132409,843.08,843.1,842.84,842.98,307.0,105023.0,105035.0
au2510.SHFE,SHFE.au2510,2025-09-16 22:22:00,132410,842.98,842.98,842.58,842.62,437.0,105035.0,104975.0
au2510.SHFE,SHFE.au2510,2025-09-16 22:23:00,132411,842.62,842.82,842.6,842.66,398.0,104975.0,104980.0
au2510.SHFE,SHFE.au2510,2025-09-16 22:24:00,132412,842.66,843.0,842.64,842.88,328.0,104980.0,104946.0
au2510.SHFE,SHFE.au2510,2025-09-16 22:25:00,132413,842.88,842.94,842.4,842.56,361.0,104946.0,104946.0
au2510.SHFE,SHFE.au2510,2025-09-16 22:26:00,132414,842.56,842.68,842.54,842.56,197.0,104946.0,104953.0
au2510.SHFE,SHFE.au2510,2025-09-16 22:27:00,132415,842.56,842.56,842.14,842.22,573.0,104953.0,105048.0
au2510.SHFE,SHFE.au2510,2025-09-16 22:28:00,132416,842.22,842.24,841.74,841.86,766.0,105048.0,105017.0
au2510.SHFE,SHFE.au2510,2025-09-16 22:29:00,132417,841.86,841.9,841.26,841.48,1017.0,105017.0,104923.0
au2510.SHFE,SHFE.au2510,2025-09-16 22:30:00,132418,841.48,841.92,841.38,841.66,767.0,104923.0,104961.0
au2510.SHFE,SHFE.au2510,2025-09-16 22:31:00,132419,841.66,841.66,841.12,841.18,790.0,104961.0,104902.0
au2510.SHFE,SHFE.au2510,2025-09-16 22:32:00,132420,841.18,841.18,840.4,840.6,1579.0,104902.0,104852.0
au2510.SHFE,SHFE.au2510,2025-09-16 22:33:00,132421,840.6,840.8,840.14,840.48,1071.0,104852.0,104938.0
au2510.SHFE,SHFE.au2510,2025-09-16 22:34:00,132422,840.48,840.9,840.28,840.82,966.0,104938.0,104833.0
au2510.SHFE,SHFE.au2510,2025-09-16 22:35:00,132423,840.82,841.22,840.74,841.2,758.0,104833.0,104852.0
au2510.SHFE,SHFE.au2510,2025-09-16 22:36:00,132424,841.2,841.36,840.94,841.06,1015.0,104852.0,104767.0
au2510.SHFE,SHFE.au2510,2025-09-16 22:37:00,132425,841.06,841.7,841.06,841.44,1033.0,104767.0,104740.0
au2510.SHFE,SHFE.au2510,2025-09-16 22:38:00,132426,841.44,841.68,841.32,841.56,457.0,104740.0,104772.0
au2510.SHFE,SHFE.au2510,2025-09-16 22:39:00,132427,841.56,841.86,841.44,841.48,557.0,104772.0,104715.0
au2510.SHFE,SHFE.au2510,2025-09-16 22:40:00,132428,841.48,841.56,840.98,840.98,500.0,104715.0,104675.0
au2510.SHFE,SHFE.au2510,2025-09-16 22:41:00,132429,840.98,840.98,840.72,840.78,419.0,104675.0,104678.0
au2510.SHFE,SHFE.au2510,2025-09-16 22:42:00,132430,840.78,840.86,840.46,840.7,592.0,104678.0,104750.0
au2510.SHFE,SHFE.au2510,2025-09-16 22:43:00,132431,840.7,840.72,840.26,840.56,675.0,104750.0,104801.0
au2510.SHFE,SHFE.au2510,2025-09-16 22:44:00,132432,840.56,840.6,840.32,840.44,418.0,104801.0,104881.0
au2510.SHFE,SHFE.au2510,2025-09-16 22:45:00,132433,840.44,840.72,840.08,840.68,679.0,104881.0,104851.0
au2510.SHFE,SHFE.au2510,2025-09-16 22:46:00,132434,840.68,840.74,840.46,840.54,469.0,104851.0,104960.0
au2510.SHFE,SHFE.au2510,2025-09-16 22:47:00,132435,840.54,840.72,840.28,840.48,384.0,104960.0,105004.0
au2510.SHFE,SHFE.au2510,2025-09-16 22:48:00,132436,840.48,840.8,840.24,840.74,505.0,105004.0,105005.0
au2510.SHFE,SHFE.au2510,2025-09-16 22:49:00,132437,840.74,840.8,840.42,840.48,266.0,105005.0,105020.0
au2510.SHFE,SHFE.au2510,2025-09-16 22:50:00,132438,840.48,840.48,840.26,840.26,193.0,105020.0,105044.0
au2510.SHFE,SHFE.au2510,2025-09-16 22:51:00,132439,840.26,840.26,839.5,839.84,1156.0,105044.0,104841.0
au2510.SHFE,SHFE.au2510,2025-09-16 22:52:00,132440,839.84,840.26,839.66,840.24,499.0,104841.0,104882.0
au2510.SHFE,SHFE.au2510,2025-09-16 22:53:00,132441,840.24,840.34,840.08,840.16,274.0,104882.0,104863.0
au2510.SHFE,SHFE.au2510,2025-09-16 22:54:00,132442,840.16,840.26,840.02,840.16,284.0,104863.0,104888.0
au2510.SHFE,SHFE.au2510,2025-09-16 22:55:00,132443,840.16,840.16,839.8,839.86,343.0,104888.0,104940.0
au2510.SHFE,SHFE.au2510,2025-09-16 22:56:00,132444,839.86,839.98,839.62,839.9,365.0,104940.0,104976.0
au2510.SHFE,SHFE.au2510,2025-09-16 22:57:00,132445,839.9,839.9,839.72,839.76,280.0,104976.0,104959.0
au2510.SHFE,SHFE.au2510,2025-09-16 22:58:00,132446,839.76,839.78,839.28,839.7,540.0,104959.0,104959.0
au2510.SHFE,SHFE.au2510,2025-09-16 22:59:00,132447,839.7,839.7,839.3,839.44,424.0,104959.0,104937.0
au2510.SHFE,SHFE.au2510,2025-09-16 23:00:00,132448,839.44,839.9,839.44,839.68,490.0,104937.0,104928.0
au2510.SHFE,SHFE.au2510,2025-09-16 23:01:00,132449,839.68,839.76,839.36,839.5,285.0,104928.0,104958.0
au2510.SHFE,SHFE.au2510,2025-09-16 23:02:00,132450,839.5,839.78,839.46,839.64,220.0,104958.0,104969.0
au2510.SHFE,SHFE.au2510,2025-09-16 23:03:00,132451,839.64,839.92,839.62,839.92,215.0,104969.0,104956.0
au2510.SHFE,SHFE.au2510,2025-09-16 23:04:00,132452,839.92,839.92,839.4,839.52,382.0,104956.0,104881.0
au2510.SHFE,SHFE.au2510,2025-09-16 23:05:00,132453,839.52,839.52,838.74,838.88,899.0,104881.0,104815.0
au2510.SHFE,SHFE.au2510,2025-09-16 23:06:00,132454,838.88,838.88,838.2,838.76,1497.0,104815.0,104824.0
au2510.SHFE,SHFE.au2510,2025-09-16 23:07:00,132455,838.76,838.86,838.18,838.72,819.0,104824.0,104734.0
au2510.SHFE,SHFE.au2510,2025-09-16 23:08:00,132456,838.72,838.8,838.1,838.6,844.0,104734.0,104637.0
au2510.SHFE,SHFE.au2510,2025-09-16 23:09:00,132457,838.6,838.68,838.02,838.1,743.0,104637.0,104602.0
au2510.SHFE,SHFE.au2510,2025-09-16 23:10:00,132458,838.1,838.94,838.1,838.86,761.0,104602.0,104549.0
au2510.SHFE,SHFE.au2510,2025-09-16 23:11:00,132459,838.86,839.14,838.84,839.0,569.0,104549.0,104507.0
au2510.SHFE,SHFE.au2510,2025-09-16 23:12:00,132460,839.0,839.16,838.96,839.08,284.0,104507.0,104527.0
au2510.SHFE,SHFE.au2510,2025-09-16 23:13:00,132461,839.08,839.1,838.9,838.98,206.0,104527.0,104574.0
au2510.SHFE,SHFE.au2510,2025-09-16 23:14:00,132462,838.98,839.34,838.98,839.26,495.0,104574.0,104557.0
au2510.SHFE,SHFE.au2510,2025-09-16 23:15:00,132463,839.26,839.4,839.08,839.28,419.0,104557.0,104553.0
au2510.SHFE,SHFE.au2510,2025-09-16 23:16:00,132464,839.28,839.64,839.28,839.54,557.0,104553.0,104606.0
au2510.SHFE,SHFE.au2510,2025-09-16 23:17:00,132465,839.54,839.58,839.28,839.36,202.0,104606.0,104597.0
au2510.SHFE,SHFE.au2510,2025-09-16 23:18:00,132466,839.36,839.46,839.3,839.4,193.0,104597.0,104567.0
au2510.SHFE,SHFE.au2510,2025-09-16 23:19:00,132467,839.4,839.8,839.4,839.64,227.0,104567.0,104553.0
au2510.SHFE,SHFE.au2510,2025-09-16 23:20:00,132468,839.64,839.84,839.48,839.84,243.0,104553.0,104555.0
au2510.SHFE,SHFE.au2510,2025-09-16 23:21:00,132469,839.84,840.06,839.82,839.94,502.0,104555.0,104583.0
au2510.SHFE,SHFE.au2510,2025-09-16 23:22:00,132470,839.94,840.04,839.56,839.74,439.0,104583.0,104588.0
au2510.SHFE,SHFE.au2510,2025-09-16 23:23:00,132471,839.74,839.74,839.28,839.28,407.0,104588.0,104450.0
au2510.SHFE,SHFE.au2510,2025-09-16 23:24:00,132472,839.28,839.48,839.14,839.3,366.0,104450.0,104382.0
au2510.SHFE,SHFE.au2510,2025-09-16 23:25:00,132473,839.3,839.36,839.12,839.36,256.0,104382.0,104366.0
au2510.SHFE,SHFE.au2510,2025-09-16 23:26:00,132474,839.36,839.48,839.22,839.22,249.0,104366.0,104401.0
au2510.SHFE,SHFE.au2510,2025-09-16 23:27:00,132475,839.22,839.38,839.18,839.38,132.0,104401.0,104383.0
au2510.SHFE,SHFE.au2510,2025-09-16 23:28:00,132476,839.38,839.38,839.22,839.3,72.0,104383.0,104390.0
au2510.SHFE,SHFE.au2510,2025-09-16 23:29:00,132477,839.3,839.32,838.78,838.84,536.0,104390.0,104393.0
au2510.SHFE,SHFE.au2510,2025-09-16 23:30:00,132478,838.84,838.92,838.5,838.56,440.0,104393.0,104399.0
au2510.SHFE,SHFE.au2510,2025-09-16 23:31:00,132479,838.56,838.94,838.5,838.84,324.0,104399.0,104386.0
au2510.SHFE,SHFE.au2510,2025-09-16 23:32:00,132480,838.84,838.86,838.66,838.7,174.0,104386.0,104407.0
au2510.SHFE,SHFE.au2510,2025-09-16 23:33:00,132481,838.7,838.72,838.3,838.36,384.0,104407.0,104416.0
au2510.SHFE,SHFE.au2510,2025-09-16 23:34:00,132482,838.36,838.58,838.36,838.4,398.0,104416.0,104382.0
au2510.SHFE,SHFE.au2510,2025-09-16 23:35:00,132483,838.4,838.4,838.0,838.28,888.0,104382.0,104475.0
au2510.SHFE,SHFE.au2510,2025-09-16 23:36:00,132484,838.28,838.92,838.2,838.42,482.0,104475.0,104485.0
au2510.SHFE,SHFE.au2510,2025-09-16 23:37:00,132485,838.42,838.58,838.06,838.14,435.0,104485.0,104435.0
au2510.SHFE,SHFE.au2510,2025-09-16 23:38:00,132486,838.14,838.36,837.9,838.32,562.0,104435.0,104465.0
au2510.SHFE,SHFE.au2510,2025-09-16 23:39:00,132487,838.32,838.72,838.32,838.72,409.0,104465.0,104435.0
au2510.SHFE,SHFE.au2510,2025-09-16 23:40:00,132488,838.72,838.72,838.36,838.46,346.0,104435.0,104499.0
au2510.SHFE,SHFE.au2510,2025-09-16 23:41:00,132489,838.46,838.48,838.14,838.26,231.0,104499.0,104485.0
au2510.SHFE,SHFE.au2510,2025-09-16 23:42:00,132490,838.26,838.38,838.18,838.36,156.0,104485.0,104474.0
au2510.SHFE,SHFE.au2510,2025-09-16 23:43:00,132491,838.36,838.38,838.1,838.14,230.0,104474.0,104468.0
au2510.SHFE,SHFE.au2510,2025-09-16 23:44:00,132492,838.14,838.38,838.08,838.38,146.0,104468.0,104451.0
au2510.SHFE,SHFE.au2510,2025-09-16 23:45:00,132493,838.38,838.64,838.36,838.56,331.0,104451.0,104439.0
au2510.SHFE,SHFE.au2510,2025-09-16 23:46:00,132494,838.56,838.84,838.54,838.8,344.0,104439.0,104488.0
au2510.SHFE,SHFE.au2510,2025-09-16 23:47:00,132495,838.8,839.04,838.8,838.96,412.0,104488.0,104508.0
au2510.SHFE,SHFE.au2510,2025-09-16 23:48:00,132496,838.96,839.14,838.96,839.02,243.0,104508.0,104492.0
au2510.SHFE,SHFE.au2510,2025-09-16 23:49:00,132497,839.02,839.26,838.96,839.26,302.0,104492.0,104466.0
au2510.SHFE,SHFE.au2510,2025-09-16 23:50:00,132498,839.26,839.34,839.02,839.34,315.0,104466.0,104385.0
au2510.SHFE,SHFE.au2510,2025-09-16 23:51:00,132499,839.34,839.54,839.14,839.36,331.0,104385.0,104354.0
au2510.SHFE,SHFE.au2510,2025-09-16 23:52:00,132500,839.36,839.44,839.3,839.42,163.0,104354.0,104334.0
au2510.SHFE,SHFE.au2510,2025-09-16 23:53:00,132501,839.42,839.52,839.3,839.44,168.0,104334.0,104322.0
au2510.SHFE,SHFE.au2510,2025-09-16 23:54:00,132502,839.44,839.46,839.36,839.4,97.0,104322.0,104328.0
au2510.SHFE,SHFE.au2510,2025-09-16 23:55:00,132503,839.4,839.6,839.38,839.52,182.0,104328.0,104293.0
au2510.SHFE,SHFE.au2510,2025-09-16 23:56:00,132504,839.52,839.52,839.42,839.44,94.0,104293.0,104293.0
au2510.SHFE,SHFE.au2510,2025-09-16 23:57:00,132505,839.44,839.74,839.4,839.64,209.0,104293.0,104260.0
au2510.SHFE,SHFE.au2510,2025-09-16 23:58:00,132506,839.64,839.68,839.52,839.54,148.0,104260.0,104242.0
au2510.SHFE,SHFE.au2510,2025-09-16 23:59:00,132507,839.54,839.64,839.54,839.58,81.0,104242.0,104238.0
au2510.SHFE,SHFE.au2510,2025-09-17 00:00:00,132508,839.58,839.74,839.56,839.7,135.0,104238.0,104228.0
au2510.SHFE,SHFE.au2510,2025-09-17 00:01:00,132509,839.7,839.82,839.34,839.5,321.0,104228.0,104223.0
au2510.SHFE,SHFE.au2510,2025-09-17 00:02:00,132510,839.5,839.68,839.48,839.52,149.0,104223.0,104209.0
au2510.SHFE,SHFE.au2510,2025-09-17 00:03:00,132511,839.52,839.56,839.36,839.48,147.0,104209.0,104172.0
au2510.SHFE,SHFE.au2510,2025-09-17 00:04:00,132512,839.48,839.74,839.46,839.74,147.0,104172.0,104186.0
au2510.SHFE,SHFE.au2510,2025-09-17 00:05:00,132513,839.74,839.76,839.46,839.48,153.0,104186.0,104164.0
au2510.SHFE,SHFE.au2510,2025-09-17 00:06:00,132514,839.48,839.54,839.32,839.36,188.0,104164.0,104171.0
au2510.SHFE,SHFE.au2510,2025-09-17 00:07:00,132515,839.36,839.56,839.28,839.54,141.0,104171.0,104174.0
au2510.SHFE,SHFE.au2510,2025-09-17 00:08:00,132516,839.54,839.54,839.36,839.36,90.0,104174.0,104148.0
au2510.SHFE,SHFE.au2510,2025-09-17 00:09:00,132517,839.36,839.38,839.2,839.38,92.0,104148.0,104141.0
au2510.SHFE,SHFE.au2510,2025-09-17 00:10:00,132518,839.38,839.6,839.34,839.58,113.0,104141.0,104126.0
au2510.SHFE,SHFE.au2510,2025-09-17 00:11:00,132519,839.58,839.6,839.4,839.54,66.0,104126.0,104130.0
au2510.SHFE,SHFE.au2510,2025-09-17 00:12:00,132520,839.54,839.62,839.38,839.48,132.0,104130.0,104102.0
au2510.SHFE,SHFE.au2510,2025-09-17 00:13:00,132521,839.48,839.62,839.46,839.62,82.0,104102.0,104100.0
au2510.SHFE,SHFE.au2510,2025-09-17 00:14:00,132522,839.62,839.82,839.6,839.68,143.0,104100.0,104083.0
au2510.SHFE,SHFE.au2510,2025-09-17 00:15:00,132523,839.68,839.94,839.6,839.82,105.0,104083.0,104063.0
au2510.SHFE,SHFE.au2510,2025-09-17 00:16:00,132524,839.82,839.9,839.6,839.62,112.0,104063.0,104067.0
au2510.SHFE,SHFE.au2510,2025-09-17 00:17:00,132525,839.62,839.68,839.56,839.62,61.0,104067.0,104069.0
au2510.SHFE,SHFE.au2510,2025-09-17 00:18:00,132526,839.62,839.8,839.62,839.78,67.0,104069.0,104059.0
au2510.SHFE,SHFE.au2510,2025-09-17 00:19:00,132527,839.78,839.96,839.78,839.94,151.0,104059.0,104068.0
au2510.SHFE,SHFE.au2510,2025-09-17 00:20:00,132528,839.94,839.96,839.8,839.86,132.0,104068.0,104078.0
au2510.SHFE,SHFE.au2510,2025-09-17 00:21:00,132529,839.86,839.94,839.86,839.92,55.0,104078.0,104066.0
au2510.SHFE,SHFE.au2510,2025-09-17 00:22:00,132530,839.92,840.0,839.86,840.0,90.0,104066.0,104069.0
au2510.SHFE,SHFE.au2510,2025-09-17 00:23:00,132531,840.0,840.1,839.82,839.82,193.0,104069.0,104053.0
au2510.SHFE,SHFE.au2510,2025-09-17 00:24:00,132532,839.82,839.9,839.74,839.86,101.0,104053.0,104048.0
au2510.SHFE,SHFE.au2510,2025-09-17 00:25:00,132533,839.86,840.0,839.84,839.92,80.0,104048.0,104046.0
au2510.SHFE,SHFE.au2510,2025-09-17 00:26:00,132534,839.92,840.06,839.92,839.96,69.0,104046.0,104036.0
au2510.SHFE,SHFE.au2510,2025-09-17 00:27:00,132535,839.96,840.08,839.96,840.04,49.0,104036.0,104047.0
au2510.SHFE,SHFE.au2510,2025-09-17 00:28:00,132536,840.04,840.16,840.04,840.08,87.0,104047.0,104044.0
au2510.SHFE,SHFE.au2510,2025-09-17 00:29:00,132537,840.08,840.12,840.0,840.02,79.0,104044.0,104052.0
au2510.SHFE,SHFE.au2510,2025-09-17 00:30:00,132538,840.02,840.12,839.94,840.12,122.0,104052.0,104041.0
au2510.SHFE,SHFE.au2510,2025-09-17 00:31:00,132539,840.12,840.28,840.06,840.06,339.0,104041.0,103954.0
au2510.SHFE,SHFE.au2510,2025-09-17 00:32:00,132540,840.06,840.12,839.86,839.98,134.0,103954.0,103961.0
au2510.SHFE,SHFE.au2510,2025-09-17 00:33:00,132541,839.98,840.16,839.96,840.16,76.0,103961.0,103948.0
au2510.SHFE,SHFE.au2510,2025-09-17 00:34:00,132542,840.16,840.22,840.12,840.14,91.0,103948.0,103934.0
au2510.SHFE,SHFE.au2510,2025-09-17 00:35:00,132543,840.14,840.22,840.12,840.22,136.0,103934.0,103873.0
au2510.SHFE,SHFE.au2510,2025-09-17 00:36:00,132544,840.22,840.24,840.12,840.22,91.0,103873.0,103863.0
au2510.SHFE,SHFE.au2510,2025-09-17 00:37:00,132545,840.22,840.44,840.22,840.28,181.0,103863.0,103848.0
au2510.SHFE,SHFE.au2510,2025-09-17 00:38:00,132546,840.28,840.4,840.16,840.18,119.0,103848.0,103830.0
au2510.SHFE,SHFE.au2510,2025-09-17 00:39:00,132547,840.18,840.22,839.8,839.92,184.0,103830.0,103786.0
au2510.SHFE,SHFE.au2510,2025-09-17 00:40:00,132548,839.92,839.96,839.68,839.78,232.0,103786.0,103789.0
au2510.SHFE,SHFE.au2510,2025-09-17 00:41:00,132549,839.78,839.86,839.64,839.64,140.0,103789.0,103802.0
au2510.SHFE,SHFE.au2510,2025-09-17 00:42:00,132550,839.64,839.72,839.56,839.72,219.0,103802.0,103796.0
au2510.SHFE,SHFE.au2510,2025-09-17 00:43:00,132551,839.72,839.76,839.6,839.7,61.0,103796.0,103798.0
au2510.SHFE,SHFE.au2510,2025-09-17 00:44:00,132552,839.7,839.7,839.5,839.58,131.0,103798.0,103791.0
au2510.SHFE,SHFE.au2510,2025-09-17 00:45:00,132553,839.58,839.86,839.58,839.84,116.0,103791.0,103768.0
au2510.SHFE,SHFE.au2510,2025-09-17 00:46:00,132554,839.84,840.0,839.82,839.9,213.0,103768.0,103746.0
au2510.SHFE,SHFE.au2510,2025-09-17 00:47:00,132555,839.9,840.02,839.9,840.02,124.0,103746.0,103768.0
au2510.SHFE,SHFE.au2510,2025-09-17 00:48:00,132556,840.02,840.18,839.96,840.02,181.0,103768.0,103811.0
au2510.SHFE,SHFE.au2510,2025-09-17 00:49:00,132557,840.02,840.08,839.96,840.02,65.0,103811.0,103823.0
au2510.SHFE,SHFE.au2510,2025-09-17 00:50:00,132558,840.02,840.16,840.0,840.06,88.0,103823.0,103835.0
au2510.SHFE,SHFE.au2510,2025-09-17 00:51:00,132559,840.06,840.12,840.0,840.1,27.0,103835.0,103832.0
au2510.SHFE,SHFE.au2510,2025-09-17 00:52:00,132560,840.1,840.14,840.02,840.08,39.0,103832.0,103826.0
au2510.SHFE,SHFE.au2510,2025-09-17 00:53:00,132561,840.08,840.24,840.08,840.24,89.0,103826.0,103856.0
au2510.SHFE,SHFE.au2510,2025-09-17 00:54:00,132562,840.24,840.28,840.02,840.02,111.0,103856.0,103894.0
au2510.SHFE,SHFE.au2510,2025-09-17 00:55:00,132563,840.02,840.24,840.02,840.2,79.0,103894.0,103895.0
au2510.SHFE,SHFE.au2510,2025-09-17 00:56:00,132564,840.2,840.3,840.1,840.16,81.0,103895.0,103908.0
au2510.SHFE,SHFE.au2510,2025-09-17 00:57:00,132565,840.16,840.32,840.16,840.26,55.0,103908.0,103882.0
au2510.SHFE,SHFE.au2510,2025-09-17 00:58:00,132566,840.26,840.26,840.2,840.2,49.0,103882.0,103885.0
au2510.SHFE,SHFE.au2510,2025-09-17 00:59:00,132567,840.2,840.28,840.12,840.12,68.0,103885.0,103896.0
au2510.SHFE,SHFE.au2510,2025-09-17 01:00:00,132568,840.12,840.4,840.12,840.34,122.0,103896.0,103896.0
au2510.SHFE,SHFE.au2510,2025-09-17 01:01:00,132569,840.34,840.34,840.2,840.2,64.0,103896.0,103911.0
au2510.SHFE,SHFE.au2510,2025-09-17 01:02:00,132570,840.2,840.24,840.18,840.18,31.0,103911.0,103915.0
au2510.SHFE,SHFE.au2510,2025-09-17 01:03:00,132571,840.18,840.26,840.16,840.18,21.0,103915.0,103918.0
au2510.SHFE,SHFE.au2510,2025-09-17 01:04:00,132572,840.18,840.22,840.08,840.18,58.0,103918.0,103914.0
au2510.SHFE,SHFE.au2510,2025-09-17 01:05:00,132573,840.18,840.22,840.04,840.14,72.0,103914.0,103901.0
au2510.SHFE,SHFE.au2510,2025-09-17 01:06:00,132574,840.14,840.14,839.92,839.96,75.0,103901.0,103893.0
au2510.SHFE,SHFE.au2510,2025-09-17 01:07:00,132575,839.96,840.0,839.84,839.9,173.0,103893.0,103884.0
au2510.SHFE,SHFE.au2510,2025-09-17 01:08:00,132576,839.9,839.96,839.86,839.94,73.0,103884.0,103856.0
au2510.SHFE,SHFE.au2510,2025-09-17 01:09:00,132577,839.94,839.96,839.82,839.88,40.0,103856.0,103862.0
au2510.SHFE,SHFE.au2510,2025-09-17 01:10:00,132578,839.88,839.9,839.76,839.84,95.0,103862.0,103849.0
au2510.SHFE,SHFE.au2510,2025-09-17 01:11:00,132579,839.84,839.88,839.66,839.8,97.0,103849.0,103839.0
au2510.SHFE,SHFE.au2510,2025-09-17 01:12:00,132580,839.8,839.8,839.64,839.76,109.0,103839.0,103851.0
au2510.SHFE,SHFE.au2510,2025-09-17 01:13:00,132581,839.76,839.82,839.7,839.76,41.0,103851.0,103852.0
au2510.SHFE,SHFE.au2510,2025-09-17 01:14:00,132582,839.76,839.84,839.74,839.84,46.0,103852.0,103845.0
au2510.SHFE,SHFE.au2510,2025-09-17 01:15:00,132583,839.84,839.94,839.82,839.88,91.0,103845.0,103846.0
au2510.SHFE,SHFE.au2510,2025-09-17 01:16:00,132584,839.88,839.96,839.84,839.86,84.0,103846.0,103860.0
au2510.SHFE,SHFE.au2510,2025-09-17 01:17:00,132585,839.86,839.86,839.62,839.76,122.0,103860.0,103848.0
au2510.SHFE,SHFE.au2510,2025-09-17 01:18:00,132586,839.76,839.78,839.68,839.72,29.0,103848.0,103854.0
au2510.SHFE,SHFE.au2510,2025-09-17 01:19:00,132587,839.72,839.9,839.72,839.9,51.0,103854.0,103841.0
au2510.SHFE,SHFE.au2510,2025-09-17 01:20:00,132588,839.9,839.9,839.8,839.82,33.0,103841.0,103842.0
au2510.SHFE,SHFE.au2510,2025-09-17 01:21:00,132589,839.82,839.84,839.78,839.8,50.0,103842.0,103866.0
au2510.SHFE,SHFE.au2510,2025-09-17 01:22:00,132590,839.8,839.84,839.8,839.82,15.0,103866.0,103864.0
au2510.SHFE,SHFE.au2510,2025-09-17 01:23:00,132591,839.82,839.96,839.82,839.84,48.0,103864.0,103855.0
au2510.SHFE,SHFE.au2510,2025-09-17 01:24:00,132592,839.84,839.9,839.68,839.68,72.0,103855.0,103838.0
au2510.SHFE,SHFE.au2510,2025-09-17 01:25:00,132593,839.68,839.82,839.68,839.8,36.0,103838.0,103826.0
au2510.SHFE,SHFE.au2510,2025-09-17 01:26:00,132594,839.8,839.8,839.62,839.64,42.0,103826.0,103826.0
au2510.SHFE,SHFE.au2510,2025-09-17 01:27:00,132595,839.64,839.76,839.64,839.66,53.0,103826.0,103819.0
au2510.SHFE,SHFE.au2510,2025-09-17 01:28:00,132596,839.66,839.72,839.54,839.62,116.0,103819.0,103815.0
au2510.SHFE,SHFE.au2510,2025-09-17 01:29:00,132597,839.62,839.9,839.62,839.84,160.0,103815.0,103845.0
au2510.SHFE,SHFE.au2510,2025-09-17 01:30:00,132598,839.84,839.96,839.82,839.84,88.0,103845.0,103831.0
au2510.SHFE,SHFE.au2510,2025-09-17 01:31:00,132599,839.84,839.94,839.82,839.88,36.0,103831.0,103826.0
au2510.SHFE,SHFE.au2510,2025-09-17 01:32:00,132600,839.88,839.88,839.78,839.86,28.0,103826.0,103828.0
au2510.SHFE,SHFE.au2510,2025-09-17 01:33:00,132601,839.86,839.88,839.84,839.86,17.0,103828.0,103831.0
au2510.SHFE,SHFE.au2510,2025-09-17 01:34:00,132602,839.86,839.88,839.6,839.6,105.0,103831.0,103834.0
au2510.SHFE,SHFE.au2510,2025-09-17 01:35:00,132603,839.6,839.68,839.52,839.68,124.0,103834.0,103776.0
au2510.SHFE,SHFE.au2510,2025-09-17 01:36:00,132604,839.68,839.68,839.58,839.58,38.0,103776.0,103775.0
au2510.SHFE,SHFE.au2510,2025-09-17 01:37:00,132605,839.58,839.66,839.52,839.58,113.0,103775.0,103758.0
au2510.SHFE,SHFE.au2510,2025-09-17 01:38:00,132606,839.58,839.76,839.58,839.74,56.0,103758.0,103765.0
au2510.SHFE,SHFE.au2510,2025-09-17 01:39:00,132607,839.74,839.74,839.42,839.5,150.0,103765.0,103696.0
au2510.SHFE,SHFE.au2510,2025-09-17 01:40:00,132608,839.5,839.64,839.5,839.52,34.0,103696.0,103685.0
au2510.SHFE,SHFE.au2510,2025-09-17 01:41:00,132609,839.52,839.58,839.5,839.56,44.0,103685.0,103668.0
au2510.SHFE,SHFE.au2510,2025-09-17 01:42:00,132610,839.56,839.64,839.52,839.52,54.0,103668.0,103670.0
au2510.SHFE,SHFE.au2510,2025-09-17 01:43:00,132611,839.52,839.54,839.2,839.3,198.0,103670.0,103663.0
au2510.SHFE,SHFE.au2510,2025-09-17 01:44:00,132612,839.3,839.5,839.3,839.44,76.0,103663.0,103662.0
au2510.SHFE,SHFE.au2510,2025-09-17 01:45:00,132613,839.44,839.68,839.42,839.68,65.0,103662.0,103658.0
au2510.SHFE,SHFE.au2510,2025-09-17 01:46:00,132614,839.68,839.74,839.66,839.66,41.0,103658.0,103656.0
au2510.SHFE,SHFE.au2510,2025-09-17 01:47:00,132615,839.66,839.78,839.66,839.68,54.0,103656.0,103652.0
au2510.SHFE,SHFE.au2510,2025-09-17 01:48:00,132616,839.68,839.76,839.64,839.74,34.0,103652.0,103657.0
au2510.SHFE,SHFE.au2510,2025-09-17 01:49:00,132617,839.74,839.86,839.74,839.78,49.0,103657.0,103667.0
au2510.SHFE,SHFE.au2510,2025-09-17 01:50:00,132618,839.78,839.84,839.68,839.74,41.0,103667.0,103665.0
au2510.SHFE,SHFE.au2510,2025-09-17 01:51:00,132619,839.74,839.74,839.66,839.66,13.0,103665.0,103663.0
au2510.SHFE,SHFE.au2510,2025-09-17 01:52:00,132620,839.66,839.66,839.54,839.56,46.0,103663.0,103665.0
au2510.SHFE,SHFE.au2510,2025-09-17 01:53:00,132621,839.56,839.58,839.46,839.52,38.0,103665.0,103664.0
au2510.SHFE,SHFE.au2510,2025-09-17 01:54:00,132622,839.52,839.54,839.5,839.52,11.0,103664.0,103666.0
au2510.SHFE,SHFE.au2510,2025-09-17 01:55:00,132623,839.52,839.58,839.52,839.56,25.0,103666.0,103665.0
au2510.SHFE,SHFE.au2510,2025-09-17 01:56:00,132624,839.56,839.56,839.4,839.5,58.0,103665.0,103663.0
au2510.SHFE,SHFE.au2510,2025-09-17 01:57:00,132625,839.5,839.56,839.5,839.56,21.0,103663.0,103669.0
au2510.SHFE,SHFE.au2510,2025-09-17 01:58:00,132626,839.56,839.58,839.5,839.5,19.0,103669.0,103668.0
au2510.SHFE,SHFE.au2510,2025-09-17 01:59:00,132627,839.5,839.66,839.5,839.64,38.0,103668.0,103663.0
au2510.SHFE,SHFE.au2510,2025-09-17 02:00:00,132628,839.64,839.64,839.46,839.52,34.0,103663.0,103649.0
au2510.SHFE,SHFE.au2510,2025-09-17 02:01:00,132629,839.52,839.56,839.48,839.52,27.0,103649.0,103653.0
au2510.SHFE,SHFE.au2510,2025-09-17 02:02:00,132630,839.52,839.56,839.46,839.5,38.0,103653.0,103650.0
au2510.SHFE,SHFE.au2510,2025-09-17 02:03:00,132631,839.5,839.54,839.38,839.54,72.0,103650.0,103677.0
au2510.SHFE,SHFE.au2510,2025-09-17 02:04:00,132632,839.54,839.54,839.46,839.5,13.0,103677.0,103670.0
au2510.SHFE,SHFE.au2510,2025-09-17 02:05:00,132633,839.5,839.56,839.4,839.54,37.0,103670.0,103664.0
au2510.SHFE,SHFE.au2510,2025-09-17 02:06:00,132634,839.54,839.76,839.5,839.7,67.0,103664.0,103666.0
au2510.SHFE,SHFE.au2510,2025-09-17 02:07:00,132635,839.7,839.76,839.62,839.62,38.0,103666.0,103656.0
au2510.SHFE,SHFE.au2510,2025-09-17 02:08:00,132636,839.62,839.68,839.6,839.64,46.0,103656.0,103641.0
au2510.SHFE,SHFE.au2510,2025-09-17 02:09:00,132637,839.64,839.72,839.64,839.68,26.0,103641.0,103638.0
au2510.SHFE,SHFE.au2510,2025-09-17 02:10:00,132638,839.68,839.74,839.62,839.7,70.0,103638.0,103596.0
au2510.SHFE,SHFE.au2510,2025-09-17 02:11:00,132639,839.7,839.74,839.66,839.7,25.0,103596.0,103592.0
au2510.SHFE,SHFE.au2510,2025-09-17 02:12:00,132640,839.7,839.78,839.7,839.78,15.0,103592.0,103585.0
au2510.SHFE,SHFE.au2510,2025-09-17 02:13:00,132641,839.78,839.82,839.72,839.78,42.0,103585.0,103563.0
au2510.SHFE,SHFE.au2510,2025-09-17 02:14:00,132642,839.78,839.78,839.5,839.72,76.0,103563.0,103547.0
au2510.SHFE,SHFE.au2510,2025-09-17 02:15:00,132643,839.72,839.76,839.64,839.7,19.0,103547.0,103535.0
au2510.SHFE,SHFE.au2510,2025-09-17 02:16:00,132644,839.7,839.7,839.62,839.64,18.0,103535.0,103537.0
au2510.SHFE,SHFE.au2510,2025-09-17 02:17:00,132645,839.64,839.76,839.62,839.76,30.0,103537.0,103527.0
au2510.SHFE,SHFE.au2510,2025-09-17 02:18:00,132646,839.76,839.76,839.66,839.68,19.0,103527.0,103521.0
au2510.SHFE,SHFE.au2510,2025-09-17 02:19:00,132647,839.68,839.68,839.62,839.64,24.0,103521.0,103522.0
au2510.SHFE,SHFE.au2510,2025-09-17 02:20:00,132648,839.64,839.74,839.64,839.72,34.0,103522.0,103520.0
au2510.SHFE,SHFE.au2510,2025-09-17 02:21:00,132649,839.72,839.76,839.66,839.72,23.0,103520.0,103520.0
au2510.SHFE,SHFE.au2510,2025-09-17 02:22:00,132650,839.72,839.84,839.7,839.78,41.0,103520.0,103513.0
au2510.SHFE,SHFE.au2510,2025-09-17 02:23:00,132651,839.78,839.78,839.7,839.7,22.0,103513.0,103511.0
au2510.SHFE,SHFE.au2510,2025-09-17 02:24:00,132652,839.7,839.74,839.68,839.72,8.0,103511.0,103509.0
au2510.SHFE,SHFE.au2510,2025-09-17 02:25:00,132653,839.72,839.74,839.6,839.66,44.0,103509.0,103491.0
au2510.SHFE,SHFE.au2510,2025-09-17 02:26:00,132654,839.66,839.76,839.66,839.66,53.0,103491.0,103485.0
au2510.SHFE,SHFE.au2510,2025-09-17 02:27:00,132655,839.66,839.72,839.62,839.7,73.0,103485.0,103488.0
au2510.SHFE,SHFE.au2510,2025-09-17 02:28:00,132656,839.7,839.8,839.66,839.68,66.0,103488.0,103461.0
au2510.SHFE,SHFE.au2510,2025-09-17 02:29:00,132657,839.68,839.78,839.54,839.74,148.0,103461.0,103427.0
au2510.SHFE,SHFE.au2510,2025-09-17 09:00:00,132658,840.4,840.8,840.2,840.48,804.0,103427.0,103478.0
au2510.SHFE,SHFE.au2510,2025-09-17 09:01:00,132659,840.48,840.56,840.22,840.42,478.0,103478.0,103415.0
au2510.SHFE,SHFE.au2510,2025-09-17 09:02:00,132660,840.42,840.42,840.18,840.32,267.0,103415.0,103381.0
au2510.SHFE,SHFE.au2510,2025-09-17 09:03:00,132661,840.32,840.56,840.26,840.32,307.0,103381.0,103326.0
au2510.SHFE,SHFE.au2510,2025-09-17 09:04:00,132662,840.32,840.66,840.3,840.56,283.0,103326.0,103307.0
au2510.SHFE,SHFE.au2510,2025-09-17 09:05:00,132663,840.56,840.82,840.56,840.8,332.0,103307.0,103245.0
au2510.SHFE,SHFE.au2510,2025-09-17 09:06:00,132664,840.8,840.92,840.76,840.82,313.0,103245.0,103185.0
au2510.SHFE,SHFE.au2510,2025-09-17 09:07:00,132665,840.82,840.84,840.54,840.72,243.0,103185.0,103156.0
au2510.SHFE,SHFE.au2510,2025-09-17 09:08:00,132666,840.72,840.88,840.66,840.84,168.0,103156.0,103156.0
au2510.SHFE,SHFE.au2510,2025-09-17 09:09:00,132667,840.84,840.88,840.66,840.74,167.0,103156.0,103116.0
au2510.SHFE,SHFE.au2510,2025-09-17 09:10:00,132668,840.74,840.9,840.7,840.72,144.0,103116.0,103115.0
au2510.SHFE,SHFE.au2510,2025-09-17 09:11:00,132669,840.72,840.8,840.54,840.66,153.0,103115.0,103128.0
au2510.SHFE,SHFE.au2510,2025-09-17 09:12:00,132670,840.66,840.68,840.5,840.5,93.0,103128.0,103121.0
au2510.SHFE,SHFE.au2510,2025-09-17 09:13:00,132671,840.5,840.64,840.48,840.58,127.0,103121.0,103094.0
au2510.SHFE,SHFE.au2510,2025-09-17 09:14:00,132672,840.58,840.7,840.48,840.64,155.0,103094.0,103071.0
au2510.SHFE,SHFE.au2510,2025-09-17 09:15:00,132673,840.64,840.64,840.5,840.54,107.0,103071.0,103067.0
au2510.SHFE,SHFE.au2510,2025-09-17 09:16:00,132674,840.54,840.58,840.42,840.56,162.0,103067.0,103044.0
au2510.SHFE,SHFE.au2510,2025-09-17 09:17:00,132675,840.56,840.58,840.28,840.34,184.0,103044.0,103072.0
au2510.SHFE,SHFE.au2510,2025-09-17 09:18:00,132676,840.34,840.46,840.34,840.4,95.0,103072.0,103046.0
au2510.SHFE,SHFE.au2510,2025-09-17 09:19:00,132677,840.4,840.58,840.36,840.5,124.0,103046.0,103037.0
au2510.SHFE,SHFE.au2510,2025-09-17 09:20:00,132678,840.5,840.64,840.48,840.62,124.0,103037.0,103031.0
au2510.SHFE,SHFE.au2510,2025-09-17 09:21:00,132679,840.62,840.64,840.44,840.48,99.0,103031.0,102995.0
au2510.SHFE,SHFE.au2510,2025-09-17 09:22:00,132680,840.48,840.5,840.16,840.18,178.0,102995.0,103026.0
au2510.SHFE,SHFE.au2510,2025-09-17 09:23:00,132681,840.18,840.22,839.92,840.0,337.0,103026.0,103054.0
au2510.SHFE,SHFE.au2510,2025-09-17 09:24:00,132682,840.0,840.0,839.76,839.78,277.0,103054.0,103083.0
au2510.SHFE,SHFE.au2510,2025-09-17 09:25:00,132683,839.78,839.98,839.76,839.84,226.0,103083.0,103093.0
au2510.SHFE,SHFE.au2510,2025-09-17 09:26:00,132684,839.84,839.9,839.56,839.62,287.0,103093.0,103121.0
au2510.SHFE,SHFE.au2510,2025-09-17 09:27:00,132685,839.62,839.78,839.56,839.58,194.0,103121.0,103115.0
au2510.SHFE,SHFE.au2510,2025-09-17 09:28:00,132686,839.58,839.6,839.28,839.3,391.0,103115.0,103080.0
au2510.SHFE,SHFE.au2510,2025-09-17 09:29:00,132687,839.3,839.4,839.1,839.12,442.0,103080.0,103103.0
au2510.SHFE,SHFE.au2510,2025-09-17 09:30:00,132688,839.12,839.12,838.4,838.44,830.0,103103.0,103171.0
au2510.SHFE,SHFE.au2510,2025-09-17 09:31:00,132689,838.44,838.56,838.24,838.3,1018.0,103171.0,103324.0
au2510.SHFE,SHFE.au2510,2025-09-17 09:32:00,132690,838.3,838.68,838.06,838.4,784.0,103324.0,103298.0
au2510.SHFE,SHFE.au2510,2025-09-17 09:33:00,132691,838.4,838.44,838.08,838.16,772.0,103298.0,103322.0
au2510.SHFE,SHFE.au2510,2025-09-17 09:34:00,132692,838.16,838.16,837.68,838.16,908.0,103322.0,103353.0
au2510.SHFE,SHFE.au2510,2025-09-17 09:35:00,132693,838.16,838.46,837.76,837.82,724.0,103353.0,103373.0
au2510.SHFE,SHFE.au2510,2025-09-17 09:36:00,132694,837.82,838.1,837.0,837.22,1024.0,103373.0,103302.0
au2510.SHFE,SHFE.au2510,2025-09-17 09:37:00,132695,837.22,837.22,835.7,835.92,2388.0,103302.0,103500.0
au2510.SHFE,SHFE.au2510,2025-09-17 09:38:00,132696,835.92,836.88,835.78,836.88,1289.0,103500.0,103419.0
au2510.SHFE,SHFE.au2510,2025-09-17 09:39:00,132697,836.88,837.44,836.7,837.36,964.0,103419.0,103361.0
au2510.SHFE,SHFE.au2510,2025-09-17 09:40:00,132698,837.36,837.74,837.28,837.32,863.0,103361.0,103306.0
au2510.SHFE,SHFE.au2510,2025-09-17 09:41:00,132699,837.32,837.5,836.84,837.5,684.0,103306.0,103297.0
au2510.SHFE,SHFE.au2510,2025-09-17 09:42:00,132700,837.5,837.54,836.8,836.88,448.0,103297.0,103219.0
au2510.SHFE,SHFE.au2510,2025-09-17 09:43:00,132701,836.88,836.88,836.28,836.58,1011.0,103219.0,103140.0
au2510.SHFE,SHFE.au2510,2025-09-17 09:44:00,132702,836.58,836.94,836.56,836.66,418.0,103140.0,103100.0
au2510.SHFE,SHFE.au2510,2025-09-17 09:45:00,132703,836.66,837.0,836.58,836.76,524.0,103100.0,103014.0
au2510.SHFE,SHFE.au2510,2025-09-17 09:46:00,132704,836.76,837.3,836.7,837.16,404.0,103014.0,102980.0
au2510.SHFE,SHFE.au2510,2025-09-17 09:47:00,132705,837.16,837.48,836.9,836.9,566.0,102980.0,102924.0
au2510.SHFE,SHFE.au2510,2025-09-17 09:48:00,132706,836.9,837.38,836.88,837.1,574.0,102924.0,102792.0
au2510.SHFE,SHFE.au2510,2025-09-17 09:49:00,132707,837.1,837.32,836.62,836.62,482.0,102792.0,102753.0
au2510.SHFE,SHFE.au2510,2025-09-17 09:50:00,132708,836.62,837.06,836.22,837.0,766.0,102753.0,102700.0
au2510.SHFE,SHFE.au2510,2025-09-17 09:51:00,132709,837.0,837.08,836.84,836.9,418.0,102700.0,102616.0
au2510.SHFE,SHFE.au2510,2025-09-17 09:52:00,132710,836.9,836.9,836.36,836.66,468.0,102616.0,102568.0
au2510.SHFE,SHFE.au2510,2025-09-17 09:53:00,132711,836.66,837.06,836.48,837.0,390.0,102568.0,102522.0
au2510.SHFE,SHFE.au2510,2025-09-17 09:54:00,132712,837.0,837.36,836.92,837.32,595.0,102522.0,102375.0
au2510.SHFE,SHFE.au2510,2025-09-17 09:55:00,132713,837.32,837.66,837.3,837.56,713.0,102375.0,102187.0
au2510.SHFE,SHFE.au2510,2025-09-17 09:56:00,132714,837.56,837.8,837.38,837.46,693.0,102187.0,102027.0
au2510.SHFE,SHFE.au2510,2025-09-17 09:57:00,132715,837.46,837.62,837.16,837.44,362.0,102027.0,101953.0
au2510.SHFE,SHFE.au2510,2025-09-17 09:58:00,132716,837.44,837.44,837.16,837.22,308.0,101953.0,101866.0
au2510.SHFE,SHFE.au2510,2025-09-17 09:59:00,132717,837.22,837.52,837.16,837.46,219.0,101866.0,101781.0
au2510.SHFE,SHFE.au2510,2025-09-17 10:00:00,132718,837.46,837.52,837.18,837.2,631.0,101781.0,101535.0
au2510.SHFE,SHFE.au2510,2025-09-17 10:01:00,132719,837.2,837.28,836.88,836.9,259.0,101535.0,101501.0
au2510.SHFE,SHFE.au2510,2025-09-17 10:02:00,132720,836.9,837.04,836.6,837.0,462.0,101501.0,101421.0
au2510.SHFE,SHFE.au2510,2025-09-17 10:03:00,132721,837.0,837.16,836.9,837.06,264.0,101421.0,101378.0
au2510.SHFE,SHFE.au2510,2025-09-17 10:04:00,132722,837.06,837.34,837.0,837.1,245.0,101378.0,101312.0
au2510.SHFE,SHFE.au2510,2025-09-17 10:05:00,132723,837.1,837.1,836.78,836.88,217.0,101312.0,101274.0
au2510.SHFE,SHFE.au2510,2025-09-17 10:06:00,132724,836.88,837.12,836.72,836.86,230.0,101274.0,101199.0
au2510.SHFE,SHFE.au2510,2025-09-17 10:07:00,132725,836.86,836.86,836.4,836.52,545.0,101199.0,101174.0
au2510.SHFE,SHFE.au2510,2025-09-17 10:08:00,132726,836.52,836.76,836.22,836.7,468.0,101174.0,101158.0
au2510.SHFE,SHFE.au2510,2025-09-17 10:09:00,132727,836.7,836.88,836.54,836.62,242.0,101158.0,101164.0
au2510.SHFE,SHFE.au2510,2025-09-17 10:10:00,132728,836.62,836.8,836.02,836.2,558.0,101164.0,101162.0
au2510.SHFE,SHFE.au2510,2025-09-17 10:11:00,132729,836.2,836.64,836.02,836.52,372.0,101162.0,101142.0
au2510.SHFE,SHFE.au2510,2025-09-17 10:12:00,132730,836.52,836.96,836.48,836.88,298.0,101142.0,101125.0
au2510.SHFE,SHFE.au2510,2025-09-17 10:13:00,132731,836.88,837.38,836.88,837.34,405.0,101125.0,101009.0
au2510.SHFE,SHFE.au2510,2025-09-17 10:14:00,132732,837.34,837.7,837.34,837.62,419.0,101009.0,100933.0
au2510.SHFE,SHFE.au2510,2025-09-17 10:30:00,132733,837.36,837.36,836.42,836.52,953.0,100933.0,100900.0
au2510.SHFE,SHFE.au2510,2025-09-17 10:31:00,132734,836.52,836.82,836.44,836.8,401.0,100900.0,100881.0
au2510.SHFE,SHFE.au2510,2025-09-17 10:32:00,132735,836.8,837.08,836.58,836.82,388.0,100881.0,100843.0
au2510.SHFE,SHFE.au2510,2025-09-17 10:33:00,132736,836.82,836.82,836.54,836.66,254.0,100843.0,100792.0
au2510.SHFE,SHFE.au2510,2025-09-17 10:34:00,132737,836.66,836.9,836.64,836.76,169.0,100792.0,100746.0
au2510.SHFE,SHFE.au2510,2025-09-17 10:35:00,132738,836.76,836.96,836.52,836.76,400.0,100746.0,100672.0
au2510.SHFE,SHFE.au2510,2025-09-17 10:36:00,132739,836.76,837.14,836.76,836.88,320.0,100672.0,100570.0
au2510.SHFE,SHFE.au2510,2025-09-17 10:37:00,132740,836.88,836.9,836.44,836.52,272.0,100570.0,100565.0
au2510.SHFE,SHFE.au2510,2025-09-17 10:38:00,132741,836.52,836.52,835.94,836.24,893.0,100565.0,100644.0
au2510.SHFE,SHFE.au2510,2025-09-17 10:39:00,132742,836.24,836.54,836.18,836.54,254.0,100644.0,100607.0
au2510.SHFE,SHFE.au2510,2025-09-17 10:40:00,132743,836.54,836.94,836.46,836.9,242.0,100607.0,100501.0
au2510.SHFE,SHFE.au2510,2025-09-17 10:41:00,132744,836.9,837.16,836.84,837.0,292.0,100501.0,100421.0
au2510.SHFE,SHFE.au2510,2025-09-17 10:42:00,132745,837.0,837.36,836.96,837.3,275.0,100421.0,100321.0
au2510.SHFE,SHFE.au2510,2025-09-17 10:43:00,132746,837.3,837.48,837.26,837.48,300.0,100321.0,100266.0
au2510.SHFE,SHFE.au2510,2025-09-17 10:44:00,132747,837.48,837.58,837.28,837.42,241.0,100266.0,100256.0
au2510.SHFE,SHFE.au2510,2025-09-17 10:45:00,132748,837.42,837.48,837.3,837.36,164.0,100256.0,100218.0
au2510.SHFE,SHFE.au2510,2025-09-17 10:46:00,132749,837.36,837.48,837.2,837.42,203.0,100218.0,100178.0
au2510.SHFE,SHFE.au2510,2025-09-17 10:47:00,132750,837.42,837.5,837.34,837.36,156.0,100178.0,100136.0
au2510.SHFE,SHFE.au2510,2025-09-17 10:48:00,132751,837.36,837.76,837.36,837.7,252.0,100136.0,100079.0
au2510.SHFE,SHFE.au2510,2025-09-17 10:49:00,132752,837.7,837.92,837.64,837.74,430.0,100079.0,99984.0
au2510.SHFE,SHFE.au2510,2025-09-17 10:50:00,132753,837.74,837.86,837.6,837.82,262.0,99984.0,99919.0
au2510.SHFE,SHFE.au2510,2025-09-17 10:51:00,132754,837.82,837.84,837.7,837.78,240.0,99919.0,99822.0
au2510.SHFE,SHFE.au2510,2025-09-17 10:52:00,132755,837.78,837.8,837.64,837.7,176.0,99822.0,99754.0
au2510.SHFE,SHFE.au2510,2025-09-17 10:53:00,132756,837.7,837.94,837.7,837.78,277.0,99754.0,99652.0
au2510.SHFE,SHFE.au2510,2025-09-17 10:54:00,132757,837.78,837.9,837.72,837.78,188.0,99652.0,99590.0
au2510.SHFE,SHFE.au2510,2025-09-17 10:55:00,132758,837.78,837.82,837.5,837.56,212.0,99590.0,99583.0
au2510.SHFE,SHFE.au2510,2025-09-17 10:56:00,132759,837.56,837.64,837.44,837.58,212.0,99583.0,99514.0
au2510.SHFE,SHFE.au2510,2025-09-17 10:57:00,132760,837.58,837.62,837.3,837.44,209.0,99514.0,99462.0
au2510.SHFE,SHFE.au2510,2025-09-17 10:58:00,132761,837.44,837.64,837.42,837.52,198.0,99462.0,99445.0
au2510.SHFE,SHFE.au2510,2025-09-17 10:59:00,132762,837.52,837.52,837.38,837.38,155.0,99445.0,99433.0
au2510.SHFE,SHFE.au2510,2025-09-17 11:00:00,132763,837.38,837.46,837.22,837.46,282.0,99433.0,99417.0
au2510.SHFE,SHFE.au2510,2025-09-17 11:01:00,132764,837.46,837.52,837.34,837.42,160.0,99417.0,99365.0
au2510.SHFE,SHFE.au2510,2025-09-17 11:02:00,132765,837.42,837.5,837.36,837.5,194.0,99365.0,99342.0
au2510.SHFE,SHFE.au2510,2025-09-17 11:03:00,132766,837.5,837.5,837.12,837.28,216.0,99342.0,99350.0
au2510.SHFE,SHFE.au2510,2025-09-17 11:04:00,132767,837.28,837.36,837.22,837.22,55.0,99350.0,99351.0
au2510.SHFE,SHFE.au2510,2025-09-17 11:05:00,132768,837.22,837.26,836.98,837.0,263.0,99351.0,99295.0
au2510.SHFE,SHFE.au2510,2025-09-17 11:06:00,132769,837.0,837.02,836.66,836.76,407.0,99295.0,99330.0
au2510.SHFE,SHFE.au2510,2025-09-17 11:07:00,132770,836.76,836.86,836.7,836.8,150.0,99330.0,99312.0
au2510.SHFE,SHFE.au2510,2025-09-17 11:08:00,132771,836.8,836.8,836.64,836.72,163.0,99312.0,99298.0
au2510.SHFE,SHFE.au2510,2025-09-17 11:09:00,132772,836.72,836.88,836.66,836.78,175.0,99298.0,99305.0
au2510.SHFE,SHFE.au2510,2025-09-17 11:10:00,132773,836.78,837.0,836.74,836.88,269.0,99305.0,99254.0
au2510.SHFE,SHFE.au2510,2025-09-17 11:11:00,132774,836.88,836.94,836.8,836.92,142.0,99254.0,99272.0
au2510.SHFE,SHFE.au2510,2025-09-17 11:12:00,132775,836.92,837.0,836.78,836.78,128.0,99272.0,99268.0
au2510.SHFE,SHFE.au2510,2025-09-17 11:13:00,132776,836.78,836.84,836.6,836.82,164.0,99268.0,99253.0
au2510.SHFE,SHFE.au2510,2025-09-17 11:14:00,132777,836.82,836.9,836.78,836.82,169.0,99253.0,99292.0
au2510.SHFE,SHFE.au2510,2025-09-17 11:15:00,132778,836.82,837.4,836.82,837.32,302.0,99292.0,99399.0
au2510.SHFE,SHFE.au2510,2025-09-17 11:16:00,132779,837.32,837.52,837.2,837.4,166.0,99399.0,99382.0
au2510.SHFE,SHFE.au2510,2025-09-17 11:17:00,132780,837.4,837.5,837.36,837.44,123.0,99382.0,99340.0
au2510.SHFE,SHFE.au2510,2025-09-17 11:18:00,132781,837.44,837.48,837.3,837.44,182.0,99340.0,99273.0
au2510.SHFE,SHFE.au2510,2025-09-17 11:19:00,132782,837.44,837.58,837.42,837.52,257.0,99273.0,99179.0
au2510.SHFE,SHFE.au2510,2025-09-17 11:20:00,132783,837.52,837.8,837.44,837.68,196.0,99179.0,99142.0
au2510.SHFE,SHFE.au2510,2025-09-17 11:21:00,132784,837.68,837.78,837.66,837.7,224.0,99142.0,99070.0
au2510.SHFE,SHFE.au2510,2025-09-17 11:22:00,132785,837.7,837.74,837.66,837.72,124.0,99070.0,99027.0
au2510.SHFE,SHFE.au2510,2025-09-17 11:23:00,132786,837.72,837.82,837.66,837.76,131.0,99027.0,98992.0
au2510.SHFE,SHFE.au2510,2025-09-17 11:24:00,132787,837.76,837.78,837.52,837.56,147.0,98992.0,98991.0
au2510.SHFE,SHFE.au2510,2025-09-17 11:25:00,132788,837.56,837.66,837.48,837.64,164.0,98991.0,98966.0
au2510.SHFE,SHFE.au2510,2025-09-17 11:26:00,132789,837.64,837.7,837.58,837.64,99.0,98966.0,98932.0
au2510.SHFE,SHFE.au2510,2025-09-17 11:27:00,132790,837.64,837.68,837.52,837.62,156.0,98932.0,98907.0
au2510.SHFE,SHFE.au2510,2025-09-17 11:28:00,132791,837.62,837.62,837.46,837.52,163.0,98907.0,98873.0
au2510.SHFE,SHFE.au2510,2025-09-17 11:29:00,132792,837.52,837.6,837.42,837.5,239.0,98873.0,98800.0
au2510.SHFE,SHFE.au2510,2025-09-17 13:30:00,132793,837.12,837.36,836.94,837.24,531.0,98800.0,98819.0
au2510.SHFE,SHFE.au2510,2025-09-17 13:31:00,132794,837.24,837.42,837.1,837.34,175.0,98819.0,98818.0
au2510.SHFE,SHFE.au2510,2025-09-17 13:32:00,132795,837.34,837.34,836.74,836.78,258.0,98818.0,98847.0
au2510.SHFE,SHFE.au2510,2025-09-17 13:33:00,132796,836.78,836.84,836.56,836.7,367.0,98847.0,98883.0
au2510.SHFE,SHFE.au2510,2025-09-17 13:34:00,132797,836.7,836.88,836.66,836.8,165.0,98883.0,98906.0
au2510.SHFE,SHFE.au2510,2025-09-17 13:35:00,132798,836.8,836.8,836.4,836.56,467.0,98906.0,99031.0
au2510.SHFE,SHFE.au2510,2025-09-17 13:36:00,132799,836.56,836.74,836.46,836.74,164.0,99031.0,99028.0
au2510.SHFE,SHFE.au2510,2025-09-17 13:37:00,132800,836.74,836.76,836.54,836.68,121.0,99028.0,99032.0
au2510.SHFE,SHFE.au2510,2025-09-17 13:38:00,132801,836.68,836.72,836.6,836.6,139.0,99032.0,99006.0
au2510.SHFE,SHFE.au2510,2025-09-17 13:39:00,132802,836.6,836.64,836.38,836.4,205.0,99006.0,98996.0
au2510.SHFE,SHFE.au2510,2025-09-17 13:40:00,132803,836.4,836.6,836.18,836.22,237.0,98996.0,98988.0
au2510.SHFE,SHFE.au2510,2025-09-17 13:41:00,132804,836.22,836.22,835.8,835.82,745.0,98988.0,98881.0
au2510.SHFE,SHFE.au2510,2025-09-17 13:42:00,132805,835.82,836.38,835.78,836.32,565.0,98881.0,98756.0
au2510.SHFE,SHFE.au2510,2025-09-17 13:43:00,132806,836.32,836.42,836.18,836.38,189.0,98756.0,98701.0
au2510.SHFE,SHFE.au2510,2025-09-17 13:44:00,132807,836.38,836.56,836.38,836.56,252.0,98701.0,98719.0
au2510.SHFE,SHFE.au2510,2025-09-17 13:45:00,132808,836.56,836.56,836.32,836.38,190.0,98719.0,98673.0
au2510.SHFE,SHFE.au2510,2025-09-17 13:46:00,132809,836.38,836.68,836.38,836.6,207.0,98673.0,98636.0
au2510.SHFE,SHFE.au2510,2025-09-17 13:47:00,132810,836.6,836.68,836.52,836.68,203.0,98636.0,98648.0
au2510.SHFE,SHFE.au2510,2025-09-17 13:48:00,132811,836.68,836.8,836.6,836.64,205.0,98648.0,98575.0
au2510.SHFE,SHFE.au2510,2025-09-17 13:49:00,132812,836.64,836.66,836.24,836.28,137.0,98575.0,98572.0
au2510.SHFE,SHFE.au2510,2025-09-17 13:50:00,132813,836.28,836.28,836.08,836.22,266.0,98572.0,98543.0
au2510.SHFE,SHFE.au2510,2025-09-17 13:51:00,132814,836.22,836.38,836.16,836.24,98.0,98543.0,98528.0
au2510.SHFE,SHFE.au2510,2025-09-17 13:52:00,132815,836.24,836.24,836.02,836.22,186.0,98528.0,98494.0
au2510.SHFE,SHFE.au2510,2025-09-17 13:53:00,132816,836.22,836.38,836.14,836.16,98.0,98494.0,98472.0
au2510.SHFE,SHFE.au2510,2025-09-17 13:54:00,132817,836.16,836.34,836.14,836.28,117.0,98472.0,98493.0
au2510.SHFE,SHFE.au2510,2025-09-17 13:55:00,132818,836.28,836.4,836.24,836.36,83.0,98493.0,98478.0
au2510.SHFE,SHFE.au2510,2025-09-17 13:56:00,132819,836.36,836.38,836.24,836.36,85.0,98478.0,98447.0
au2510.SHFE,SHFE.au2510,2025-09-17 13:57:00,132820,836.36,836.5,836.32,836.46,143.0,98447.0,98405.0
au2510.SHFE,SHFE.au2510,2025-09-17 13:58:00,132821,836.46,836.52,836.4,836.52,100.0,98405.0,98394.0
au2510.SHFE,SHFE.au2510,2025-09-17 13:59:00,132822,836.52,836.72,836.4,836.7,215.0,98394.0,98352.0
au2510.SHFE,SHFE.au2510,2025-09-17 14:00:00,132823,836.7,836.88,836.64,836.68,284.0,98352.0,98308.0
au2510.SHFE,SHFE.au2510,2025-09-17 14:01:00,132824,836.68,836.7,836.54,836.58,183.0,98308.0,98292.0
au2510.SHFE,SHFE.au2510,2025-09-17 14:02:00,132825,836.58,836.66,836.5,836.6,93.0,98292.0,98280.0
au2510.SHFE,SHFE.au2510,2025-09-17 14:03:00,132826,836.6,836.6,836.34,836.4,221.0,98280.0,98207.0
au2510.SHFE,SHFE.au2510,2025-09-17 14:04:00,132827,836.4,836.64,836.4,836.6,137.0,98207.0,98162.0
au2510.SHFE,SHFE.au2510,2025-09-17 14:05:00,132828,836.6,836.7,836.46,836.64,97.0,98162.0,98144.0
au2510.SHFE,SHFE.au2510,2025-09-17 14:06:00,132829,836.64,836.8,836.52,836.56,153.0,98144.0,98122.0
au2510.SHFE,SHFE.au2510,2025-09-17 14:07:00,132830,836.56,836.76,836.46,836.74,110.0,98122.0,98106.0
au2510.SHFE,SHFE.au2510,2025-09-17 14:08:00,132831,836.74,836.74,836.42,836.42,154.0,98106.0,98064.0
au2510.SHFE,SHFE.au2510,2025-09-17 14:09:00,132832,836.42,836.42,836.26,836.34,161.0,98064.0,98050.0
au2510.SHFE,SHFE.au2510,2025-09-17 14:10:00,132833,836.34,836.36,836.14,836.2,135.0,98050.0,98040.0
au2510.SHFE,SHFE.au2510,2025-09-17 14:11:00,132834,836.2,836.22,835.92,836.0,340.0,98040.0,98067.0
au2510.SHFE,SHFE.au2510,2025-09-17 14:12:00,132835,836.0,836.28,836.0,836.08,251.0,98067.0,98044.0
au2510.SHFE,SHFE.au2510,2025-09-17 14:13:00,132836,836.08,836.22,835.94,836.18,151.0,98044.0,98046.0
au2510.SHFE,SHFE.au2510,2025-09-17 14:14:00,132837,836.18,836.28,836.08,836.08,128.0,98046.0,98041.0
au2510.SHFE,SHFE.au2510,2025-09-17 14:15:00,132838,836.08,836.26,835.96,836.24,199.0,98041.0,98061.0
au2510.SHFE,SHFE.au2510,2025-09-17 14:16:00,132839,836.24,836.3,836.1,836.16,148.0,98061.0,98055.0
au2510.SHFE,SHFE.au2510,2025-09-17 14:17:00,132840,836.16,836.28,836.06,836.2,140.0,98055.0,98046.0
au2510.SHFE,SHFE.au2510,2025-09-17 14:18:00,132841,836.2,836.46,836.2,836.4,202.0,98046.0,97963.0
au2510.SHFE,SHFE.au2510,2025-09-17 14:19:00,132842,836.4,836.68,836.38,836.64,256.0,97963.0,97947.0
au2510.SHFE,SHFE.au2510,2025-09-17 14:20:00,132843,836.64,836.72,836.54,836.64,181.0,97947.0,97912.0
au2510.SHFE,SHFE.au2510,2025-09-17 14:21:00,132844,836.64,836.72,836.58,836.62,99.0,97912.0,97882.0
au2510.SHFE,SHFE.au2510,2025-09-17 14:22:00,132845,836.62,836.7,836.5,836.5,214.0,97882.0,97883.0
au2510.SHFE,SHFE.au2510,2025-09-17 14:23:00,132846,836.5,836.54,836.36,836.52,166.0,97883.0,97838.0
au2510.SHFE,SHFE.au2510,2025-09-17 14:24:00,132847,836.52,836.52,836.18,836.32,146.0,97838.0,97829.0
au2510.SHFE,SHFE.au2510,2025-09-17 14:25:00,132848,836.32,836.32,835.84,835.86,319.0,97829.0,97841.0
au2510.SHFE,SHFE.au2510,2025-09-17 14:26:00,132849,835.86,835.92,835.34,835.86,746.0,97841.0,97856.0
au2510.SHFE,SHFE.au2510,2025-09-17 14:27:00,132850,835.86,836.06,835.72,836.02,167.0,97856.0,97822.0
au2510.SHFE,SHFE.au2510,2025-09-17 14:28:00,132851,836.02,836.12,835.88,836.04,209.0,97822.0,97814.0
au2510.SHFE,SHFE.au2510,2025-09-17 14:29:00,132852,836.04,836.06,835.74,835.94,261.0,97814.0,97848.0
au2510.SHFE,SHFE.au2510,2025-09-17 14:30:00,132853,835.94,836.1,835.82,836.0,184.0,97848.0,97818.0
au2510.SHFE,SHFE.au2510,2025-09-17 14:31:00,132854,836.0,836.06,835.8,835.8,182.0,97818.0,97791.0
au2510.SHFE,SHFE.au2510,2025-09-17 14:32:00,132855,835.8,835.82,835.62,835.74,392.0,97791.0,97699.0
au2510.SHFE,SHFE.au2510,2025-09-17 14:33:00,132856,835.74,835.84,835.58,835.76,309.0,97699.0,97621.0
au2510.SHFE,SHFE.au2510,2025-09-17 14:34:00,132857,835.76,835.98,835.62,835.9,394.0,97621.0,97486.0
au2510.SHFE,SHFE.au2510,2025-09-17 14:35:00,132858,835.9,835.92,835.68,835.82,194.0,97486.0,97402.0
au2510.SHFE,SHFE.au2510,2025-09-17 14:36:00,132859,835.82,835.96,835.82,835.9,122.0,97402.0,97369.0
au2510.SHFE,SHFE.au2510,2025-09-17 14:37:00,132860,835.9,835.9,835.66,835.78,270.0,97369.0,97284.0
au2510.SHFE,SHFE.au2510,2025-09-17 14:38:00,132861,835.78,835.82,835.24,835.4,518.0,97284.0,97235.0
au2510.SHFE,SHFE.au2510,2025-09-17 14:39:00,132862,835.4,835.5,835.26,835.38,320.0,97235.0,97234.0
au2510.SHFE,SHFE.au2510,2025-09-17 14:40:00,132863,835.38,835.56,835.16,835.48,587.0,97234.0,97066.0
au2510.SHFE,SHFE.au2510,2025-09-17 14:41:00,132864,835.48,835.58,835.34,835.48,323.0,97066.0,96963.0
au2510.SHFE,SHFE.au2510,2025-09-17 14:42:00,132865,835.48,835.66,835.42,835.54,321.0,96963.0,96876.0
au2510.SHFE,SHFE.au2510,2025-09-17 14:43:00,132866,835.54,835.6,835.34,835.48,440.0,96876.0,96707.0
au2510.SHFE,SHFE.au2510,2025-09-17 14:44:00,132867,835.48,835.5,834.72,834.78,762.0,96707.0,96540.0
au2510.SHFE,SHFE.au2510,2025-09-17 14:45:00,132868,834.78,835.12,834.4,834.9,761.0,96540.0,96533.0
au2510.SHFE,SHFE.au2510,2025-09-17 14:46:00,132869,834.9,835.1,834.86,835.08,361.0,96533.0,96524.0
au2510.SHFE,SHFE.au2510,2025-09-17 14:47:00,132870,835.08,835.36,834.98,834.98,382.0,96524.0,96450.0
au2510.SHFE,SHFE.au2510,2025-09-17 14:48:00,132871,834.98,834.98,834.6,834.66,551.0,96450.0,96471.0
au2510.SHFE,SHFE.au2510,2025-09-17 14:49:00,132872,834.66,834.66,834.16,834.4,745.0,96471.0,96496.0
au2510.SHFE,SHFE.au2510,2025-09-17 14:50:00,132873,834.4,835.0,834.4,835.0,431.0,96496.0,96433.0
au2510.SHFE,SHFE.au2510,2025-09-17 14:51:00,132874,835.0,835.4,834.98,835.32,377.0,96433.0,96336.0
au2510.SHFE,SHFE.au2510,2025-09-17 14:52:00,132875,835.32,835.32,835.16,835.18,186.0,96336.0,96282.0
au2510.SHFE,SHFE.au2510,2025-09-17 14:53:00,132876,835.18,835.52,835.18,835.38,296.0,96282.0,96255.0
au2510.SHFE,SHFE.au2510,2025-09-17 14:54:00,132877,835.38,835.48,835.3,835.48,189.0,96255.0,96220.0
au2510.SHFE,SHFE.au2510,2025-09-17 14:55:00,132878,835.48,835.6,835.38,835.46,237.0,96220.0,96179.0
au2510.SHFE,SHFE.au2510,2025-09-17 14:56:00,132879,835.46,835.48,835.24,835.3,232.0,96179.0,96152.0
au2510.SHFE,SHFE.au2510,2025-09-17 14:57:00,132880,835.3,835.3,835.04,835.12,205.0,96152.0,96104.0
au2510.SHFE,SHFE.au2510,2025-09-17 14:58:00,132881,835.12,835.32,835.12,835.28,204.0,96104.0,96081.0
au2510.SHFE,SHFE.au2510,2025-09-17 14:59:00,132882,835.28,835.28,835.0,835.08,389.0,96081.0,96007.0
au2510.SHFE,SHFE.au2510,2025-09-17 21:00:00,132883,835.34,835.9,835.12,835.3,1052.0,96007.0,95995.0
au2510.SHFE,SHFE.au2510,2025-09-17 21:01:00,132884,835.3,835.36,834.7,834.74,935.0,95995.0,95988.0
au2510.SHFE,SHFE.au2510,2025-09-17 21:02:00,132885,834.74,834.96,834.5,834.86,891.0,95988.0,95997.0
au2510.SHFE,SHFE.au2510,2025-09-17 21:03:00,132886,834.86,834.86,834.44,834.74,842.0,95997.0,96008.0
au2510.SHFE,SHFE.au2510,2025-09-17 21:04:00,132887,834.74,834.74,833.9,833.98,841.0,96008.0,96046.0
au2510.SHFE,SHFE.au2510,2025-09-17 21:05:00,132888,833.98,834.04,833.0,833.08,1298.0,96046.0,96052.0
au2510.SHFE,SHFE.au2510,2025-09-17 21:06:00,132889,833.08,833.88,832.46,833.78,1473.0,96052.0,95858.0
au2510.SHFE,SHFE.au2510,2025-09-17 21:07:00,132890,833.78,834.14,833.48,833.9,735.0,95858.0,95739.0
au2510.SHFE,SHFE.au2510,2025-09-17 21:08:00,132891,833.9,834.02,833.76,833.82,432.0,95739.0,95707.0
au2510.SHFE,SHFE.au2510,2025-09-17 21:09:00,132892,833.82,833.94,833.5,833.56,610.0,95707.0,95644.0
au2510.SHFE,SHFE.au2510,2025-09-17 21:10:00,132893,833.56,833.92,833.52,833.8,465.0,95644.0,95605.0
au2510.SHFE,SHFE.au2510,2025-09-17 21:11:00,132894,833.8,834.38,833.8,834.28,466.0,95605.0,95605.0
au2510.SHFE,SHFE.au2510,2025-09-17 21:12:00,132895,834.28,834.3,834.12,834.26,362.0,95605.0,95587.0
au2510.SHFE,SHFE.au2510,2025-09-17 21:13:00,132896,834.26,834.34,834.06,834.18,401.0,95587.0,95647.0
au2510.SHFE,SHFE.au2510,2025-09-17 21:14:00,132897,834.18,834.26,834.08,834.1,307.0,95647.0,95637.0
au2510.SHFE,SHFE.au2510,2025-09-17 21:15:00,132898,834.1,834.36,834.1,834.1,375.0,95637.0,95608.0
au2510.SHFE,SHFE.au2510,2025-09-17 21:16:00,132899,834.1,834.1,833.54,833.58,437.0,95608.0,95634.0
au2510.SHFE,SHFE.au2510,2025-09-17 21:17:00,132900,833.58,833.8,833.52,833.78,318.0,95634.0,95627.0
au2510.SHFE,SHFE.au2510,2025-09-17 21:18:00,132901,833.78,834.02,833.66,833.92,262.0,95627.0,95634.0
au2510.SHFE,SHFE.au2510,2025-09-17 21:19:00,132902,833.92,833.96,833.68,833.7,144.0,95634.0,95621.0
au2510.SHFE,SHFE.au2510,2025-09-17 21:20:00,132903,833.7,833.9,833.44,833.8,438.0,95621.0,95569.0
au2510.SHFE,SHFE.au2510,2025-09-17 21:21:00,132904,833.8,833.82,833.46,833.68,279.0,95569.0,95546.0
au2510.SHFE,SHFE.au2510,2025-09-17 21:22:00,132905,833.68,833.84,833.56,833.72,177.0,95546.0,95508.0
au2510.SHFE,SHFE.au2510,2025-09-17 21:23:00,132906,833.72,833.76,833.38,833.42,224.0,95508.0,95481.0
au2510.SHFE,SHFE.au2510,2025-09-17 21:24:00,132907,833.42,833.7,833.4,833.66,193.0,95481.0,95480.0
au2510.SHFE,SHFE.au2510,2025-09-17 21:25:00,132908,833.66,833.74,833.52,833.52,149.0,95480.0,95469.0
au2510.SHFE,SHFE.au2510,2025-09-17 21:26:00,132909,833.52,833.72,833.42,833.58,202.0,95469.0,95451.0
au2510.SHFE,SHFE.au2510,2025-09-17 21:27:00,132910,833.58,833.66,833.5,833.52,200.0,95451.0,95492.0
au2510.SHFE,SHFE.au2510,2025-09-17 21:28:00,132911,833.52,833.86,833.32,833.8,314.0,95492.0,95446.0
au2510.SHFE,SHFE.au2510,2025-09-17 21:29:00,132912,833.8,834.08,833.8,834.06,281.0,95446.0,95441.0
au2510.SHFE,SHFE.au2510,2025-09-17 21:30:00,132913,834.06,834.38,834.02,834.18,447.0,95441.0,95428.0
au2510.SHFE,SHFE.au2510,2025-09-17 21:31:00,132914,834.18,834.48,834.18,834.32,364.0,95428.0,95413.0
au2510.SHFE,SHFE.au2510,2025-09-17 21:32:00,132915,834.32,834.54,834.18,834.52,407.0,95413.0,95442.0
au2510.SHFE,SHFE.au2510,2025-09-17 21:33:00,132916,834.52,834.78,834.48,834.78,375.0,95442.0,95453.0
au2510.SHFE,SHFE.au2510,2025-09-17 21:34:00,132917,834.78,835.28,834.6,835.28,692.0,95453.0,95485.0
au2510.SHFE,SHFE.au2510,2025-09-17 21:35:00,132918,835.28,835.6,835.14,835.5,677.0,95485.0,95488.0
au2510.SHFE,SHFE.au2510,2025-09-17 21:36:00,132919,835.5,835.72,835.3,835.72,673.0,95488.0,95526.0
au2510.SHFE,SHFE.au2510,2025-09-17 21:37:00,132920,835.72,836.04,835.66,835.94,681.0,95526.0,95601.0
au2510.SHFE,SHFE.au2510,2025-09-17 21:38:00,132921,835.94,836.04,835.7,835.7,575.0,95601.0,95604.0
au2510.SHFE,SHFE.au2510,2025-09-17 21:39:00,132922,835.7,835.76,835.34,835.34,393.0,95604.0,95583.0
au2510.SHFE,SHFE.au2510,2025-09-17 21:40:00,132923,835.34,835.52,835.06,835.2,536.0,95583.0,95538.0
au2510.SHFE,SHFE.au2510,2025-09-17 21:41:00,132924,835.2,835.26,835.12,835.18,274.0,95538.0,95537.0
au2510.SHFE,SHFE.au2510,2025-09-17 21:42:00,132925,835.18,835.58,835.18,835.46,323.0,95537.0,95494.0
au2510.SHFE,SHFE.au2510,2025-09-17 21:43:00,132926,835.46,835.5,835.22,835.24,167.0,95494.0,95449.0
au2510.SHFE,SHFE.au2510,2025-09-17 21:44:00,132927,835.24,835.4,835.12,835.16,161.0,95449.0,95422.0
au2510.SHFE,SHFE.au2510,2025-09-17 21:45:00,132928,835.16,835.2,834.94,834.98,300.0,95422.0,95416.0
au2510.SHFE,SHFE.au2510,2025-09-17 21:46:00,132929,834.98,835.2,834.7,834.74,369.0,95416.0,95353.0
au2510.SHFE,SHFE.au2510,2025-09-17 21:47:00,132930,834.74,835.06,834.74,834.98,270.0,95353.0,95355.0
au2510.SHFE,SHFE.au2510,2025-09-17 21:48:00,132931,834.98,835.18,834.9,835.12,267.0,95355.0,95336.0
au2510.SHFE,SHFE.au2510,2025-09-17 21:49:00,132932,835.12,835.26,835.08,835.24,220.0,95336.0,95316.0
au2510.SHFE,SHFE.au2510,2025-09-17 21:50:00,132933,835.24,835.36,834.8,834.86,377.0,95316.0,95334.0
au2510.SHFE,SHFE.au2510,2025-09-17 21:51:00,132934,834.86,834.9,834.66,834.86,246.0,95334.0,95339.0
au2510.SHFE,SHFE.au2510,2025-09-17 21:52:00,132935,834.86,834.98,834.84,834.92,239.0,95339.0,95356.0
au2510.SHFE,SHFE.au2510,2025-09-17 21:53:00,132936,834.92,834.92,834.76,834.78,140.0,95356.0,95352.0
au2510.SHFE,SHFE.au2510,2025-09-17 21:54:00,132937,834.78,834.9,834.66,834.8,300.0,95352.0,95330.0
au2510.SHFE,SHFE.au2510,2025-09-17 21:55:00,132938,834.8,834.88,834.68,834.86,155.0,95330.0,95325.0
au2510.SHFE,SHFE.au2510,2025-09-17 21:56:00,132939,834.86,835.1,834.86,834.94,206.0,95325.0,95324.0
au2510.SHFE,SHFE.au2510,2025-09-17 21:57:00,132940,834.94,835.18,834.92,835.16,169.0,95324.0,95329.0
au2510.SHFE,SHFE.au2510,2025-09-17 21:58:00,132941,835.16,835.16,834.9,834.94,162.0,95329.0,95322.0
au2510.SHFE,SHFE.au2510,2025-09-17 21:59:00,132942,834.94,835.16,834.92,835.16,111.0,95322.0,95296.0
au2510.SHFE,SHFE.au2510,2025-09-17 22:00:00,132943,835.16,835.3,834.84,835.3,356.0,95296.0,95297.0
au2510.SHFE,SHFE.au2510,2025-09-17 22:01:00,132944,835.3,835.64,835.28,835.54,374.0,95297.0,95311.0
au2510.SHFE,SHFE.au2510,2025-09-17 22:02:00,132945,835.54,835.72,835.36,835.38,315.0,95311.0,95331.0
au2510.SHFE,SHFE.au2510,2025-09-17 22:03:00,132946,835.38,835.5,835.24,835.32,208.0,95331.0,95332.0
au2510.SHFE,SHFE.au2510,2025-09-17 22:04:00,132947,835.32,835.34,835.18,835.24,147.0,95332.0,95352.0
au2510.SHFE,SHFE.au2510,2025-09-17 22:05:00,132948,835.24,835.26,835.08,835.2,167.0,95352.0,95382.0
au2510.SHFE,SHFE.au2510,2025-09-17 22:06:00,132949,835.2,835.44,835.1,835.4,185.0,95382.0,95366.0
au2510.SHFE,SHFE.au2510,2025-09-17 22:07:00,132950,835.4,835.74,835.4,835.64,272.0,95366.0,95339.0
au2510.SHFE,SHFE.au2510,2025-09-17 22:08:00,132951,835.64,835.72,835.54,835.56,127.0,95339.0,95326.0
au2510.SHFE,SHFE.au2510,2025-09-17 22:09:00,132952,835.56,835.74,835.56,835.72,109.0,95326.0,95345.0
au2510.SHFE,SHFE.au2510,2025-09-17 22:10:00,132953,835.72,835.8,835.66,835.72,135.0,95345.0,95375.0
au2510.SHFE,SHFE.au2510,2025-09-17 22:11:00,132954,835.72,835.86,835.7,835.84,189.0,95375.0,95375.0
au2510.SHFE,SHFE.au2510,2025-09-17 22:12:00,132955,835.84,836.1,835.76,836.02,285.0,95375.0,95344.0
au2510.SHFE,SHFE.au2510,2025-09-17 22:13:00,132956,836.02,836.08,835.92,836.0,218.0,95344.0,95353.0
au2510.SHFE,SHFE.au2510,2025-09-17 22:14:00,132957,836.0,836.26,836.0,836.18,298.0,95353.0,95370.0
au2510.SHFE,SHFE.au2510,2025-09-17 22:15:00,132958,836.18,836.22,835.96,835.98,253.0,95370.0,95384.0
au2510.SHFE,SHFE.au2510,2025-09-17 22:16:00,132959,835.98,836.02,835.94,835.98,190.0,95384.0,95400.0
au2510.SHFE,SHFE.au2510,2025-09-17 22:17:00,132960,835.98,836.48,835.98,836.44,373.0,95400.0,95415.0
au2510.SHFE,SHFE.au2510,2025-09-17 22:18:00,132961,836.44,836.44,836.18,836.22,321.0,95415.0,95427.0
au2510.SHFE,SHFE.au2510,2025-09-17 22:19:00,132962,836.22,836.22,835.9,835.9,264.0,95427.0,95404.0
au2510.SHFE,SHFE.au2510,2025-09-17 22:20:00,132963,835.9,836.08,835.76,835.98,232.0,95404.0,95383.0
au2510.SHFE,SHFE.au2510,2025-09-17 22:21:00,132964,835.98,835.98,835.62,835.78,205.0,95383.0,95393.0
au2510.SHFE,SHFE.au2510,2025-09-17 22:22:00,132965,835.78,835.86,835.74,835.74,73.0,95393.0,95406.0
au2510.SHFE,SHFE.au2510,2025-09-17 22:23:00,132966,835.74,836.08,835.74,836.02,165.0,95406.0,95395.0
au2510.SHFE,SHFE.au2510,2025-09-17 22:24:00,132967,836.02,836.06,835.9,836.06,77.0,95395.0,95397.0
au2510.SHFE,SHFE.au2510,2025-09-17 22:25:00,132968,836.06,836.08,835.78,835.82,151.0,95397.0,95411.0
au2510.SHFE,SHFE.au2510,2025-09-17 22:26:00,132969,835.82,835.84,835.68,835.76,94.0,95411.0,95424.0
au2510.SHFE,SHFE.au2510,2025-09-17 22:27:00,132970,835.76,835.96,835.76,835.94,109.0,95424.0,95432.0
au2510.SHFE,SHFE.au2510,2025-09-17 22:28:00,132971,835.94,836.12,835.94,836.04,109.0,95432.0,95431.0
au2510.SHFE,SHFE.au2510,2025-09-17 22:29:00,132972,836.04,836.18,836.04,836.16,213.0,95431.0,95445.0
au2510.SHFE,SHFE.au2510,2025-09-17 22:30:00,132973,836.16,836.36,836.16,836.2,175.0,95445.0,95446.0
au2510.SHFE,SHFE.au2510,2025-09-17 22:31:00,132974,836.2,836.22,836.1,836.14,415.0,95446.0,95418.0
au2510.SHFE,SHFE.au2510,2025-09-17 22:32:00,132975,836.14,836.36,836.12,836.36,306.0,95418.0,95426.0
au2510.SHFE,SHFE.au2510,2025-09-17 22:33:00,132976,836.36,836.62,836.36,836.42,429.0,95426.0,95422.0
au2510.SHFE,SHFE.au2510,2025-09-17 22:34:00,132977,836.42,836.46,836.14,836.16,205.0,95422.0,95460.0
au2510.SHFE,SHFE.au2510,2025-09-17 22:35:00,132978,836.16,836.2,835.9,836.02,205.0,95460.0,95468.0
au2510.SHFE,SHFE.au2510,2025-09-17 22:36:00,132979,836.02,836.1,835.92,836.06,110.0,95468.0,95485.0
au2510.SHFE,SHFE.au2510,2025-09-17 22:37:00,132980,836.06,836.34,836.06,836.24,165.0,95485.0,95490.0
au2510.SHFE,SHFE.au2510,2025-09-17 22:38:00,132981,836.24,836.28,836.14,836.28,95.0,95490.0,95487.0
au2510.SHFE,SHFE.au2510,2025-09-17 22:39:00,132982,836.28,836.4,836.24,836.34,138.0,95487.0,95488.0
au2510.SHFE,SHFE.au2510,2025-09-17 22:40:00,132983,836.34,836.54,836.34,836.48,171.0,95488.0,95480.0
au2510.SHFE,SHFE.au2510,2025-09-17 22:41:00,132984,836.48,836.5,836.26,836.32,109.0,95480.0,95499.0
au2510.SHFE,SHFE.au2510,2025-09-17 22:42:00,132985,836.32,836.32,836.16,836.18,103.0,95499.0,95490.0
au2510.SHFE,SHFE.au2510,2025-09-17 22:43:00,132986,836.18,836.38,836.12,836.34,104.0,95490.0,95483.0
au2510.SHFE,SHFE.au2510,2025-09-17 22:44:00,132987,836.34,836.46,836.26,836.46,101.0,95483.0,95502.0
au2510.SHFE,SHFE.au2510,2025-09-17 22:45:00,132988,836.46,836.54,836.4,836.52,145.0,95502.0,95496.0
au2510.SHFE,SHFE.au2510,2025-09-17 22:46:00,132989,836.52,836.56,836.46,836.46,106.0,95496.0,95500.0
au2510.SHFE,SHFE.au2510,2025-09-17 22:47:00,132990,836.46,836.46,836.34,836.4,100.0,95500.0,95502.0
au2510.SHFE,SHFE.au2510,2025-09-17 22:48:00,132991,836.4,836.64,836.4,836.62,180.0,95502.0,95530.0
au2510.SHFE,SHFE.au2510,2025-09-17 22:49:00,132992,836.62,836.78,836.56,836.6,196.0,95530.0,95534.0
au2510.SHFE,SHFE.au2510,2025-09-17 22:50:00,132993,836.6,836.6,836.0,836.06,275.0,95534.0,95522.0
au2510.SHFE,SHFE.au2510,2025-09-17 22:51:00,132994,836.06,836.16,835.88,836.0,254.0,95522.0,95535.0
au2510.SHFE,SHFE.au2510,2025-09-17 22:52:00,132995,836.0,836.22,835.96,836.12,176.0,95535.0,95544.0
au2510.SHFE,SHFE.au2510,2025-09-17 22:53:00,132996,836.12,836.14,835.94,836.02,117.0,95544.0,95535.0
au2510.SHFE,SHFE.au2510,2025-09-17 22:54:00,132997,836.02,836.08,835.84,835.94,157.0,95535.0,95528.0
au2510.SHFE,SHFE.au2510,2025-09-17 22:55:00,132998,835.94,836.06,835.86,835.9,185.0,95528.0,95573.0
au2510.SHFE,SHFE.au2510,2025-09-17 22:56:00,132999,835.9,836.0,835.88,835.92,88.0,95573.0,95567.0
au2510.SHFE,SHFE.au2510,2025-09-17 22:57:00,133000,835.92,836.08,835.9,836.02,109.0,95567.0,95582.0
au2510.SHFE,SHFE.au2510,2025-09-17 22:58:00,133001,836.02,836.12,835.98,836.06,126.0,95582.0,95581.0
au2510.SHFE,SHFE.au2510,2025-09-17 22:59:00,133002,836.06,836.42,836.06,836.34,203.0,95581.0,95557.0
au2510.SHFE,SHFE.au2510,2025-09-17 23:00:00,133003,836.34,836.4,836.22,836.38,119.0,95557.0,95556.0
au2510.SHFE,SHFE.au2510,2025-09-17 23:01:00,133004,836.38,836.4,836.3,836.34,133.0,95556.0,95543.0
au2510.SHFE,SHFE.au2510,2025-09-17 23:02:00,133005,836.34,836.42,836.22,836.34,155.0,95543.0,95530.0
au2510.SHFE,SHFE.au2510,2025-09-17 23:03:00,133006,836.34,836.52,836.26,836.42,172.0,95530.0,95488.0
au2510.SHFE,SHFE.au2510,2025-09-17 23:04:00,133007,836.42,836.52,835.94,835.94,348.0,95488.0,95466.0
au2510.SHFE,SHFE.au2510,2025-09-17 23:05:00,133008,835.94,836.22,835.94,836.2,191.0,95466.0,95500.0
au2510.SHFE,SHFE.au2510,2025-09-17 23:06:00,133009,836.2,836.2,836.04,836.12,126.0,95500.0,95490.0
au2510.SHFE,SHFE.au2510,2025-09-17 23:07:00,133010,836.12,836.12,835.98,835.98,116.0,95490.0,95509.0
au2510.SHFE,SHFE.au2510,2025-09-17 23:08:00,133011,835.98,836.22,835.98,836.16,92.0,95509.0,95530.0
au2510.SHFE,SHFE.au2510,2025-09-17 23:09:00,133012,836.16,836.22,836.12,836.12,48.0,95530.0,95529.0
au2510.SHFE,SHFE.au2510,2025-09-17 23:10:00,133013,836.12,836.2,836.06,836.18,107.0,95529.0,95538.0
au2510.SHFE,SHFE.au2510,2025-09-17 23:11:00,133014,836.18,836.18,836.12,836.16,62.0,95538.0,95531.0
au2510.SHFE,SHFE.au2510,2025-09-17 23:12:00,133015,836.16,836.56,836.16,836.52,178.0,95531.0,95534.0
au2510.SHFE,SHFE.au2510,2025-09-17 23:13:00,133016,836.52,836.6,836.4,836.42,204.0,95534.0,95528.0
au2510.SHFE,SHFE.au2510,2025-09-17 23:14:00,133017,836.42,836.44,836.32,836.38,87.0,95528.0,95521.0
au2510.SHFE,SHFE.au2510,2025-09-17 23:15:00,133018,836.38,836.46,836.36,836.42,78.0,95521.0,95515.0
au2510.SHFE,SHFE.au2510,2025-09-17 23:16:00,133019,836.42,836.48,836.36,836.46,47.0,95515.0,95507.0
au2510.SHFE,SHFE.au2510,2025-09-17 23:17:00,133020,836.46,836.52,836.44,836.44,83.0,95507.0,95495.0
au2510.SHFE,SHFE.au2510,2025-09-17 23:18:00,133021,836.44,836.54,836.44,836.44,73.0,95495.0,95499.0
au2510.SHFE,SHFE.au2510,2025-09-17 23:19:00,133022,836.44,836.48,836.18,836.2,156.0,95499.0,95498.0
au2510.SHFE,SHFE.au2510,2025-09-17 23:20:00,133023,836.2,836.32,836.14,836.28,78.0,95498.0,95490.0
au2510.SHFE,SHFE.au2510,2025-09-17 23:21:00,133024,836.28,836.42,836.26,836.38,70.0,95490.0,95465.0
au2510.SHFE,SHFE.au2510,2025-09-17 23:22:00,133025,836.38,836.38,836.18,836.24,126.0,95465.0,95414.0
au2510.SHFE,SHFE.au2510,2025-09-17 23:23:00,133026,836.24,836.4,836.18,836.4,81.0,95414.0,95407.0
au2510.SHFE,SHFE.au2510,2025-09-17 23:24:00,133027,836.4,836.42,836.3,836.36,51.0,95407.0,95416.0
au2510.SHFE,SHFE.au2510,2025-09-17 23:25:00,133028,836.36,836.36,836.24,836.28,41.0,95416.0,95425.0
au2510.SHFE,SHFE.au2510,2025-09-17 23:26:00,133029,836.28,836.32,836.18,836.24,48.0,95425.0,95442.0
au2510.SHFE,SHFE.au2510,2025-09-17 23:27:00,133030,836.24,836.24,836.08,836.08,68.0,95442.0,95459.0
au2510.SHFE,SHFE.au2510,2025-09-17 23:28:00,133031,836.08,836.16,835.92,835.94,146.0,95459.0,95461.0
au2510.SHFE,SHFE.au2510,2025-09-17 23:29:00,133032,835.94,836.08,835.9,836.08,156.0,95461.0,95452.0
au2510.SHFE,SHFE.au2510,2025-09-17 23:30:00,133033,836.08,836.14,835.98,836.1,109.0,95452.0,95477.0
au2510.SHFE,SHFE.au2510,2025-09-17 23:31:00,133034,836.1,836.16,836.06,836.06,77.0,95477.0,95503.0
au2510.SHFE,SHFE.au2510,2025-09-17 23:32:00,133035,836.06,836.06,835.9,835.92,153.0,95503.0,95545.0
au2510.SHFE,SHFE.au2510,2025-09-17 23:33:00,133036,835.92,836.0,835.78,835.94,135.0,95545.0,95561.0
au2510.SHFE,SHFE.au2510,2025-09-17 23:34:00,133037,835.94,835.98,835.8,835.9,104.0,95561.0,95569.0
au2510.SHFE,SHFE.au2510,2025-09-17 23:35:00,133038,835.9,836.12,835.9,836.06,75.0,95569.0,95550.0
au2510.SHFE,SHFE.au2510,2025-09-17 23:36:00,133039,836.06,836.38,836.06,836.32,144.0,95550.0,95516.0
au2510.SHFE,SHFE.au2510,2025-09-17 23:37:00,133040,836.32,836.4,836.22,836.24,131.0,95516.0,95480.0
au2510.SHFE,SHFE.au2510,2025-09-17 23:38:00,133041,836.24,836.28,836.04,836.08,77.0,95480.0,95478.0
au2510.SHFE,SHFE.au2510,2025-09-17 23:39:00,133042,836.08,836.16,835.98,836.12,51.0,95478.0,95485.0
au2510.SHFE,SHFE.au2510,2025-09-17 23:40:00,133043,836.12,836.18,836.08,836.08,21.0,95485.0,95488.0
au2510.SHFE,SHFE.au2510,2025-09-17 23:41:00,133044,836.08,836.1,835.96,835.98,53.0,95488.0,95490.0
au2510.SHFE,SHFE.au2510,2025-09-17 23:42:00,133045,835.98,836.0,835.88,835.96,101.0,95490.0,95521.0
au2510.SHFE,SHFE.au2510,2025-09-17 23:43:00,133046,835.96,836.0,835.92,835.96,36.0,95521.0,95535.0
au2510.SHFE,SHFE.au2510,2025-09-17 23:44:00,133047,835.96,836.02,835.92,835.96,34.0,95535.0,95534.0
au2510.SHFE,SHFE.au2510,2025-09-17 23:45:00,133048,835.96,835.98,835.92,835.98,16.0,95534.0,95536.0
au2510.SHFE,SHFE.au2510,2025-09-17 23:46:00,133049,835.98,836.02,835.92,835.96,63.0,95536.0,95523.0
au2510.SHFE,SHFE.au2510,2025-09-17 23:47:00,133050,835.96,836.1,835.94,836.02,35.0,95523.0,95508.0
au2510.SHFE,SHFE.au2510,2025-09-17 23:48:00,133051,836.02,836.04,835.92,835.92,27.0,95508.0,95513.0
au2510.SHFE,SHFE.au2510,2025-09-17 23:49:00,133052,835.92,835.98,835.72,835.86,169.0,95513.0,95484.0
au2510.SHFE,SHFE.au2510,2025-09-17 23:50:00,133053,835.86,836.0,835.8,835.96,92.0,95484.0,95478.0
au2510.SHFE,SHFE.au2510,2025-09-17 23:51:00,133054,835.96,835.96,835.78,835.82,37.0,95478.0,95490.0
au2510.SHFE,SHFE.au2510,2025-09-17 23:52:00,133055,835.82,835.84,835.6,835.76,155.0,95490.0,95461.0
au2510.SHFE,SHFE.au2510,2025-09-17 23:53:00,133056,835.76,835.8,835.72,835.72,103.0,95461.0,95462.0
au2510.SHFE,SHFE.au2510,2025-09-17 23:54:00,133057,835.72,835.72,835.48,835.54,242.0,95462.0,95399.0
au2510.SHFE,SHFE.au2510,2025-09-17 23:55:00,133058,835.54,835.62,835.5,835.62,107.0,95399.0,95398.0
au2510.SHFE,SHFE.au2510,2025-09-17 23:56:00,133059,835.62,835.74,835.58,835.7,80.0,95398.0,95384.0
au2510.SHFE,SHFE.au2510,2025-09-17 23:57:00,133060,835.7,835.74,835.6,835.62,49.0,95384.0,95392.0
au2510.SHFE,SHFE.au2510,2025-09-17 23:58:00,133061,835.62,835.86,835.62,835.86,57.0,95392.0,95385.0
au2510.SHFE,SHFE.au2510,2025-09-17 23:59:00,133062,835.86,835.86,835.76,835.84,51.0,95385.0,95380.0
au2510.SHFE,SHFE.au2510,2025-09-18 00:00:00,133063,835.84,836.06,835.84,836.02,159.0,95380.0,95375.0
au2510.SHFE,SHFE.au2510,2025-09-18 00:01:00,133064,836.02,836.08,836.0,836.0,123.0,95375.0,95359.0
au2510.SHFE,SHFE.au2510,2025-09-18 00:02:00,133065,836.0,836.18,835.96,836.16,89.0,95359.0,95358.0
au2510.SHFE,SHFE.au2510,2025-09-18 00:03:00,133066,836.16,836.2,836.1,836.1,105.0,95358.0,95391.0
au2510.SHFE,SHFE.au2510,2025-09-18 00:04:00,133067,836.1,836.18,836.1,836.16,96.0,95391.0,95393.0
au2510.SHFE,SHFE.au2510,2025-09-18 00:05:00,133068,836.16,836.36,836.16,836.24,114.0,95393.0,95398.0
au2510.SHFE,SHFE.au2510,2025-09-18 00:06:00,133069,836.24,836.32,836.12,836.14,86.0,95398.0,95411.0
au2510.SHFE,SHFE.au2510,2025-09-18 00:07:00,133070,836.14,836.24,836.12,836.22,139.0,95411.0,95440.0
au2510.SHFE,SHFE.au2510,2025-09-18 00:08:00,133071,836.22,836.38,836.22,836.36,79.0,95440.0,95455.0
au2510.SHFE,SHFE.au2510,2025-09-18 00:09:00,133072,836.36,836.48,836.32,836.38,95.0,95455.0,95466.0
au2510.SHFE,SHFE.au2510,2025-09-18 00:10:00,133073,836.38,836.42,836.34,836.4,73.0,95466.0,95495.0
au2510.SHFE,SHFE.au2510,2025-09-18 00:11:00,133074,836.4,836.42,836.32,836.38,89.0,95495.0,95524.0
au2510.SHFE,SHFE.au2510,2025-09-18 00:12:00,133075,836.38,836.42,836.34,836.4,43.0,95524.0,95519.0
au2510.SHFE,SHFE.au2510,2025-09-18 00:13:00,133076,836.4,836.4,836.28,836.28,68.0,95519.0,95539.0
au2510.SHFE,SHFE.au2510,2025-09-18 00:14:00,133077,836.28,836.36,836.22,836.32,78.0,95539.0,95570.0
au2510.SHFE,SHFE.au2510,2025-09-18 00:15:00,133078,836.32,836.4,836.3,836.32,37.0,95570.0,95567.0
au2510.SHFE,SHFE.au2510,2025-09-18 00:16:00,133079,836.32,836.4,836.28,836.3,60.0,95567.0,95544.0
au2510.SHFE,SHFE.au2510,2025-09-18 00:17:00,133080,836.3,836.4,836.3,836.34,44.0,95544.0,95548.0
au2510.SHFE,SHFE.au2510,2025-09-18 00:18:00,133081,836.34,836.4,836.32,836.4,29.0,95548.0,95546.0
au2510.SHFE,SHFE.au2510,2025-09-18 00:19:00,133082,836.4,836.42,836.28,836.28,89.0,95546.0,95521.0
au2510.SHFE,SHFE.au2510,2025-09-18 00:20:00,133083,836.28,836.38,836.28,836.36,39.0,95521.0,95511.0
au2510.SHFE,SHFE.au2510,2025-09-18 00:21:00,133084,836.36,836.68,836.34,836.5,185.0,95511.0,95495.0
au2510.SHFE,SHFE.au2510,2025-09-18 00:22:00,133085,836.5,836.66,836.48,836.62,105.0,95495.0,95504.0
au2510.SHFE,SHFE.au2510,2025-09-18 00:23:00,133086,836.62,836.72,836.58,836.64,115.0,95504.0,95497.0
au2510.SHFE,SHFE.au2510,2025-09-18 00:24:00,133087,836.64,836.66,836.58,836.6,44.0,95497.0,95492.0
au2510.SHFE,SHFE.au2510,2025-09-18 00:25:00,133088,836.6,836.66,836.52,836.52,69.0,95492.0,95507.0
au2510.SHFE,SHFE.au2510,2025-09-18 00:26:00,133089,836.52,836.6,836.52,836.56,51.0,95507.0,95507.0
au2510.SHFE,SHFE.au2510,2025-09-18 00:27:00,133090,836.56,836.76,836.54,836.72,94.0,95507.0,95499.0
au2510.SHFE,SHFE.au2510,2025-09-18 00:28:00,133091,836.72,836.78,836.66,836.7,123.0,95499.0,95519.0
au2510.SHFE,SHFE.au2510,2025-09-18 00:29:00,133092,836.7,836.78,836.64,836.68,61.0,95519.0,95515.0
au2510.SHFE,SHFE.au2510,2025-09-18 00:30:00,133093,836.68,836.7,836.6,836.66,80.0,95515.0,95505.0
au2510.SHFE,SHFE.au2510,2025-09-18 00:31:00,133094,836.66,836.88,836.66,836.82,118.0,95505.0,95509.0
au2510.SHFE,SHFE.au2510,2025-09-18 00:32:00,133095,836.82,836.86,836.7,836.74,38.0,95509.0,95513.0
au2510.SHFE,SHFE.au2510,2025-09-18 00:33:00,133096,836.74,836.86,836.74,836.82,33.0,95513.0,95508.0
au2510.SHFE,SHFE.au2510,2025-09-18 00:34:00,133097,836.82,836.88,836.76,836.76,39.0,95508.0,95519.0
au2510.SHFE,SHFE.au2510,2025-09-18 00:35:00,133098,836.76,836.76,836.54,836.68,61.0,95519.0,95507.0
au2510.SHFE,SHFE.au2510,2025-09-18 00:36:00,133099,836.68,836.82,836.62,836.8,71.0,95507.0,95510.0
au2510.SHFE,SHFE.au2510,2025-09-18 00:37:00,133100,836.8,836.84,836.76,836.8,73.0,95510.0,95532.0
au2510.SHFE,SHFE.au2510,2025-09-18 00:38:00,133101,836.8,836.88,836.8,836.82,32.0,95532.0,95538.0
au2510.SHFE,SHFE.au2510,2025-09-18 00:39:00,133102,836.82,836.82,836.68,836.7,38.0,95538.0,95529.0
au2510.SHFE,SHFE.au2510,2025-09-18 00:40:00,133103,836.7,836.74,836.66,836.72,36.0,95529.0,95523.0
au2510.SHFE,SHFE.au2510,2025-09-18 00:41:00,133104,836.72,836.76,836.58,836.6,29.0,95523.0,95516.0
au2510.SHFE,SHFE.au2510,2025-09-18 00:42:00,133105,836.6,836.68,836.6,836.66,21.0,95516.0,95525.0
au2510.SHFE,SHFE.au2510,2025-09-18 00:43:00,133106,836.66,836.68,836.54,836.58,39.0,95525.0,95519.0
au2510.SHFE,SHFE.au2510,2025-09-18 00:44:00,133107,836.58,836.6,836.52,836.56,40.0,95519.0,95529.0
au2510.SHFE,SHFE.au2510,2025-09-18 00:45:00,133108,836.56,836.74,836.54,836.68,79.0,95529.0,95506.0
au2510.SHFE,SHFE.au2510,2025-09-18 00:46:00,133109,836.68,836.68,836.6,836.66,23.0,95506.0,95513.0
au2510.SHFE,SHFE.au2510,2025-09-18 00:47:00,133110,836.66,836.7,836.62,836.7,34.0,95513.0,95516.0
au2510.SHFE,SHFE.au2510,2025-09-18 00:48:00,133111,836.7,836.7,836.5,836.5,47.0,95516.0,95509.0
au2510.SHFE,SHFE.au2510,2025-09-18 00:49:00,133112,836.5,836.54,836.46,836.5,42.0,95509.0,95513.0
au2510.SHFE,SHFE.au2510,2025-09-18 00:50:00,133113,836.5,836.52,836.36,836.36,62.0,95513.0,95525.0
au2510.SHFE,SHFE.au2510,2025-09-18 00:51:00,133114,836.36,836.48,836.36,836.44,71.0,95525.0,95540.0
au2510.SHFE,SHFE.au2510,2025-09-18 00:52:00,133115,836.44,836.44,836.38,836.38,14.0,95540.0,95536.0
au2510.SHFE,SHFE.au2510,2025-09-18 00:53:00,133116,836.38,836.38,836.16,836.22,98.0,95536.0,95535.0
au2510.SHFE,SHFE.au2510,2025-09-18 00:54:00,133117,836.22,836.28,836.16,836.28,36.0,95535.0,95537.0
au2510.SHFE,SHFE.au2510,2025-09-18 00:55:00,133118,836.28,836.32,836.18,836.26,50.0,95537.0,95546.0
au2510.SHFE,SHFE.au2510,2025-09-18 00:56:00,133119,836.26,836.3,836.12,836.16,61.0,95546.0,95542.0
au2510.SHFE,SHFE.au2510,2025-09-18 00:57:00,133120,836.16,836.22,836.14,836.18,26.0,95542.0,95537.0
au2510.SHFE,SHFE.au2510,2025-09-18 00:58:00,133121,836.18,836.26,836.14,836.26,65.0,95537.0,95508.0
au2510.SHFE,SHFE.au2510,2025-09-18 00:59:00,133122,836.26,836.28,836.2,836.26,35.0,95508.0,95508.0
au2510.SHFE,SHFE.au2510,2025-09-18 01:00:00,133123,836.26,836.28,836.06,836.1,122.0,95508.0,95505.0
au2510.SHFE,SHFE.au2510,2025-09-18 01:01:00,133124,836.1,836.12,835.82,835.96,213.0,95505.0,95516.0
au2510.SHFE,SHFE.au2510,2025-09-18 01:02:00,133125,835.96,836.0,835.9,835.94,51.0,95516.0,95523.0
au2510.SHFE,SHFE.au2510,2025-09-18 01:03:00,133126,835.94,835.94,835.72,835.78,127.0,95523.0,95549.0
au2510.SHFE,SHFE.au2510,2025-09-18 01:04:00,133127,835.78,835.92,835.78,835.84,57.0,95549.0,95559.0
au2510.SHFE,SHFE.au2510,2025-09-18 01:05:00,133128,835.84,835.9,835.8,835.86,54.0,95559.0,95559.0
au2510.SHFE,SHFE.au2510,2025-09-18 01:06:00,133129,835.86,835.9,835.8,835.88,80.0,95559.0,95552.0
au2510.SHFE,SHFE.au2510,2025-09-18 01:07:00,133130,835.88,835.92,835.84,835.92,40.0,95552.0,95548.0
au2510.SHFE,SHFE.au2510,2025-09-18 01:08:00,133131,835.92,835.92,835.58,835.7,137.0,95548.0,95531.0
au2510.SHFE,SHFE.au2510,2025-09-18 01:09:00,133132,835.7,835.7,835.62,835.62,75.0,95531.0,95523.0
au2510.SHFE,SHFE.au2510,2025-09-18 01:10:00,133133,835.62,835.66,835.6,835.66,31.0,95523.0,95518.0
au2510.SHFE,SHFE.au2510,2025-09-18 01:11:00,133134,835.66,835.78,835.62,835.78,45.0,95518.0,95509.0
au2510.SHFE,SHFE.au2510,2025-09-18 01:12:00,133135,835.78,835.84,835.72,835.74,43.0,95509.0,95507.0
au2510.SHFE,SHFE.au2510,2025-09-18 01:13:00,133136,835.74,835.84,835.72,835.74,62.0,95507.0,95505.0
au2510.SHFE,SHFE.au2510,2025-09-18 01:14:00,133137,835.74,835.78,835.72,835.74,26.0,95505.0,95495.0
au2510.SHFE,SHFE.au2510,2025-09-18 01:15:00,133138,835.74,835.78,835.68,835.68,49.0,95495.0,95483.0
au2510.SHFE,SHFE.au2510,2025-09-18 01:16:00,133139,835.68,835.74,835.42,835.54,149.0,95483.0,95480.0
au2510.SHFE,SHFE.au2510,2025-09-18 01:17:00,133140,835.54,835.82,835.28,835.66,216.0,95480.0,95481.0
au2510.SHFE,SHFE.au2510,2025-09-18 01:18:00,133141,835.66,835.66,835.46,835.5,51.0,95481.0,95464.0
au2510.SHFE,SHFE.au2510,2025-09-18 01:19:00,133142,835.5,835.52,835.24,835.28,129.0,95464.0,95468.0
au2510.SHFE,SHFE.au2510,2025-09-18 01:20:00,133143,835.28,835.28,834.3,834.62,583.0,95468.0,95484.0
au2510.SHFE,SHFE.au2510,2025-09-18 01:21:00,133144,834.62,834.66,834.1,834.36,426.0,95484.0,95492.0
au2510.SHFE,SHFE.au2510,2025-09-18 01:22:00,133145,834.36,834.64,834.3,834.6,166.0,95492.0,95492.0
au2510.SHFE,SHFE.au2510,2025-09-18 01:23:00,133146,834.6,835.04,834.56,834.94,254.0,95492.0,95431.0
au2510.SHFE,SHFE.au2510,2025-09-18 01:24:00,133147,834.94,835.12,834.86,835.08,143.0,95431.0,95429.0
au2510.SHFE,SHFE.au2510,2025-09-18 01:25:00,133148,835.08,835.16,834.6,834.6,232.0,95429.0,95451.0
au2510.SHFE,SHFE.au2510,2025-09-18 01:26:00,133149,834.6,834.8,834.5,834.78,114.0,95451.0,95452.0
au2510.SHFE,SHFE.au2510,2025-09-18 01:27:00,133150,834.78,835.34,834.78,835.32,204.0,95452.0,95438.0
au2510.SHFE,SHFE.au2510,2025-09-18 01:28:00,133151,835.32,835.5,835.24,835.32,172.0,95438.0,95426.0
au2510.SHFE,SHFE.au2510,2025-09-18 01:29:00,133152,835.32,835.32,835.1,835.24,129.0,95426.0,95424.0
au2510.SHFE,SHFE.au2510,2025-09-18 01:30:00,133153,835.24,835.46,835.24,835.46,60.0,95424.0,95416.0
au2510.SHFE,SHFE.au2510,2025-09-18 01:31:00,133154,835.46,835.74,835.38,835.54,119.0,95416.0,95395.0
au2510.SHFE,SHFE.au2510,2025-09-18 01:32:00,133155,835.54,835.7,835.54,835.68,47.0,95395.0,95398.0
au2510.SHFE,SHFE.au2510,2025-09-18 01:33:00,133156,835.68,835.8,835.6,835.7,77.0,95398.0,95394.0
au2510.SHFE,SHFE.au2510,2025-09-18 01:34:00,133157,835.7,835.74,835.54,835.54,56.0,95394.0,95402.0
au2510.SHFE,SHFE.au2510,2025-09-18 01:35:00,133158,835.54,835.66,835.54,835.64,14.0,95402.0,95400.0
au2510.SHFE,SHFE.au2510,2025-09-18 01:36:00,133159,835.64,835.8,835.62,835.76,53.0,95400.0,95401.0
au2510.SHFE,SHFE.au2510,2025-09-18 01:37:00,133160,835.76,835.96,835.68,835.68,145.0,95401.0,95452.0
au2510.SHFE,SHFE.au2510,2025-09-18 01:38:00,133161,835.68,835.7,835.58,835.62,63.0,95452.0,95437.0
au2510.SHFE,SHFE.au2510,2025-09-18 01:39:00,133162,835.62,835.74,835.56,835.74,47.0,95437.0,95420.0
au2510.SHFE,SHFE.au2510,2025-09-18 01:40:00,133163,835.74,835.74,835.7,835.72,23.0,95420.0,95410.0
au2510.SHFE,SHFE.au2510,2025-09-18 01:41:00,133164,835.72,835.72,835.64,835.64,16.0,95410.0,95412.0
au2510.SHFE,SHFE.au2510,2025-09-18 01:42:00,133165,835.64,835.68,835.58,835.64,37.0,95412.0,95409.0
au2510.SHFE,SHFE.au2510,2025-09-18 01:43:00,133166,835.64,835.68,835.62,835.66,38.0,95409.0,95392.0
au2510.SHFE,SHFE.au2510,2025-09-18 01:44:00,133167,835.66,835.88,835.66,835.84,80.0,95392.0,95383.0
au2510.SHFE,SHFE.au2510,2025-09-18 01:45:00,133168,835.84,836.04,835.82,835.92,100.0,95383.0,95384.0
au2510.SHFE,SHFE.au2510,2025-09-18 01:46:00,133169,835.92,836.3,835.92,836.28,170.0,95384.0,95387.0
au2510.SHFE,SHFE.au2510,2025-09-18 01:47:00,133170,836.28,836.5,836.2,836.38,273.0,95387.0,95368.0
au2510.SHFE,SHFE.au2510,2025-09-18 01:48:00,133171,836.38,836.42,836.32,836.32,44.0,95368.0,95363.0
au2510.SHFE,SHFE.au2510,2025-09-18 01:49:00,133172,836.32,836.36,836.18,836.28,104.0,95363.0,95338.0
au2510.SHFE,SHFE.au2510,2025-09-18 01:50:00,133173,836.28,836.46,836.24,836.34,72.0,95338.0,95331.0
au2510.SHFE,SHFE.au2510,2025-09-18 01:51:00,133174,836.34,836.4,836.14,836.18,72.0,95331.0,95319.0
au2510.SHFE,SHFE.au2510,2025-09-18 01:52:00,133175,836.18,836.38,836.18,836.28,116.0,95319.0,95265.0
au2510.SHFE,SHFE.au2510,2025-09-18 01:53:00,133176,836.28,836.4,836.28,836.38,58.0,95265.0,95256.0
au2510.SHFE,SHFE.au2510,2025-09-18 01:54:00,133177,836.38,836.68,836.34,836.66,129.0,95256.0,95228.0
au2510.SHFE,SHFE.au2510,2025-09-18 01:55:00,133178,836.66,836.78,836.62,836.78,81.0,95228.0,95216.0
au2510.SHFE,SHFE.au2510,2025-09-18 01:56:00,133179,836.78,836.88,836.7,836.8,172.0,95216.0,95225.0
au2510.SHFE,SHFE.au2510,2025-09-18 01:57:00,133180,836.8,836.9,836.56,836.72,158.0,95225.0,95224.0
au2510.SHFE,SHFE.au2510,2025-09-18 01:58:00,133181,836.72,836.94,836.72,836.92,90.0,95224.0,95222.0
au2510.SHFE,SHFE.au2510,2025-09-18 01:59:00,133182,836.92,837.3,836.72,836.8,399.0,95222.0,95186.0
au2510.SHFE,SHFE.au2510,2025-09-18 02:00:00,133183,836.8,839.0,834.1,834.1,3125.0,95186.0,95383.0
au2510.SHFE,SHFE.au2510,2025-09-18 02:01:00,133184,834.1,834.1,827.0,832.72,5088.0,95383.0,95248.0
au2510.SHFE,SHFE.au2510,2025-09-18 02:02:00,133185,832.72,834.92,831.44,834.8,2549.0,95248.0,95257.0
au2510.SHFE,SHFE.au2510,2025-09-18 02:03:00,133186,834.8,835.66,833.0,835.6,1986.0,95257.0,95290.0
au2510.SHFE,SHFE.au2510,2025-09-18 02:04:00,133187,835.6,836.52,834.4,835.06,2088.0,95290.0,95390.0
au2510.SHFE,SHFE.au2510,2025-09-18 02:05:00,133188,835.06,835.98,834.72,834.84,919.0,95390.0,95399.0
au2510.SHFE,SHFE.au2510,2025-09-18 02:06:00,133189,834.84,835.88,834.84,835.0,991.0,95399.0,95452.0
au2510.SHFE,SHFE.au2510,2025-09-18 02:07:00,133190,835.0,836.32,834.88,835.98,895.0,95452.0,95429.0
au2510.SHFE,SHFE.au2510,2025-09-18 02:08:00,133191,835.98,838.02,835.88,838.02,1237.0,95429.0,95406.0
au2510.SHFE,SHFE.au2510,2025-09-18 02:09:00,133192,838.02,838.92,837.38,838.5,1988.0,95406.0,95428.0
au2510.SHFE,SHFE.au2510,2025-09-18 02:10:00,133193,838.5,838.76,837.4,837.72,1251.0,95428.0,95423.0
au2510.SHFE,SHFE.au2510,2025-09-18 02:11:00,133194,837.72,838.18,836.7,837.14,1311.0,95423.0,95433.0
au2510.SHFE,SHFE.au2510,2025-09-18 02:12:00,133195,837.14,837.26,836.06,836.16,1234.0,95433.0,95420.0
au2510.SHFE,SHFE.au2510,2025-09-18 02:13:00,133196,836.16,836.28,835.14,835.9,1328.0,95420.0,95373.0
au2510.SHFE,SHFE.au2510,2025-09-18 02:14:00,133197,835.9,836.02,834.0,834.26,1170.0,95373.0,95313.0
au2510.SHFE,SHFE.au2510,2025-09-18 02:15:00,133198,834.26,835.24,832.46,835.0,1791.0,95313.0,95286.0
au2510.SHFE,SHFE.au2510,2025-09-18 02:16:00,133199,835.0,835.48,833.4,833.82,1220.0,95286.0,95312.0
au2510.SHFE,SHFE.au2510,2025-09-18 02:17:00,133200,833.82,834.34,833.36,833.36,840.0,95312.0,95319.0
au2510.SHFE,SHFE.au2510,2025-09-18 02:18:00,133201,833.36,834.78,833.32,834.78,965.0,95319.0,95302.0
au2510.SHFE,SHFE.au2510,2025-09-18 02:19:00,133202,834.78,835.26,834.1,834.32,901.0,95302.0,95294.0
au2510.SHFE,SHFE.au2510,2025-09-18 02:20:00,133203,834.32,834.56,833.6,833.66,940.0,95294.0,95273.0
au2510.SHFE,SHFE.au2510,2025-09-18 02:21:00,133204,833.66,833.68,832.82,833.4,1189.0,95273.0,95121.0
au2510.SHFE,SHFE.au2510,2025-09-18 02:22:00,133205,833.4,833.98,833.36,833.62,558.0,95121.0,95118.0
au2510.SHFE,SHFE.au2510,2025-09-18 02:23:00,133206,833.62,833.66,833.12,833.42,696.0,95118.0,95126.0
au2510.SHFE,SHFE.au2510,2025-09-18 02:24:00,133207,833.42,833.88,833.18,833.6,678.0,95126.0,95063.0
au2510.SHFE,SHFE.au2510,2025-09-18 02:25:00,133208,833.6,833.76,833.34,833.54,570.0,95063.0,95001.0
au2510.SHFE,SHFE.au2510,2025-09-18 02:26:00,133209,833.54,833.66,833.14,833.18,587.0,95001.0,94883.0
au2510.SHFE,SHFE.au2510,2025-09-18 02:27:00,133210,833.18,833.24,832.56,832.64,538.0,94883.0,94896.0
au2510.SHFE,SHFE.au2510,2025-09-18 02:28:00,133211,832.64,832.84,832.4,832.6,574.0,94896.0,94920.0
au2510.SHFE,SHFE.au2510,2025-09-18 02:29:00,133212,832.6,832.76,832.34,832.64,669.0,94920.0,94845.0
au2510.SHFE,SHFE.au2510,2025-09-18 09:00:00,133213,830.0,831.56,829.92,831.44,1890.0,94845.0,94789.0
au2510.SHFE,SHFE.au2510,2025-09-18 09:01:00,133214,831.44,831.84,830.56,830.76,1512.0,94789.0,94918.0
au2510.SHFE,SHFE.au2510,2025-09-18 09:02:00,133215,830.76,830.8,830.12,830.68,1370.0,94918.0,95040.0
au2510.SHFE,SHFE.au2510,2025-09-18 09:03:00,133216,830.68,830.68,829.44,829.46,1348.0,95040.0,95236.0
au2510.SHFE,SHFE.au2510,2025-09-18 09:04:00,133217,829.46,829.9,829.02,829.72,1582.0,95236.0,95347.0
au2510.SHFE,SHFE.au2510,2025-09-18 09:05:00,133218,829.72,829.74,828.74,829.06,1538.0,95347.0,95399.0
au2510.SHFE,SHFE.au2510,2025-09-18 09:06:00,133219,829.06,829.52,828.9,829.34,1118.0,95399.0,95448.0
au2510.SHFE,SHFE.au2510,2025-09-18 09:07:00,133220,829.34,829.44,828.9,829.06,977.0,95448.0,95464.0
au2510.SHFE,SHFE.au2510,2025-09-18 09:08:00,133221,829.06,829.36,828.42,828.48,1140.0,95464.0,95361.0
au2510.SHFE,SHFE.au2510,2025-09-18 09:09:00,133222,828.48,829.22,828.46,829.2,953.0,95361.0,95247.0
au2510.SHFE,SHFE.au2510,2025-09-18 09:10:00,133223,829.2,829.28,828.18,828.22,1119.0,95247.0,95068.0
au2510.SHFE,SHFE.au2510,2025-09-18 09:11:00,133224,828.22,828.5,827.78,828.28,1048.0,95068.0,95063.0
au2510.SHFE,SHFE.au2510,2025-09-18 09:12:00,133225,828.28,828.98,828.28,828.9,646.0,95063.0,94955.0
au2510.SHFE,SHFE.au2510,2025-09-18 09:13:00,133226,828.9,828.94,828.7,828.76,697.0,94955.0,94892.0
au2510.SHFE,SHFE.au2510,2025-09-18 09:14:00,133227,828.76,829.3,828.7,829.18,671.0,94892.0,94860.0
au2510.SHFE,SHFE.au2510,2025-09-18 09:15:00,133228,829.18,829.18,828.5,828.52,1085.0,94860.0,94910.0
au2510.SHFE,SHFE.au2510,2025-09-18 09:16:00,133229,828.52,828.9,828.32,828.9,734.0,94910.0,94841.0
au2510.SHFE,SHFE.au2510,2025-09-18 09:17:00,133230,828.9,829.1,828.58,828.62,474.0,94841.0,94826.0
au2510.SHFE,SHFE.au2510,2025-09-18 09:18:00,133231,828.62,828.82,828.48,828.74,481.0,94826.0,94788.0
au2510.SHFE,SHFE.au2510,2025-09-18 09:19:00,133232,828.74,828.74,828.28,828.3,728.0,94788.0,94777.0
au2510.SHFE,SHFE.au2510,2025-09-18 09:20:00,133233,828.3,828.74,828.28,828.6,541.0,94777.0,94732.0
au2510.SHFE,SHFE.au2510,2025-09-18 09:21:00,133234,828.6,829.1,828.6,828.84,692.0,94732.0,94663.0
au2510.SHFE,SHFE.au2510,2025-09-18 09:22:00,133235,828.84,828.92,828.42,828.92,632.0,94663.0,94526.0
au2510.SHFE,SHFE.au2510,2025-09-18 09:23:00,133236,828.92,829.16,828.7,828.74,588.0,94526.0,94412.0
au2510.SHFE,SHFE.au2510,2025-09-18 09:24:00,133237,828.74,829.0,828.66,829.0,555.0,94412.0,94224.0
au2510.SHFE,SHFE.au2510,2025-09-18 09:25:00,133238,829.0,829.52,828.96,829.5,797.0,94224.0,94199.0
au2510.SHFE,SHFE.au2510,2025-09-18 09:26:00,133239,829.5,829.9,829.48,829.68,818.0,94199.0,94094.0
au2510.SHFE,SHFE.au2510,2025-09-18 09:27:00,133240,829.68,830.26,829.6,830.14,858.0,94094.0,94100.0
au2510.SHFE,SHFE.au2510,2025-09-18 09:28:00,133241,830.14,830.14,829.7,829.74,497.0,94100.0,94027.0
au2510.SHFE,SHFE.au2510,2025-09-18 09:29:00,133242,829.74,829.88,829.58,829.6,351.0,94027.0,93989.0
au2510.SHFE,SHFE.au2510,2025-09-18 09:30:00,133243,829.6,829.92,829.56,829.78,469.0,93989.0,93928.0
au2510.SHFE,SHFE.au2510,2025-09-18 09:31:00,133244,829.78,829.78,829.22,829.28,591.0,93928.0,93856.0
au2510.SHFE,SHFE.au2510,2025-09-18 09:32:00,133245,829.28,829.44,829.1,829.38,463.0,93856.0,93854.0
au2510.SHFE,SHFE.au2510,2025-09-18 09:33:00,133246,829.38,829.54,829.2,829.54,393.0,93854.0,93790.0
au2510.SHFE,SHFE.au2510,2025-09-18 09:34:00,133247,829.54,829.8,829.46,829.62,376.0,93790.0,93727.0
au2510.SHFE,SHFE.au2510,2025-09-18 09:35:00,133248,829.62,829.62,829.24,829.3,374.0,93727.0,93661.0
au2510.SHFE,SHFE.au2510,2025-09-18 09:36:00,133249,829.3,829.42,829.0,829.32,566.0,93661.0,93513.0
au2510.SHFE,SHFE.au2510,2025-09-18 09:37:00,133250,829.32,829.32,829.08,829.12,292.0,93513.0,93426.0
au2510.SHFE,SHFE.au2510,2025-09-18 09:38:00,133251,829.12,829.74,829.0,829.68,600.0,93426.0,93361.0
au2510.SHFE,SHFE.au2510,2025-09-18 09:39:00,133252,829.68,830.2,829.64,830.2,692.0,93361.0,93379.0
au2510.SHFE,SHFE.au2510,2025-09-18 09:40:00,133253,830.2,830.6,830.2,830.56,534.0,93379.0,93327.0
au2510.SHFE,SHFE.au2510,2025-09-18 09:41:00,133254,830.56,830.6,830.2,830.28,497.0,93327.0,93350.0
au2510.SHFE,SHFE.au2510,2025-09-18 09:42:00,133255,830.28,830.34,829.94,829.98,406.0,93350.0,93285.0
au2510.SHFE,SHFE.au2510,2025-09-18 09:43:00,133256,829.98,830.16,829.66,830.0,475.0,93285.0,93202.0
au2510.SHFE,SHFE.au2510,2025-09-18 09:44:00,133257,830.0,830.2,829.98,830.2,326.0,93202.0,93210.0
au2510.SHFE,SHFE.au2510,2025-09-18 09:45:00,133258,830.2,830.28,829.98,830.14,362.0,93210.0,93147.0
au2510.SHFE,SHFE.au2510,2025-09-18 09:46:00,133259,830.14,830.24,829.68,830.2,381.0,93147.0,93066.0
au2510.SHFE,SHFE.au2510,2025-09-18 09:47:00,133260,830.2,830.56,830.08,830.38,266.0,93066.0,93020.0
au2510.SHFE,SHFE.au2510,2025-09-18 09:48:00,133261,830.38,830.44,830.16,830.42,278.0,93020.0,93005.0
au2510.SHFE,SHFE.au2510,2025-09-18 09:49:00,133262,830.42,830.72,830.4,830.68,293.0,93005.0,92999.0
au2510.SHFE,SHFE.au2510,2025-09-18 09:50:00,133263,830.68,831.2,830.64,830.98,418.0,92999.0,92993.0
au2510.SHFE,SHFE.au2510,2025-09-18 09:51:00,133264,830.98,831.04,830.78,831.02,318.0,92993.0,93004.0
au2510.SHFE,SHFE.au2510,2025-09-18 09:52:00,133265,831.02,831.22,830.88,831.04,330.0,93004.0,92970.0
au2510.SHFE,SHFE.au2510,2025-09-18 09:53:00,133266,831.04,831.04,830.72,830.72,292.0,92970.0,92959.0
au2510.SHFE,SHFE.au2510,2025-09-18 09:54:00,133267,830.72,830.8,830.46,830.76,700.0,92959.0,92907.0
au2510.SHFE,SHFE.au2510,2025-09-18 09:55:00,133268,830.76,830.78,830.6,830.62,645.0,92907.0,92864.0
au2510.SHFE,SHFE.au2510,2025-09-18 09:56:00,133269,830.62,830.8,830.56,830.8,636.0,92864.0,92865.0
au2510.SHFE,SHFE.au2510,2025-09-18 09:57:00,133270,830.8,830.9,830.66,830.78,151.0,92865.0,92849.0
au2510.SHFE,SHFE.au2510,2025-09-18 09:58:00,133271,830.78,831.08,830.76,831.02,254.0,92849.0,92870.0
au2510.SHFE,SHFE.au2510,2025-09-18 09:59:00,133272,831.02,831.1,830.9,831.02,211.0,92870.0,92835.0
au2510.SHFE,SHFE.au2510,2025-09-18 10:00:00,133273,831.02,831.14,830.78,830.88,341.0,92835.0,92762.0
au2510.SHFE,SHFE.au2510,2025-09-18 10:01:00,133274,830.88,831.18,830.88,831.14,177.0,92762.0,92734.0
au2510.SHFE,SHFE.au2510,2025-09-18 10:02:00,133275,831.14,831.2,830.94,831.16,199.0,92734.0,92728.0
au2510.SHFE,SHFE.au2510,2025-09-18 10:03:00,133276,831.16,831.18,831.04,831.06,129.0,92728.0,92685.0
au2510.SHFE,SHFE.au2510,2025-09-18 10:04:00,133277,831.06,831.18,831.02,831.14,126.0,92685.0,92682.0
au2510.SHFE,SHFE.au2510,2025-09-18 10:05:00,133278,831.14,831.54,831.1,831.5,266.0,92682.0,92667.0
au2510.SHFE,SHFE.au2510,2025-09-18 10:06:00,133279,831.5,832.1,831.5,831.9,564.0,92667.0,92649.0
au2510.SHFE,SHFE.au2510,2025-09-18 10:07:00,133280,831.9,832.46,831.9,832.46,381.0,92649.0,92577.0
au2510.SHFE,SHFE.au2510,2025-09-18 10:08:00,133281,832.46,832.64,832.14,832.24,479.0,92577.0,92526.0
au2510.SHFE,SHFE.au2510,2025-09-18 10:09:00,133282,832.24,832.38,831.84,831.96,421.0,92526.0,92451.0
au2510.SHFE,SHFE.au2510,2025-09-18 10:10:00,133283,831.96,832.48,831.96,832.4,313.0,92451.0,92420.0
au2510.SHFE,SHFE.au2510,2025-09-18 10:11:00,133284,832.4,832.78,832.36,832.76,304.0,92420.0,92368.0
au2510.SHFE,SHFE.au2510,2025-09-18 10:12:00,133285,832.76,832.78,832.44,832.7,275.0,92368.0,92320.0
au2510.SHFE,SHFE.au2510,2025-09-18 10:13:00,133286,832.7,832.78,832.54,832.56,292.0,92320.0,92274.0
au2510.SHFE,SHFE.au2510,2025-09-18 10:14:00,133287,832.56,832.96,832.54,832.8,288.0,92274.0,92217.0
au2510.SHFE,SHFE.au2510,2025-09-18 10:30:00,133288,832.76,832.8,832.3,832.62,945.0,92217.0,92134.0
au2510.SHFE,SHFE.au2510,2025-09-18 10:31:00,133289,832.62,832.72,832.46,832.62,522.0,92134.0,92172.0
au2510.SHFE,SHFE.au2510,2025-09-18 10:32:00,133290,832.62,833.02,832.54,832.94,505.0,92172.0,92135.0
au2510.SHFE,SHFE.au2510,2025-09-18 10:33:00,133291,832.94,832.98,832.3,832.42,584.0,92135.0,92162.0
au2510.SHFE,SHFE.au2510,2025-09-18 10:34:00,133292,832.42,832.42,832.12,832.22,386.0,92162.0,92171.0
au2510.SHFE,SHFE.au2510,2025-09-18 10:35:00,133293,832.22,832.38,832.06,832.2,356.0,92171.0,92138.0
au2510.SHFE,SHFE.au2510,2025-09-18 10:36:00,133294,832.2,832.2,831.7,831.8,569.0,92138.0,92126.0
au2510.SHFE,SHFE.au2510,2025-09-18 10:37:00,133295,831.8,832.2,831.62,832.16,429.0,92126.0,92088.0
au2510.SHFE,SHFE.au2510,2025-09-18 10:38:00,133296,832.16,832.38,832.04,832.38,199.0,92088.0,92070.0
au2510.SHFE,SHFE.au2510,2025-09-18 10:39:00,133297,832.38,832.94,832.38,832.84,307.0,92070.0,92075.0
au2510.SHFE,SHFE.au2510,2025-09-18 10:40:00,133298,832.84,832.94,832.66,832.66,235.0,92075.0,92093.0
au2510.SHFE,SHFE.au2510,2025-09-18 10:41:00,133299,832.66,832.66,832.42,832.48,176.0,92093.0,92093.0
au2510.SHFE,SHFE.au2510,2025-09-18 10:42:00,133300,832.48,832.58,832.32,832.34,193.0,92093.0,92127.0
au2510.SHFE,SHFE.au2510,2025-09-18 10:43:00,133301,832.34,832.44,832.2,832.3,105.0,92127.0,92117.0
au2510.SHFE,SHFE.au2510,2025-09-18 10:44:00,133302,832.3,832.48,832.28,832.36,143.0,92117.0,92111.0
au2510.SHFE,SHFE.au2510,2025-09-18 10:45:00,133303,832.36,832.66,832.3,832.52,186.0,92111.0,92135.0
au2510.SHFE,SHFE.au2510,2025-09-18 10:46:00,133304,832.52,832.68,832.42,832.68,171.0,92135.0,92121.0
au2510.SHFE,SHFE.au2510,2025-09-18 10:47:00,133305,832.68,832.7,832.56,832.64,117.0,92121.0,92118.0
au2510.SHFE,SHFE.au2510,2025-09-18 10:48:00,133306,832.64,832.7,832.6,832.66,88.0,92118.0,92112.0
au2510.SHFE,SHFE.au2510,2025-09-18 10:49:00,133307,832.66,832.8,832.62,832.7,125.0,92112.0,92108.0
au2510.SHFE,SHFE.au2510,2025-09-18 10:50:00,133308,832.7,832.72,832.56,832.62,158.0,92108.0,92095.0
au2510.SHFE,SHFE.au2510,2025-09-18 10:51:00,133309,832.62,832.72,832.56,832.58,134.0,92095.0,92096.0
au2510.SHFE,SHFE.au2510,2025-09-18 10:52:00,133310,832.58,832.68,832.5,832.6,93.0,92096.0,92074.0
au2510.SHFE,SHFE.au2510,2025-09-18 10:53:00,133311,832.6,832.64,832.4,832.6,246.0,92074.0,92092.0
au2510.SHFE,SHFE.au2510,2025-09-18 10:54:00,133312,832.6,832.76,832.46,832.76,121.0,92092.0,92081.0
au2510.SHFE,SHFE.au2510,2025-09-18 10:55:00,133313,832.76,832.82,832.64,832.76,154.0,92081.0,92080.0
au2510.SHFE,SHFE.au2510,2025-09-18 10:56:00,133314,832.76,832.94,832.72,832.74,196.0,92080.0,92046.0
au2510.SHFE,SHFE.au2510,2025-09-18 10:57:00,133315,832.74,832.86,832.72,832.76,170.0,92046.0,92003.0
au2510.SHFE,SHFE.au2510,2025-09-18 10:58:00,133316,832.76,832.88,832.74,832.88,101.0,92003.0,91991.0
au2510.SHFE,SHFE.au2510,2025-09-18 10:59:00,133317,832.88,832.94,832.64,832.68,249.0,91991.0,91983.0
au2510.SHFE,SHFE.au2510,2025-09-18 11:00:00,133318,832.68,832.86,832.62,832.86,135.0,91983.0,91954.0
au2510.SHFE,SHFE.au2510,2025-09-18 11:01:00,133319,832.86,832.9,832.52,832.54,209.0,91954.0,91896.0
au2510.SHFE,SHFE.au2510,2025-09-18 11:02:00,133320,832.54,832.54,832.14,832.24,331.0,91896.0,91829.0
au2510.SHFE,SHFE.au2510,2025-09-18 11:03:00,133321,832.24,832.3,831.94,831.94,355.0,91829.0,91809.0
au2510.SHFE,SHFE.au2510,2025-09-18 11:04:00,133322,831.94,832.22,831.84,832.1,264.0,91809.0,91802.0
au2510.SHFE,SHFE.au2510,2025-09-18 11:05:00,133323,832.1,832.14,831.82,831.84,136.0,91802.0,91802.0
au2510.SHFE,SHFE.au2510,2025-09-18 11:06:00,133324,831.84,831.96,831.76,831.8,255.0,91802.0,91774.0
au2510.SHFE,SHFE.au2510,2025-09-18 11:07:00,133325,831.8,831.8,831.38,831.66,390.0,91774.0,91766.0
au2510.SHFE,SHFE.au2510,2025-09-18 11:08:00,133326,831.66,831.98,831.66,831.96,197.0,91766.0,91742.0
au2510.SHFE,SHFE.au2510,2025-09-18 11:09:00,133327,831.96,832.04,831.84,832.0,174.0,91742.0,91715.0
au2510.SHFE,SHFE.au2510,2025-09-18 11:10:00,133328,832.0,832.24,831.92,832.24,174.0,91715.0,91695.0
au2510.SHFE,SHFE.au2510,2025-09-18 11:11:00,133329,832.24,832.24,832.04,832.08,149.0,91695.0,91662.0
au2510.SHFE,SHFE.au2510,2025-09-18 11:12:00,133330,832.08,832.18,831.98,832.08,93.0,91662.0,91639.0
au2510.SHFE,SHFE.au2510,2025-09-18 11:13:00,133331,832.08,832.14,831.94,832.1,116.0,91639.0,91611.0
au2510.SHFE,SHFE.au2510,2025-09-18 11:14:00,133332,832.1,832.14,831.96,831.96,82.0,91611.0,91609.0
au2510.SHFE,SHFE.au2510,2025-09-18 11:15:00,133333,831.96,832.08,831.88,831.98,128.0,91609.0,91585.0
au2510.SHFE,SHFE.au2510,2025-09-18 11:16:00,133334,831.98,831.98,831.9,831.9,75.0,91585.0,91554.0
au2510.SHFE,SHFE.au2510,2025-09-18 11:17:00,133335,831.9,831.96,831.84,831.86,98.0,91554.0,91521.0
au2510.SHFE,SHFE.au2510,2025-09-18 11:18:00,133336,831.86,831.88,831.54,831.58,336.0,91521.0,91531.0
au2510.SHFE,SHFE.au2510,2025-09-18 11:19:00,133337,831.58,831.7,831.42,831.52,277.0,91531.0,91519.0
au2510.SHFE,SHFE.au2510,2025-09-18 11:20:00,133338,831.52,831.62,831.46,831.56,108.0,91519.0,91504.0
au2510.SHFE,SHFE.au2510,2025-09-18 11:21:00,133339,831.56,831.68,831.54,831.62,103.0,91504.0,91459.0
au2510.SHFE,SHFE.au2510,2025-09-18 11:22:00,133340,831.62,831.66,831.58,831.64,54.0,91459.0,91462.0
au2510.SHFE,SHFE.au2510,2025-09-18 11:23:00,133341,831.64,831.64,831.52,831.6,51.0,91462.0,91453.0
au2510.SHFE,SHFE.au2510,2025-09-18 11:24:00,133342,831.6,831.6,831.46,831.5,105.0,91453.0,91424.0
au2510.SHFE,SHFE.au2510,2025-09-18 11:25:00,133343,831.5,831.6,831.5,831.6,196.0,91424.0,91437.0
au2510.SHFE,SHFE.au2510,2025-09-18 11:26:00,133344,831.6,831.76,831.6,831.68,119.0,91437.0,91416.0
au2510.SHFE,SHFE.au2510,2025-09-18 11:27:00,133345,831.68,831.74,831.6,831.64,153.0,91416.0,91358.0
au2510.SHFE,SHFE.au2510,2025-09-18 11:28:00,133346,831.64,831.68,831.62,831.66,38.0,91358.0,91354.0
au2510.SHFE,SHFE.au2510,2025-09-18 11:29:00,133347,831.66,831.88,831.6,831.82,123.0,91354.0,91319.0
au2510.SHFE,SHFE.au2510,2025-09-18 13:30:00,133348,831.24,831.24,830.68,830.86,528.0,91319.0,91321.0
au2510.SHFE,SHFE.au2510,2025-09-18 13:31:00,133349,830.86,831.12,830.66,830.66,386.0,91321.0,91259.0
au2510.SHFE,SHFE.au2510,2025-09-18 13:32:00,133350,830.66,830.92,830.66,830.82,250.0,91259.0,91269.0
au2510.SHFE,SHFE.au2510,2025-09-18 13:33:00,133351,830.82,830.92,830.7,830.74,211.0,91269.0,91244.0
au2510.SHFE,SHFE.au2510,2025-09-18 13:34:00,133352,830.74,830.76,830.12,830.26,522.0,91244.0,91217.0
au2510.SHFE,SHFE.au2510,2025-09-18 13:35:00,133353,830.26,830.26,829.72,829.8,621.0,91217.0,91185.0
au2510.SHFE,SHFE.au2510,2025-09-18 13:36:00,133354,829.8,829.96,829.58,829.88,772.0,91185.0,91152.0
au2510.SHFE,SHFE.au2510,2025-09-18 13:37:00,133355,829.88,829.96,829.5,829.68,396.0,91152.0,91128.0
au2510.SHFE,SHFE.au2510,2025-09-18 13:38:00,133356,829.68,829.68,829.18,829.18,571.0,91128.0,91060.0
au2510.SHFE,SHFE.au2510,2025-09-18 13:39:00,133357,829.18,829.18,828.7,829.1,921.0,91060.0,91071.0
au2510.SHFE,SHFE.au2510,2025-09-18 13:40:00,133358,829.1,829.34,828.94,829.2,370.0,91071.0,91098.0
au2510.SHFE,SHFE.au2510,2025-09-18 13:41:00,133359,829.2,829.36,828.76,828.9,490.0,91098.0,91167.0
au2510.SHFE,SHFE.au2510,2025-09-18 13:42:00,133360,828.9,829.22,828.7,828.7,295.0,91167.0,91145.0
au2510.SHFE,SHFE.au2510,2025-09-18 13:43:00,133361,828.7,829.14,828.62,829.1,414.0,91145.0,91169.0
au2510.SHFE,SHFE.au2510,2025-09-18 13:44:00,133362,829.1,829.3,829.06,829.22,195.0,91169.0,91182.0
au2510.SHFE,SHFE.au2510,2025-09-18 13:45:00,133363,829.22,829.26,828.96,829.02,211.0,91182.0,91160.0
au2510.SHFE,SHFE.au2510,2025-09-18 13:46:00,133364,829.02,829.46,828.98,829.32,320.0,91160.0,91144.0
au2510.SHFE,SHFE.au2510,2025-09-18 13:47:00,133365,829.32,829.34,828.8,828.86,351.0,91144.0,91143.0
au2510.SHFE,SHFE.au2510,2025-09-18 13:48:00,133366,828.86,829.06,828.76,828.92,244.0,91143.0,91133.0
au2510.SHFE,SHFE.au2510,2025-09-18 13:49:00,133367,828.92,828.98,828.78,828.94,168.0,91133.0,91111.0
au2510.SHFE,SHFE.au2510,2025-09-18 13:50:00,133368,828.94,828.94,828.76,828.88,242.0,91111.0,91065.0
au2510.SHFE,SHFE.au2510,2025-09-18 13:51:00,133369,828.88,829.04,828.66,828.92,381.0,91065.0,91041.0
au2510.SHFE,SHFE.au2510,2025-09-18 13:52:00,133370,828.92,829.08,828.82,828.96,335.0,91041.0,91038.0
au2510.SHFE,SHFE.au2510,2025-09-18 13:53:00,133371,828.96,829.0,828.68,828.74,202.0,91038.0,91047.0
au2510.SHFE,SHFE.au2510,2025-09-18 13:54:00,133372,828.74,828.88,828.22,828.48,548.0,91047.0,91065.0
au2510.SHFE,SHFE.au2510,2025-09-18 13:55:00,133373,828.48,828.76,828.42,828.76,410.0,91065.0,91009.0
au2510.SHFE,SHFE.au2510,2025-09-18 13:56:00,133374,828.76,828.9,828.68,828.74,275.0,91009.0,90999.0
au2510.SHFE,SHFE.au2510,2025-09-18 13:57:00,133375,828.74,828.9,828.6,828.6,204.0,90999.0,90964.0
au2510.SHFE,SHFE.au2510,2025-09-18 13:58:00,133376,828.6,828.66,828.52,828.58,118.0,90964.0,90960.0
au2510.SHFE,SHFE.au2510,2025-09-18 13:59:00,133377,828.58,828.76,828.54,828.7,211.0,90960.0,90965.0
au2510.SHFE,SHFE.au2510,2025-09-18 14:00:00,133378,828.7,828.86,828.4,828.4,298.0,90965.0,90937.0
au2510.SHFE,SHFE.au2510,2025-09-18 14:01:00,133379,828.4,828.7,828.06,828.12,515.0,90937.0,90967.0
au2510.SHFE,SHFE.au2510,2025-09-18 14:02:00,133380,828.12,828.18,827.86,827.96,697.0,90967.0,90984.0
au2510.SHFE,SHFE.au2510,2025-09-18 14:03:00,133381,827.96,828.06,827.16,827.16,635.0,90984.0,90938.0
au2510.SHFE,SHFE.au2510,2025-09-18 14:04:00,133382,827.16,827.48,826.68,826.74,884.0,90938.0,90893.0
au2510.SHFE,SHFE.au2510,2025-09-18 14:05:00,133383,826.74,826.74,825.52,825.66,1881.0,90893.0,90620.0
au2510.SHFE,SHFE.au2510,2025-09-18 14:06:00,133384,825.66,826.68,825.66,826.62,895.0,90620.0,90579.0
au2510.SHFE,SHFE.au2510,2025-09-18 14:07:00,133385,826.62,826.7,825.98,826.34,707.0,90579.0,90550.0
au2510.SHFE,SHFE.au2510,2025-09-18 14:08:00,133386,826.34,826.6,825.9,825.9,779.0,90550.0,90434.0
au2510.SHFE,SHFE.au2510,2025-09-18 14:09:00,133387,825.9,826.16,825.8,825.8,635.0,90434.0,90406.0
au2510.SHFE,SHFE.au2510,2025-09-18 14:10:00,133388,825.8,825.98,824.24,824.5,1788.0,90406.0,90368.0
au2510.SHFE,SHFE.au2510,2025-09-18 14:11:00,133389,824.5,825.56,824.5,825.16,1306.0,90368.0,90145.0
au2510.SHFE,SHFE.au2510,2025-09-18 14:12:00,133390,825.16,825.4,824.8,825.02,794.0,90145.0,90063.0
au2510.SHFE,SHFE.au2510,2025-09-18 14:13:00,133391,825.02,825.84,824.66,825.6,843.0,90063.0,89913.0
au2510.SHFE,SHFE.au2510,2025-09-18 14:14:00,133392,825.6,825.8,825.26,825.3,512.0,89913.0,89908.0
au2510.SHFE,SHFE.au2510,2025-09-18 14:15:00,133393,825.3,825.52,825.0,825.24,584.0,89908.0,89828.0
au2510.SHFE,SHFE.au2510,2025-09-18 14:16:00,133394,825.24,825.84,825.18,825.78,441.0,89828.0,89806.0
au2510.SHFE,SHFE.au2510,2025-09-18 14:17:00,133395,825.78,825.8,824.72,824.8,591.0,89806.0,89797.0
au2510.SHFE,SHFE.au2510,2025-09-18 14:18:00,133396,824.8,825.02,824.42,824.84,641.0,89797.0,89805.0
au2510.SHFE,SHFE.au2510,2025-09-18 14:19:00,133397,824.84,825.3,824.54,825.16,421.0,89805.0,89824.0
au2510.SHFE,SHFE.au2510,2025-09-18 14:20:00,133398,825.16,825.66,825.1,825.22,517.0,89824.0,89695.0
au2510.SHFE,SHFE.au2510,2025-09-18 14:21:00,133399,825.22,825.4,825.0,825.08,425.0,89695.0,89645.0
au2510.SHFE,SHFE.au2510,2025-09-18 14:22:00,133400,825.08,825.18,824.5,824.58,541.0,89645.0,89602.0
au2510.SHFE,SHFE.au2510,2025-09-18 14:23:00,133401,824.58,824.7,823.96,824.38,1257.0,89602.0,89548.0
au2510.SHFE,SHFE.au2510,2025-09-18 14:24:00,133402,824.38,824.78,824.12,824.78,560.0,89548.0,89449.0
au2510.SHFE,SHFE.au2510,2025-09-18 14:25:00,133403,824.78,824.84,824.44,824.56,532.0,89449.0,89298.0
au2510.SHFE,SHFE.au2510,2025-09-18 14:26:00,133404,824.56,824.76,824.32,824.5,441.0,89298.0,89239.0
au2510.SHFE,SHFE.au2510,2025-09-18 14:27:00,133405,824.5,824.76,824.42,824.7,297.0,89239.0,89189.0
au2510.SHFE,SHFE.au2510,2025-09-18 14:28:00,133406,824.7,825.3,824.7,825.24,438.0,89189.0,89153.0
au2510.SHFE,SHFE.au2510,2025-09-18 14:29:00,133407,825.24,825.78,825.22,825.36,510.0,89153.0,89051.0
au2510.SHFE,SHFE.au2510,2025-09-18 14:30:00,133408,825.36,825.58,825.08,825.08,407.0,89051.0,89004.0
au2510.SHFE,SHFE.au2510,2025-09-18 14:31:00,133409,825.08,825.36,824.86,825.28,300.0,89004.0,88969.0
au2510.SHFE,SHFE.au2510,2025-09-18 14:32:00,133410,825.28,825.44,825.16,825.34,274.0,88969.0,88927.0
au2510.SHFE,SHFE.au2510,2025-09-18 14:33:00,133411,825.34,825.38,825.24,825.28,226.0,88927.0,88869.0
au2510.SHFE,SHFE.au2510,2025-09-18 14:34:00,133412,825.28,825.58,825.22,825.48,339.0,88869.0,88837.0
au2510.SHFE,SHFE.au2510,2025-09-18 14:35:00,133413,825.48,825.8,825.08,825.08,377.0,88837.0,88798.0
au2510.SHFE,SHFE.au2510,2025-09-18 14:36:00,133414,825.08,825.14,824.72,824.94,364.0,88798.0,88775.0
au2510.SHFE,SHFE.au2510,2025-09-18 14:37:00,133415,824.94,825.06,824.78,824.78,216.0,88775.0,88757.0
au2510.SHFE,SHFE.au2510,2025-09-18 14:38:00,133416,824.78,824.82,824.5,824.62,346.0,88757.0,88723.0
au2510.SHFE,SHFE.au2510,2025-09-18 14:39:00,133417,824.62,824.94,824.42,824.82,240.0,88723.0,88656.0
au2510.SHFE,SHFE.au2510,2025-09-18 14:40:00,133418,824.82,824.82,824.28,824.44,352.0,88656.0,88615.0
au2510.SHFE,SHFE.au2510,2025-09-18 14:41:00,133419,824.44,824.54,824.24,824.42,186.0,88615.0,88574.0
au2510.SHFE,SHFE.au2510,2025-09-18 14:42:00,133420,824.42,824.52,824.34,824.4,176.0,88574.0,88519.0
au2510.SHFE,SHFE.au2510,2025-09-18 14:43:00,133421,824.4,824.66,824.28,824.62,271.0,88519.0,88488.0
au2510.SHFE,SHFE.au2510,2025-09-18 14:44:00,133422,824.62,824.76,824.54,824.6,238.0,88488.0,88474.0
au2510.SHFE,SHFE.au2510,2025-09-18 14:45:00,133423,824.6,824.96,824.58,824.68,296.0,88474.0,88428.0
au2510.SHFE,SHFE.au2510,2025-09-18 14:46:00,133424,824.68,824.84,824.66,824.82,288.0,88428.0,88405.0
au2510.SHFE,SHFE.au2510,2025-09-18 14:47:00,133425,824.82,825.0,824.52,824.74,417.0,88405.0,88355.0
au2510.SHFE,SHFE.au2510,2025-09-18 14:48:00,133426,824.74,824.92,824.64,824.68,264.0,88355.0,88266.0
au2510.SHFE,SHFE.au2510,2025-09-18 14:49:00,133427,824.68,824.68,824.46,824.64,254.0,88266.0,88227.0
au2510.SHFE,SHFE.au2510,2025-09-18 14:50:00,133428,824.64,824.7,824.3,824.56,339.0,88227.0,88162.0
au2510.SHFE,SHFE.au2510,2025-09-18 14:51:00,133429,824.56,824.8,824.5,824.68,207.0,88162.0,88150.0
au2510.SHFE,SHFE.au2510,2025-09-18 14:52:00,133430,824.68,824.84,824.68,824.78,220.0,88150.0,88104.0
au2510.SHFE,SHFE.au2510,2025-09-18 14:53:00,133431,824.78,824.86,824.56,824.64,183.0,88104.0,88111.0
au2510.SHFE,SHFE.au2510,2025-09-18 14:54:00,133432,824.64,824.8,824.64,824.74,142.0,88111.0,88091.0
au2510.SHFE,SHFE.au2510,2025-09-18 14:55:00,133433,824.74,824.8,824.68,824.78,186.0,88091.0,88055.0
au2510.SHFE,SHFE.au2510,2025-09-18 14:56:00,133434,824.78,824.78,824.3,824.38,323.0,88055.0,88007.0
au2510.SHFE,SHFE.au2510,2025-09-18 14:57:00,133435,824.38,824.5,824.26,824.3,352.0,88007.0,87974.0
au2510.SHFE,SHFE.au2510,2025-09-18 14:58:00,133436,824.3,824.48,824.3,824.48,304.0,87974.0,87907.0
